<?xml version='1.0' encoding='UTF-8' standalone='no'?>
<section xmlns="http://docbook.org/ns/docbook" version="5.0" xmlns:xlink="http://www.w3.org/1999/xlink" xml:id="__base_category_8h_source" xml:lang="en-US">
<title>BaseCategory.h</title>
<indexterm><primary>TinyLib/Base/BaseCategory.h</primary></indexterm>
Go to the documentation of this file.<programlisting linenumbering="unnumbered"><anchor xml:id="__base_category_8h_source_1l00001"/>00001 <emphasis role="comment">//&#32;The&#32;base&#32;category&#32;contains&#32;types&#32;and&#32;classes&#32;that&#32;are&#32;very&#32;often&#32;used</emphasis>
<anchor xml:id="__base_category_8h_source_1l00002"/>00002 <emphasis role="comment">//&#32;through-out&#32;the&#32;entire&#32;library&#32;itself,&#32;they&#32;are&#32;also&#32;available&#32;to&#32;the&#32;user.</emphasis>
<anchor xml:id="__base_category_8h_source_1l00003"/>00003 <emphasis role="preprocessor">#pragma&#32;once</emphasis>
<anchor xml:id="__base_category_8h_source_1l00004"/>00004 
<anchor xml:id="__base_category_8h_source_1l00005"/>00005 <emphasis role="preprocessor">#include&#32;&quot;<link linkend="__types_8h">Types.h</link>&quot;</emphasis>
<anchor xml:id="__base_category_8h_source_1l00006"/>00006 <emphasis role="preprocessor">#include&#32;&quot;<link linkend="__time_8h">Time.h</link>&quot;</emphasis>
<anchor xml:id="__base_category_8h_source_1l00007"/>00007 <emphasis role="preprocessor">#include&#32;&quot;<link linkend="__vector_8h">Vector.h</link>&quot;</emphasis>
<anchor xml:id="__base_category_8h_source_1l00008"/>00008 <emphasis role="preprocessor">#include&#32;&quot;<link linkend="__memory_8h">Memory.h</link>&quot;</emphasis>
<anchor xml:id="__base_category_8h_source_1l00009"/>00009 <emphasis role="preprocessor">#include&#32;&quot;<link linkend="__util_8h">Util.h</link>&quot;</emphasis>
</programlisting></section>
