<?xml version='1.0' encoding='UTF-8' standalone='no'?>
<section xmlns="http://docbook.org/ns/docbook" version="5.0" xmlns:xlink="http://www.w3.org/1999/xlink" xml:id="__console_8h_source" xml:lang="en-US">
<title>Console.h</title>
<indexterm><primary>TinyLib/Console/Console.h</primary></indexterm>
Go to the documentation of this file.<programlisting linenumbering="unnumbered"><anchor xml:id="__console_8h_source_1l00001"/>00001 <emphasis role="preprocessor">#pragma&#32;once</emphasis>
<anchor xml:id="__console_8h_source_1l00002"/>00002 <emphasis role="preprocessor">#include&#32;&quot;<link linkend="__win_a_p_i_8h">../Base/Win/WinAPI.h</link>&quot;</emphasis>
<anchor xml:id="__console_8h_source_1l00003"/>00003 <emphasis role="preprocessor">#include&#32;&quot;<link linkend="__base_category_8h">../Base/BaseCategory.h</link>&quot;</emphasis>
<anchor xml:id="__console_8h_source_1l00004"/>00004 
<anchor xml:id="__console_8h_source_1l00005"/>00005 
<anchor xml:id="__console_8h_source_1l00006"/>00006 <emphasis role="keyword">namespace&#32;</emphasis><link linkend="_namespacetl">tl</link>
<anchor xml:id="__console_8h_source_1l00007"/>00007 {
<anchor xml:id="__console_8h_source_1l00008"/><link linkend="_classtl_1_1_console">00008</link> &#32;&#32;&#32;&#32;<emphasis role="keyword">class&#32;</emphasis><link linkend="_classtl_1_1_console">Console</link>
<anchor xml:id="__console_8h_source_1l00009"/>00009 &#32;&#32;&#32;&#32;{
<anchor xml:id="__console_8h_source_1l00010"/>00010 &#32;&#32;&#32;&#32;<emphasis role="keyword">public</emphasis>:
<anchor xml:id="__console_8h_source_1l00011"/>00011 &#32;&#32;&#32;&#32;&#32;&#32;&#32;&#32;<link linkend="_classtl_1_1_console_1ac0c7008acd6d093950b86703b4b5de12">Console</link>();
<anchor xml:id="__console_8h_source_1l00012"/>00012 &#32;&#32;&#32;&#32;&#32;&#32;&#32;&#32;<link linkend="_classtl_1_1_console_1a3a77a1046ea91222aea9725d64420bff">~Console</link>();
<anchor xml:id="__console_8h_source_1l00013"/>00013 
<anchor xml:id="__console_8h_source_1l00014"/>00014 &#32;&#32;&#32;&#32;&#32;&#32;&#32;&#32;<emphasis role="keywordtype">void</emphasis>&#32;<link linkend="_classtl_1_1_console_1a28cbea123d31ecac8d40bc7a85ba2038">create</link>();
<anchor xml:id="__console_8h_source_1l00015"/>00015 &#32;&#32;&#32;&#32;&#32;&#32;&#32;&#32;<emphasis role="keywordtype">void</emphasis>&#32;<link linkend="_classtl_1_1_console_1ab3d7e7bb288351089364bd2f90087ba8">close</link>();
<anchor xml:id="__console_8h_source_1l00016"/>00016 &#32;&#32;&#32;&#32;&#32;&#32;&#32;&#32;<emphasis role="keywordtype">void</emphasis>&#32;<link linkend="_classtl_1_1_console_1a2664a8eef4e6510ccd4890f2d0bc8d57">print</link>(<emphasis role="keyword">const</emphasis>&#32;<emphasis role="keywordtype">char</emphasis>*);
<anchor xml:id="__console_8h_source_1l00017"/>00017 &#32;&#32;&#32;&#32;&#32;&#32;&#32;&#32;<emphasis role="keywordtype">void</emphasis>&#32;<link linkend="_classtl_1_1_console_1ab1b9665ba361a679f9c08ab4572d1669">println</link>(<emphasis role="keyword">const</emphasis>&#32;<emphasis role="keywordtype">char</emphasis>*);
<anchor xml:id="__console_8h_source_1l00018"/>00018 &#32;&#32;&#32;&#32;&#32;&#32;&#32;&#32;<emphasis role="keywordtype">void</emphasis>&#32;<link linkend="_classtl_1_1_console_1a2664a8eef4e6510ccd4890f2d0bc8d57">print</link>(<link linkend="_namespacetl_1a027b49b4b1bb51bafeac7cac614cbf51">u32</link>);
<anchor xml:id="__console_8h_source_1l00019"/>00019 &#32;&#32;&#32;&#32;&#32;&#32;&#32;&#32;<emphasis role="keywordtype">void</emphasis>&#32;<link linkend="_classtl_1_1_console_1ab1b9665ba361a679f9c08ab4572d1669">println</link>(<link linkend="_namespacetl_1a027b49b4b1bb51bafeac7cac614cbf51">u32</link>);
<anchor xml:id="__console_8h_source_1l00020"/>00020 &#32;&#32;&#32;&#32;&#32;&#32;&#32;&#32;<emphasis role="keywordtype">void</emphasis>&#32;<link linkend="_classtl_1_1_console_1a0b4ecfd95f4b4d11f84a2ff8d2047c7d">clear</link>();
<anchor xml:id="__console_8h_source_1l00021"/>00021 &#32;&#32;&#32;&#32;&#32;&#32;&#32;&#32;<emphasis role="keywordtype">void</emphasis>&#32;<link linkend="_classtl_1_1_console_1a4264551a1d9018934ffe9d3046a9b31c">set</link>(<link linkend="_namespacetl_1a7d0bc20d8f81c8896790b9438e88bfb9">u8</link>);
<anchor xml:id="__console_8h_source_1l00022"/>00022 &#32;&#32;&#32;&#32;&#32;&#32;&#32;&#32;<link linkend="_namespacetl_1a4c8bdcbc2193d28b2c445bc8e895d6cd">bit</link>&#32;<link linkend="_classtl_1_1_console_1ae4d0cfc755e22969589c1e746594333a">isOpen</link>();
<anchor xml:id="__console_8h_source_1l00023"/>00023 
<anchor xml:id="__console_8h_source_1l00024"/>00024 &#32;&#32;&#32;&#32;&#32;&#32;&#32;&#32;<emphasis role="keyword">enum</emphasis>
<anchor xml:id="__console_8h_source_1l00025"/>00025 &#32;&#32;&#32;&#32;&#32;&#32;&#32;&#32;{
<anchor xml:id="__console_8h_source_1l00026"/><link linkend="_classtl_1_1_console_1a38a9fa2929a4729faaf8115beaf57247a3329fdffb6147c571e247eeac0d3df82">00026</link> &#32;&#32;&#32;&#32;&#32;&#32;&#32;&#32;&#32;&#32;&#32;&#32;<link linkend="_classtl_1_1_console_1a38a9fa2929a4729faaf8115beaf57247a3329fdffb6147c571e247eeac0d3df82">Default</link>&#32;=&#32;0,
<anchor xml:id="__console_8h_source_1l00027"/><link linkend="_classtl_1_1_console_1a38a9fa2929a4729faaf8115beaf57247a64adb1d58c397edebef237f579be0364">00027</link> &#32;&#32;&#32;&#32;&#32;&#32;&#32;&#32;&#32;&#32;&#32;&#32;<link linkend="_classtl_1_1_console_1a38a9fa2929a4729faaf8115beaf57247a64adb1d58c397edebef237f579be0364">Dec</link>&#32;=&#32;1,
<anchor xml:id="__console_8h_source_1l00028"/>00028 &#32;&#32;&#32;&#32;&#32;&#32;&#32;&#32;&#32;&#32;&#32;&#32;<link linkend="_classtl_1_1_console_1a38a9fa2929a4729faaf8115beaf57247a0e555b0fc424baadfbb68139c4553498">Hex</link>&#32;=&#32;2
<anchor xml:id="__console_8h_source_1l00029"/><link linkend="_classtl_1_1_console_1a38a9fa2929a4729faaf8115beaf57247a0e555b0fc424baadfbb68139c4553498">00029</link> &#32;&#32;&#32;&#32;&#32;&#32;&#32;&#32;};
<anchor xml:id="__console_8h_source_1l00030"/>00030 
<anchor xml:id="__console_8h_source_1l00031"/>00031 &#32;&#32;&#32;&#32;<emphasis role="keyword">private</emphasis>:
<anchor xml:id="__console_8h_source_1l00032"/>00032 &#32;&#32;&#32;&#32;&#32;&#32;&#32;&#32;HANDLE&#32;stdOut;
<anchor xml:id="__console_8h_source_1l00033"/>00033 &#32;&#32;&#32;&#32;&#32;&#32;&#32;&#32;<link linkend="_namespacetl_1a4c8bdcbc2193d28b2c445bc8e895d6cd">bit</link>&#32;hexMode&#32;=&#32;<emphasis role="keyword">false</emphasis>;
<anchor xml:id="__console_8h_source_1l00034"/>00034 &#32;&#32;&#32;&#32;};
<anchor xml:id="__console_8h_source_1l00035"/>00035 }
</programlisting></section>
