<?xml version='1.0' encoding='UTF-8' standalone='no'?>
<section xmlns="http://docbook.org/ns/docbook" version="5.0" xmlns:xlink="http://www.w3.org/1999/xlink" xml:id="__drawable_8h_source" xml:lang="en-US">
<title>Drawable.h</title>
<indexterm><primary>TinyLib/Graphics/Drawable.h</primary></indexterm>
Go to the documentation of this file.<programlisting linenumbering="unnumbered"><anchor xml:id="__drawable_8h_source_1l00001"/>00001 <emphasis role="preprocessor">#pragma&#32;once</emphasis>
<anchor xml:id="__drawable_8h_source_1l00002"/>00002 <emphasis role="preprocessor">#include&#32;&quot;<link linkend="__types_8h">../Base/Types.h</link>&quot;</emphasis>
<anchor xml:id="__drawable_8h_source_1l00003"/>00003 <emphasis role="preprocessor">#include&#32;&quot;<link linkend="__win_a_p_i_8h">../Base/Win/WinAPI.h</link>&quot;</emphasis>
<anchor xml:id="__drawable_8h_source_1l00004"/>00004 
<anchor xml:id="__drawable_8h_source_1l00005"/>00005 
<anchor xml:id="__drawable_8h_source_1l00006"/>00006 <emphasis role="keyword">namespace&#32;</emphasis><link linkend="_namespacetl">tl</link>
<anchor xml:id="__drawable_8h_source_1l00007"/>00007 {
<anchor xml:id="__drawable_8h_source_1l00008"/>00008 &#32;&#32;<emphasis role="comment">//&#32;Forward&#32;declaration&#32;for&#32;the&#32;window&#32;intersect.</emphasis>
<anchor xml:id="__drawable_8h_source_1l00009"/>00009 &#32;&#32;<emphasis role="keyword">class&#32;</emphasis>Window;
<anchor xml:id="__drawable_8h_source_1l00010"/>00010 
<anchor xml:id="__drawable_8h_source_1l00011"/><link linkend="_classtl_1_1_drawable">00011</link> &#32;&#32;<emphasis role="keyword">class&#32;</emphasis><link linkend="_classtl_1_1_drawable">Drawable</link>
<anchor xml:id="__drawable_8h_source_1l00012"/>00012 &#32;&#32;{
<anchor xml:id="__drawable_8h_source_1l00013"/>00013 &#32;&#32;&#32;&#32;<emphasis role="keyword">public</emphasis>:
<anchor xml:id="__drawable_8h_source_1l00014"/>00014 &#32;&#32;&#32;&#32;&#32;&#32;<link linkend="_classtl_1_1_drawable_1a30ea7ef3cbe247eab261d2cda94dd09f">Drawable</link>(<link linkend="_structtl_1_1_vec4i">Vec4i</link>&#32;bounds&#32;=&#32;{0,&#32;0,&#32;0,&#32;0});
<anchor xml:id="__drawable_8h_source_1l00015"/>00015 &#32;&#32;&#32;&#32;&#32;&#32;<link linkend="_classtl_1_1_drawable_1a2f8eb9b1fdb74f27a08659d19c58dffa">~Drawable</link>();
<anchor xml:id="__drawable_8h_source_1l00016"/>00016 &#32;&#32;&#32;&#32;&#32;&#32;<emphasis role="keywordtype">void</emphasis>&#32;<link linkend="_classtl_1_1_drawable_1aaca2b652b94ac8c14c5e173d15595958">setPosition</link>(<link linkend="_structtl_1_1_vec2i">Vec2i</link>);
<anchor xml:id="__drawable_8h_source_1l00017"/>00017 &#32;&#32;&#32;&#32;&#32;&#32;<emphasis role="keywordtype">void</emphasis>&#32;<link linkend="_classtl_1_1_drawable_1a0bc453f3511224e52e15576ea835873b">setSize</link>(<link linkend="_structtl_1_1_vec2i">Vec2i</link>);
<anchor xml:id="__drawable_8h_source_1l00018"/>00018 &#32;&#32;&#32;&#32;&#32;&#32;<link linkend="_structtl_1_1_vec2i">Vec2i</link>&#32;<link linkend="_classtl_1_1_drawable_1ae72500b4134b8187966650dcfc07b27f">getPosition</link>()&#32;<emphasis role="keyword">const</emphasis>;
<anchor xml:id="__drawable_8h_source_1l00019"/>00019 &#32;&#32;&#32;&#32;&#32;&#32;<link linkend="_structtl_1_1_vec2i">Vec2i</link>&#32;<link linkend="_classtl_1_1_drawable_1a09bca9a11e2fc75ad5298f5bf0c6399f">getSize</link>()&#32;<emphasis role="keyword">const</emphasis>;
<anchor xml:id="__drawable_8h_source_1l00020"/>00020 &#32;&#32;&#32;&#32;&#32;&#32;<link linkend="_structtl_1_1_color">Color</link>&#32;<link linkend="_classtl_1_1_drawable_1acf6f9bbe46b4badaa8d4949a93c818ba">getColor</link>()&#32;<emphasis role="keyword">const</emphasis>;
<anchor xml:id="__drawable_8h_source_1l00021"/>00021 &#32;&#32;&#32;&#32;&#32;&#32;<emphasis role="keywordtype">void</emphasis>&#32;<link linkend="_classtl_1_1_drawable_1ad680b7ea9995f1c20873d964e8748293">move</link>(<link linkend="_structtl_1_1_vec2i">Vec2i</link>);
<anchor xml:id="__drawable_8h_source_1l00022"/>00022 &#32;&#32;&#32;&#32;&#32;&#32;<emphasis role="keywordtype">void</emphasis>&#32;<link linkend="_classtl_1_1_drawable_1ae4bea63524c914d624fe1c9f0ef4edd2">setColor</link>(<link linkend="_structtl_1_1_color">Color</link>);
<anchor xml:id="__drawable_8h_source_1l00023"/>00023 &#32;&#32;&#32;&#32;&#32;&#32;<link linkend="_namespacetl_1a4c8bdcbc2193d28b2c445bc8e895d6cd">bit</link>&#32;<link linkend="_classtl_1_1_drawable_1ae17a89d83f64f26e01cb5b1371a110c5">intersects</link>(<link linkend="_classtl_1_1_drawable">Drawable</link>&amp;)&#32;<emphasis role="keyword">const</emphasis>;
<anchor xml:id="__drawable_8h_source_1l00024"/>00024 &#32;&#32;&#32;&#32;&#32;&#32;<link linkend="_namespacetl_1a4c8bdcbc2193d28b2c445bc8e895d6cd">bit</link>&#32;<link linkend="_classtl_1_1_drawable_1ae17a89d83f64f26e01cb5b1371a110c5">intersects</link>(<link linkend="_classtl_1_1_window">Window</link>&amp;)&#32;<emphasis role="keyword">const</emphasis>;
<anchor xml:id="__drawable_8h_source_1l00025"/>00025 
<anchor xml:id="__drawable_8h_source_1l00026"/>00026 &#32;&#32;&#32;&#32;<emphasis role="keyword">protected</emphasis>:
<anchor xml:id="__drawable_8h_source_1l00027"/><link linkend="_classtl_1_1_drawable_1a005875cab6106fa1c8983884ee3a7072">00027</link> &#32;&#32;&#32;&#32;&#32;&#32;<link linkend="_namespacetl_1a265a9f7c42ef723ea69373d72f9cf195">s32</link>&#32;<link linkend="_classtl_1_1_drawable_1a005875cab6106fa1c8983884ee3a7072">posX</link>,&#32;<link linkend="_classtl_1_1_drawable_1adc938c28638d39be3c53207ee625611d">posY</link>,&#32;<link linkend="_classtl_1_1_drawable_1a06d58589b24ff1ba0d8a0c776a3a0eeb">sizeX</link>,&#32;<link linkend="_classtl_1_1_drawable_1ad9f165dbfcfff7a16d8e9e3862838675">sizeY</link>;
<anchor xml:id="__drawable_8h_source_1l00028"/><link linkend="_classtl_1_1_drawable_1a2c5bec3ff2fde9d0316571f2ae374515">00028</link> &#32;&#32;&#32;&#32;&#32;&#32;<link linkend="_namespacetl_1a7d0bc20d8f81c8896790b9438e88bfb9">u8</link>&#32;<link linkend="_classtl_1_1_drawable_1a848cc01cc9b0ff02528e3c287bcda9ad">r</link>&#32;=&#32;0,&#32;<link linkend="_classtl_1_1_drawable_1a4d46800e890cd5d5a62b500fe9c982f1">g</link>&#32;=&#32;0,&#32;<link linkend="_classtl_1_1_drawable_1aec88d5f58549c9dedf31f09e684f4ff1">b</link>&#32;=&#32;0,&#32;<link linkend="_classtl_1_1_drawable_1a2c5bec3ff2fde9d0316571f2ae374515">a</link>&#32;=&#32;0;
<anchor xml:id="__drawable_8h_source_1l00029"/>00029 &#32;&#32;};
<anchor xml:id="__drawable_8h_source_1l00030"/>00030 }
</programlisting></section>
