<?xml version='1.0' encoding='UTF-8' standalone='no'?>
<section xmlns="http://docbook.org/ns/docbook" version="5.0" xmlns:xlink="http://www.w3.org/1999/xlink" xml:id="__file_8h_source" xml:lang="en-US">
<title>File.h</title>
<indexterm><primary>TinyLib/System/File.h</primary></indexterm>
Go to the documentation of this file.<programlisting linenumbering="unnumbered"><anchor xml:id="__file_8h_source_1l00001"/>00001 <emphasis role="preprocessor">#pragma&#32;once</emphasis>
<anchor xml:id="__file_8h_source_1l00002"/>00002 <emphasis role="preprocessor">#include&#32;&quot;<link linkend="__win_a_p_i_8h">../Base/Win/WinAPI.h</link>&quot;</emphasis>
<anchor xml:id="__file_8h_source_1l00003"/>00003 <emphasis role="preprocessor">#include&#32;&quot;<link linkend="__base_category_8h">../Base/BaseCategory.h</link>&quot;</emphasis>
<anchor xml:id="__file_8h_source_1l00004"/>00004 
<anchor xml:id="__file_8h_source_1l00005"/>00005 
<anchor xml:id="__file_8h_source_1l00006"/>00006 <emphasis role="keyword">namespace&#32;</emphasis><link linkend="_namespacetl">tl</link>
<anchor xml:id="__file_8h_source_1l00007"/>00007 {
<anchor xml:id="__file_8h_source_1l00008"/><link linkend="_classtl_1_1_file">00008</link> &#32;&#32;&#32;&#32;<emphasis role="keyword">class&#32;</emphasis><link linkend="_classtl_1_1_file">File</link>
<anchor xml:id="__file_8h_source_1l00009"/>00009 &#32;&#32;&#32;&#32;{
<anchor xml:id="__file_8h_source_1l00010"/>00010 &#32;&#32;&#32;&#32;<emphasis role="keyword">public</emphasis>:
<anchor xml:id="__file_8h_source_1l00011"/>00011 &#32;&#32;&#32;&#32;&#32;&#32;&#32;&#32;<link linkend="_classtl_1_1_file_1aefe659f313e7467f1a4649f37b8a26b5">File</link>();
<anchor xml:id="__file_8h_source_1l00012"/>00012 &#32;&#32;&#32;&#32;&#32;&#32;&#32;&#32;<link linkend="_classtl_1_1_file_1aefe659f313e7467f1a4649f37b8a26b5">File</link>(<emphasis role="keyword">const</emphasis>&#32;<emphasis role="keywordtype">char</emphasis>*&#32;path);
<anchor xml:id="__file_8h_source_1l00013"/>00013 &#32;&#32;&#32;&#32;&#32;&#32;&#32;&#32;<link linkend="_classtl_1_1_file_1a381c9a211bdca24b9ea4f9afec368de0">~File</link>();
<anchor xml:id="__file_8h_source_1l00014"/>00014 
<anchor xml:id="__file_8h_source_1l00015"/>00015 &#32;&#32;&#32;&#32;&#32;&#32;&#32;&#32;<emphasis role="keywordtype">void</emphasis>&#32;<link linkend="_classtl_1_1_file_1aac2f62b549de4a940b9d0c6aa82840b2">open</link>(<emphasis role="keyword">const</emphasis>&#32;<emphasis role="keywordtype">char</emphasis>*&#32;path);
<anchor xml:id="__file_8h_source_1l00016"/>00016 &#32;&#32;&#32;&#32;&#32;&#32;&#32;&#32;<emphasis role="keywordtype">void</emphasis>&#32;<link linkend="_classtl_1_1_file_1ad9a51d2780a1327c675a143b14bb4dd6">close</link>();
<anchor xml:id="__file_8h_source_1l00017"/>00017 &#32;&#32;&#32;&#32;&#32;&#32;&#32;&#32;<emphasis role="keywordtype">void</emphasis>&#32;<link linkend="_classtl_1_1_file_1a78598d15c5088e079e024e13514774c7">read</link>(<emphasis role="keywordtype">char</emphasis>**&#32;data);
<anchor xml:id="__file_8h_source_1l00018"/>00018 &#32;&#32;&#32;&#32;&#32;&#32;&#32;&#32;<emphasis role="comment">//void&#32;write();</emphasis>
<anchor xml:id="__file_8h_source_1l00019"/>00019 &#32;&#32;&#32;&#32;&#32;&#32;&#32;&#32;<emphasis role="keywordtype">size_t</emphasis>&#32;<link linkend="_classtl_1_1_file_1a6b98c6fe3b1cb984ab6a74971ac265c9">length</link>();
<anchor xml:id="__file_8h_source_1l00020"/>00020 
<anchor xml:id="__file_8h_source_1l00021"/>00021 &#32;&#32;&#32;&#32;<emphasis role="keyword">private</emphasis>:
<anchor xml:id="__file_8h_source_1l00022"/>00022 &#32;&#32;&#32;&#32;&#32;&#32;&#32;&#32;<emphasis role="keyword">const</emphasis>&#32;<emphasis role="keywordtype">char</emphasis>*&#32;path;
<anchor xml:id="__file_8h_source_1l00023"/>00023 &#32;&#32;&#32;&#32;};
<anchor xml:id="__file_8h_source_1l00024"/>00024 }
</programlisting></section>
