<?xml version='1.0' encoding='UTF-8' standalone='no'?>
<section xmlns="http://docbook.org/ns/docbook" version="5.0" xmlns:xlink="http://www.w3.org/1999/xlink" xml:id="__file_8cpp_source" xml:lang="en-US">
<title>File.cpp</title>
<indexterm><primary>TinyLib/System/File.cpp</primary></indexterm>
Go to the documentation of this file.<programlisting linenumbering="unnumbered"><anchor xml:id="__file_8cpp_source_1l00001"/>00001 <emphasis role="preprocessor">#include&#32;&quot;<link linkend="__file_8h">File.h</link>&quot;</emphasis>
<anchor xml:id="__file_8cpp_source_1l00002"/>00002 
<anchor xml:id="__file_8cpp_source_1l00003"/>00003 
<anchor xml:id="__file_8cpp_source_1l00004"/>00004 <emphasis role="keyword">namespace&#32;</emphasis><link linkend="_namespacetl">tl</link>
<anchor xml:id="__file_8cpp_source_1l00005"/>00005 {
<anchor xml:id="__file_8cpp_source_1l00007"/><link linkend="_classtl_1_1_file_1aefe659f313e7467f1a4649f37b8a26b5">00007</link> &#32;&#32;&#32;&#32;<link linkend="_classtl_1_1_file_1aefe659f313e7467f1a4649f37b8a26b5">File::File</link>()
<anchor xml:id="__file_8cpp_source_1l00008"/>00008 &#32;&#32;&#32;&#32;{
<anchor xml:id="__file_8cpp_source_1l00009"/>00009 &#32;&#32;&#32;&#32;&#32;&#32;&#32;&#32;this-&gt;path&#32;=&#32;<emphasis role="keyword">nullptr</emphasis>;
<anchor xml:id="__file_8cpp_source_1l00010"/>00010 &#32;&#32;&#32;&#32;}
<anchor xml:id="__file_8cpp_source_1l00011"/>00011 
<anchor xml:id="__file_8cpp_source_1l00012"/>00012 
<anchor xml:id="__file_8cpp_source_1l00015"/><link linkend="_classtl_1_1_file_1a1e6a2206626b3050f4cc15cca8a29825">00015</link> &#32;&#32;&#32;&#32;<link linkend="_classtl_1_1_file_1aefe659f313e7467f1a4649f37b8a26b5">File::File</link>(<emphasis role="keyword">const</emphasis>&#32;<emphasis role="keywordtype">char</emphasis>*&#32;path)
<anchor xml:id="__file_8cpp_source_1l00016"/>00016 &#32;&#32;&#32;&#32;{
<anchor xml:id="__file_8cpp_source_1l00017"/>00017 &#32;&#32;&#32;&#32;&#32;&#32;&#32;&#32;this-&gt;path&#32;=&#32;path;
<anchor xml:id="__file_8cpp_source_1l00018"/>00018 &#32;&#32;&#32;&#32;}
<anchor xml:id="__file_8cpp_source_1l00019"/>00019 
<anchor xml:id="__file_8cpp_source_1l00020"/>00020 
<anchor xml:id="__file_8cpp_source_1l00022"/><link linkend="_classtl_1_1_file_1a381c9a211bdca24b9ea4f9afec368de0">00022</link> &#32;&#32;&#32;&#32;<link linkend="_classtl_1_1_file_1a381c9a211bdca24b9ea4f9afec368de0">File::~File</link>()
<anchor xml:id="__file_8cpp_source_1l00023"/>00023 &#32;&#32;&#32;&#32;{
<anchor xml:id="__file_8cpp_source_1l00024"/>00024 
<anchor xml:id="__file_8cpp_source_1l00025"/>00025 &#32;&#32;&#32;&#32;}
<anchor xml:id="__file_8cpp_source_1l00026"/>00026 
<anchor xml:id="__file_8cpp_source_1l00027"/>00027 
<anchor xml:id="__file_8cpp_source_1l00030"/><link linkend="_classtl_1_1_file_1aac2f62b549de4a940b9d0c6aa82840b2">00030</link> &#32;&#32;&#32;&#32;<emphasis role="keywordtype">void</emphasis>&#32;<link linkend="_classtl_1_1_file_1aac2f62b549de4a940b9d0c6aa82840b2">File::open</link>(<emphasis role="keyword">const</emphasis>&#32;<emphasis role="keywordtype">char</emphasis>*&#32;path)
<anchor xml:id="__file_8cpp_source_1l00031"/>00031 &#32;&#32;&#32;&#32;{
<anchor xml:id="__file_8cpp_source_1l00032"/>00032 &#32;&#32;&#32;&#32;&#32;&#32;&#32;&#32;this-&gt;path&#32;=&#32;path;
<anchor xml:id="__file_8cpp_source_1l00033"/>00033 &#32;&#32;&#32;&#32;}
<anchor xml:id="__file_8cpp_source_1l00034"/>00034 
<anchor xml:id="__file_8cpp_source_1l00035"/>00035 
<anchor xml:id="__file_8cpp_source_1l00037"/><link linkend="_classtl_1_1_file_1ad9a51d2780a1327c675a143b14bb4dd6">00037</link> &#32;&#32;&#32;&#32;<emphasis role="keywordtype">void</emphasis>&#32;<link linkend="_classtl_1_1_file_1ad9a51d2780a1327c675a143b14bb4dd6">File::close</link>()
<anchor xml:id="__file_8cpp_source_1l00038"/>00038 &#32;&#32;&#32;&#32;{
<anchor xml:id="__file_8cpp_source_1l00039"/>00039 &#32;&#32;&#32;&#32;&#32;&#32;&#32;&#32;this-&gt;path&#32;=&#32;<emphasis role="keyword">nullptr</emphasis>;
<anchor xml:id="__file_8cpp_source_1l00040"/>00040 &#32;&#32;&#32;&#32;}
<anchor xml:id="__file_8cpp_source_1l00041"/>00041 
<anchor xml:id="__file_8cpp_source_1l00042"/>00042 
<anchor xml:id="__file_8cpp_source_1l00045"/><link linkend="_classtl_1_1_file_1a78598d15c5088e079e024e13514774c7">00045</link> &#32;&#32;&#32;&#32;<emphasis role="keywordtype">void</emphasis>&#32;<link linkend="_classtl_1_1_file_1a78598d15c5088e079e024e13514774c7">File::read</link>(<emphasis role="keywordtype">char</emphasis>**&#32;data)
<anchor xml:id="__file_8cpp_source_1l00046"/>00046 &#32;&#32;&#32;&#32;{
<anchor xml:id="__file_8cpp_source_1l00047"/>00047 &#32;&#32;&#32;&#32;&#32;&#32;&#32;&#32;<emphasis role="keywordflow">if</emphasis>&#32;(this-&gt;path&#32;==&#32;<emphasis role="keyword">nullptr</emphasis>)
<anchor xml:id="__file_8cpp_source_1l00048"/>00048 &#32;&#32;&#32;&#32;&#32;&#32;&#32;&#32;{
<anchor xml:id="__file_8cpp_source_1l00049"/>00049 &#32;&#32;&#32;&#32;&#32;&#32;&#32;&#32;&#32;&#32;&#32;&#32;*data&#32;=&#32;<emphasis role="keyword">nullptr</emphasis>;
<anchor xml:id="__file_8cpp_source_1l00050"/>00050 &#32;&#32;&#32;&#32;&#32;&#32;&#32;&#32;&#32;&#32;&#32;&#32;<emphasis role="keywordflow">return</emphasis>;
<anchor xml:id="__file_8cpp_source_1l00051"/>00051 &#32;&#32;&#32;&#32;&#32;&#32;&#32;&#32;}
<anchor xml:id="__file_8cpp_source_1l00052"/>00052 
<anchor xml:id="__file_8cpp_source_1l00053"/>00053 &#32;&#32;&#32;&#32;&#32;&#32;&#32;&#32;HANDLE&#32;file&#32;=&#32;CreateFileA(this-&gt;path,&#32;GENERIC_READ,&#32;FILE_SHARE_READ,&#32;NULL,&#32;OPEN_EXISTING,&#32;FILE_ATTRIBUTE_NORMAL,&#32;NULL);
<anchor xml:id="__file_8cpp_source_1l00054"/>00054 &#32;&#32;&#32;&#32;&#32;&#32;&#32;&#32;<emphasis role="keywordflow">if</emphasis>&#32;(file&#32;==&#32;INVALID_HANDLE_VALUE)
<anchor xml:id="__file_8cpp_source_1l00055"/>00055 &#32;&#32;&#32;&#32;&#32;&#32;&#32;&#32;{
<anchor xml:id="__file_8cpp_source_1l00056"/>00056 &#32;&#32;&#32;&#32;&#32;&#32;&#32;&#32;&#32;&#32;&#32;&#32;*data&#32;=&#32;<emphasis role="keyword">nullptr</emphasis>;
<anchor xml:id="__file_8cpp_source_1l00057"/>00057 &#32;&#32;&#32;&#32;&#32;&#32;&#32;&#32;&#32;&#32;&#32;&#32;<emphasis role="keywordflow">return</emphasis>;
<anchor xml:id="__file_8cpp_source_1l00058"/>00058 &#32;&#32;&#32;&#32;&#32;&#32;&#32;&#32;}
<anchor xml:id="__file_8cpp_source_1l00059"/>00059 
<anchor xml:id="__file_8cpp_source_1l00060"/>00060 &#32;&#32;&#32;&#32;&#32;&#32;&#32;&#32;DWORD&#32;fileSize&#32;=&#32;GetFileSize(file,&#32;NULL);
<anchor xml:id="__file_8cpp_source_1l00061"/>00061 &#32;&#32;&#32;&#32;&#32;&#32;&#32;&#32;<emphasis role="keywordflow">if</emphasis>&#32;(fileSize&#32;==&#32;INVALID_FILE_SIZE)
<anchor xml:id="__file_8cpp_source_1l00062"/>00062 &#32;&#32;&#32;&#32;&#32;&#32;&#32;&#32;{
<anchor xml:id="__file_8cpp_source_1l00063"/>00063 &#32;&#32;&#32;&#32;&#32;&#32;&#32;&#32;&#32;&#32;&#32;&#32;CloseHandle(file);
<anchor xml:id="__file_8cpp_source_1l00064"/>00064 &#32;&#32;&#32;&#32;&#32;&#32;&#32;&#32;&#32;&#32;&#32;&#32;*data&#32;=&#32;<emphasis role="keyword">nullptr</emphasis>;
<anchor xml:id="__file_8cpp_source_1l00065"/>00065 &#32;&#32;&#32;&#32;&#32;&#32;&#32;&#32;&#32;&#32;&#32;&#32;<emphasis role="keywordflow">return</emphasis>;
<anchor xml:id="__file_8cpp_source_1l00066"/>00066 &#32;&#32;&#32;&#32;&#32;&#32;&#32;&#32;}
<anchor xml:id="__file_8cpp_source_1l00067"/>00067 
<anchor xml:id="__file_8cpp_source_1l00068"/>00068 &#32;&#32;&#32;&#32;&#32;&#32;&#32;&#32;<emphasis role="comment">//&#32;+1&#32;for&#32;null-termination&#32;character.</emphasis>
<anchor xml:id="__file_8cpp_source_1l00069"/>00069 &#32;&#32;&#32;&#32;&#32;&#32;&#32;&#32;<emphasis role="keywordtype">char</emphasis>*&#32;buffer&#32;=&#32;<emphasis role="keyword">new</emphasis>&#32;<emphasis role="keywordtype">char</emphasis>[fileSize&#32;+&#32;1];
<anchor xml:id="__file_8cpp_source_1l00070"/>00070 &#32;&#32;&#32;&#32;&#32;&#32;&#32;&#32;DWORD&#32;bytesRead;
<anchor xml:id="__file_8cpp_source_1l00071"/>00071 &#32;&#32;&#32;&#32;&#32;&#32;&#32;&#32;<emphasis role="keywordflow">if</emphasis>&#32;(ReadFile(file,&#32;buffer,&#32;fileSize,&#32;&amp;bytesRead,&#32;NULL))
<anchor xml:id="__file_8cpp_source_1l00072"/>00072 &#32;&#32;&#32;&#32;&#32;&#32;&#32;&#32;{
<anchor xml:id="__file_8cpp_source_1l00073"/>00073 &#32;&#32;&#32;&#32;&#32;&#32;&#32;&#32;&#32;&#32;&#32;&#32;buffer[bytesRead]&#32;=&#32;<emphasis role="charliteral">&apos;\0&apos;</emphasis>;
<anchor xml:id="__file_8cpp_source_1l00074"/>00074 &#32;&#32;&#32;&#32;&#32;&#32;&#32;&#32;&#32;&#32;&#32;&#32;*data&#32;=&#32;buffer;
<anchor xml:id="__file_8cpp_source_1l00075"/>00075 &#32;&#32;&#32;&#32;&#32;&#32;&#32;&#32;}
<anchor xml:id="__file_8cpp_source_1l00076"/>00076 &#32;&#32;&#32;&#32;&#32;&#32;&#32;&#32;<emphasis role="keywordflow">else</emphasis>
<anchor xml:id="__file_8cpp_source_1l00077"/>00077 &#32;&#32;&#32;&#32;&#32;&#32;&#32;&#32;{
<anchor xml:id="__file_8cpp_source_1l00078"/>00078 &#32;&#32;&#32;&#32;&#32;&#32;&#32;&#32;&#32;&#32;&#32;&#32;<emphasis role="keyword">delete</emphasis>[]&#32;buffer;
<anchor xml:id="__file_8cpp_source_1l00079"/>00079 &#32;&#32;&#32;&#32;&#32;&#32;&#32;&#32;&#32;&#32;&#32;&#32;*data&#32;=&#32;<emphasis role="keyword">nullptr</emphasis>;
<anchor xml:id="__file_8cpp_source_1l00080"/>00080 &#32;&#32;&#32;&#32;&#32;&#32;&#32;&#32;}
<anchor xml:id="__file_8cpp_source_1l00081"/>00081 
<anchor xml:id="__file_8cpp_source_1l00082"/>00082 &#32;&#32;&#32;&#32;&#32;&#32;&#32;&#32;CloseHandle(file);
<anchor xml:id="__file_8cpp_source_1l00083"/>00083 &#32;&#32;&#32;&#32;}
<anchor xml:id="__file_8cpp_source_1l00084"/>00084 
<anchor xml:id="__file_8cpp_source_1l00085"/>00085 
<anchor xml:id="__file_8cpp_source_1l00086"/>00086 &#32;&#32;&#32;&#32;<emphasis role="comment">/*</emphasis>
<anchor xml:id="__file_8cpp_source_1l00087"/>00087 <emphasis role="comment">&#32;&#32;&#32;&#32;void&#32;File::write()</emphasis>
<anchor xml:id="__file_8cpp_source_1l00088"/>00088 <emphasis role="comment">&#32;&#32;&#32;&#32;{</emphasis>
<anchor xml:id="__file_8cpp_source_1l00089"/>00089 <emphasis role="comment"></emphasis>
<anchor xml:id="__file_8cpp_source_1l00090"/>00090 <emphasis role="comment">&#32;&#32;&#32;&#32;}</emphasis>
<anchor xml:id="__file_8cpp_source_1l00091"/>00091 <emphasis role="comment">&#32;&#32;&#32;&#32;*/</emphasis>
<anchor xml:id="__file_8cpp_source_1l00092"/>00092 
<anchor xml:id="__file_8cpp_source_1l00093"/>00093 
<anchor xml:id="__file_8cpp_source_1l00096"/><link linkend="_classtl_1_1_file_1a6b98c6fe3b1cb984ab6a74971ac265c9">00096</link> &#32;&#32;&#32;&#32;<emphasis role="keywordtype">size_t</emphasis>&#32;<link linkend="_classtl_1_1_file_1a6b98c6fe3b1cb984ab6a74971ac265c9">File::length</link>()
<anchor xml:id="__file_8cpp_source_1l00097"/>00097 &#32;&#32;&#32;&#32;{
<anchor xml:id="__file_8cpp_source_1l00098"/>00098 &#32;&#32;&#32;&#32;&#32;&#32;&#32;&#32;<emphasis role="keywordflow">if</emphasis>&#32;(this-&gt;path&#32;==&#32;<emphasis role="keyword">nullptr</emphasis>)
<anchor xml:id="__file_8cpp_source_1l00099"/>00099 &#32;&#32;&#32;&#32;&#32;&#32;&#32;&#32;&#32;&#32;&#32;&#32;<emphasis role="keywordflow">return</emphasis>&#32;0;
<anchor xml:id="__file_8cpp_source_1l00100"/>00100 
<anchor xml:id="__file_8cpp_source_1l00101"/>00101 &#32;&#32;&#32;&#32;&#32;&#32;&#32;&#32;HANDLE&#32;file&#32;=&#32;CreateFileA(this-&gt;path,&#32;GENERIC_READ,&#32;FILE_SHARE_READ,&#32;NULL,&#32;OPEN_EXISTING,&#32;FILE_ATTRIBUTE_NORMAL,&#32;NULL);
<anchor xml:id="__file_8cpp_source_1l00102"/>00102 &#32;&#32;&#32;&#32;&#32;&#32;&#32;&#32;<emphasis role="keywordflow">if</emphasis>&#32;(file&#32;==&#32;INVALID_HANDLE_VALUE)
<anchor xml:id="__file_8cpp_source_1l00103"/>00103 &#32;&#32;&#32;&#32;&#32;&#32;&#32;&#32;&#32;&#32;&#32;&#32;<emphasis role="keywordflow">return</emphasis>&#32;0;
<anchor xml:id="__file_8cpp_source_1l00104"/>00104 
<anchor xml:id="__file_8cpp_source_1l00105"/>00105 &#32;&#32;&#32;&#32;&#32;&#32;&#32;&#32;<emphasis role="keywordflow">return</emphasis>&#32;GetFileSize(file,&#32;NULL);
<anchor xml:id="__file_8cpp_source_1l00106"/>00106 &#32;&#32;&#32;&#32;}
<anchor xml:id="__file_8cpp_source_1l00107"/>00107 }
</programlisting></section>
