<?xml version='1.0' encoding='UTF-8' standalone='no'?>
<section xmlns="http://docbook.org/ns/docbook" version="5.0" xmlns:xlink="http://www.w3.org/1999/xlink" xml:id="__graphics_category_8h" xml:lang="en-US">
<title>TinyLib/Graphics/GraphicsCategory.h File Reference</title>
<indexterm><primary>TinyLib/Graphics/GraphicsCategory.h</primary></indexterm>
<programlisting linenumbering="unnumbered">#include &quot;Window.h&quot;<?linebreak?>#include &quot;Drawable.h&quot;<?linebreak?>#include &quot;Rectangle.h&quot;<?linebreak?>#include &quot;Graphics.h&quot;<?linebreak?>#include &quot;GDI.h&quot;<?linebreak?></programlisting></section>
