<?xml version='1.0' encoding='UTF-8' standalone='no'?>
<section xmlns="http://docbook.org/ns/docbook" version="5.0" xmlns:xlink="http://www.w3.org/1999/xlink" xml:id="__graphics_category_8h_source" xml:lang="en-US">
<title>GraphicsCategory.h</title>
<indexterm><primary>TinyLib/Graphics/GraphicsCategory.h</primary></indexterm>
Go to the documentation of this file.<programlisting linenumbering="unnumbered"><anchor xml:id="__graphics_category_8h_source_1l00001"/>00001 <emphasis role="preprocessor">#include&#32;&quot;<link linkend="__window_8h">Window.h</link>&quot;</emphasis>
<anchor xml:id="__graphics_category_8h_source_1l00002"/>00002 <emphasis role="preprocessor">#include&#32;&quot;<link linkend="__drawable_8h">Drawable.h</link>&quot;</emphasis>
<anchor xml:id="__graphics_category_8h_source_1l00003"/>00003 <emphasis role="preprocessor">#include&#32;&quot;<link linkend="__rectangle_8h">Rectangle.h</link>&quot;</emphasis>
<anchor xml:id="__graphics_category_8h_source_1l00004"/>00004 <emphasis role="preprocessor">#include&#32;&quot;Graphics.h&quot;</emphasis>
<anchor xml:id="__graphics_category_8h_source_1l00005"/>00005 <emphasis role="preprocessor">#include&#32;&quot;GDI.h&quot;</emphasis>
</programlisting></section>
