<?xml version='1.0' encoding='UTF-8' standalone='no'?>
<section xmlns="http://docbook.org/ns/docbook" version="5.0" xmlns:xlink="http://www.w3.org/1999/xlink" xml:id="__key_8h_source" xml:lang="en-US">
<title>Key.h</title>
<indexterm><primary>TinyLib/System/Key.h</primary></indexterm>
Go to the documentation of this file.<programlisting linenumbering="unnumbered"><anchor xml:id="__key_8h_source_1l00001"/>00001 <emphasis role="preprocessor">#pragma&#32;once</emphasis>
<anchor xml:id="__key_8h_source_1l00002"/>00002 <emphasis role="preprocessor">#include&#32;&quot;<link linkend="__win_a_p_i_8h">../Base/Win/WinAPI.h</link>&quot;</emphasis>
<anchor xml:id="__key_8h_source_1l00003"/>00003 <emphasis role="preprocessor">#include&#32;&quot;<link linkend="__types_8h">../Base/Types.h</link>&quot;</emphasis>
<anchor xml:id="__key_8h_source_1l00004"/>00004 
<anchor xml:id="__key_8h_source_1l00005"/>00005 
<anchor xml:id="__key_8h_source_1l00006"/>00006 <emphasis role="keyword">namespace&#32;</emphasis><link linkend="_namespacetl">tl</link>
<anchor xml:id="__key_8h_source_1l00007"/>00007 {
<anchor xml:id="__key_8h_source_1l00008"/><link linkend="_classtl_1_1_key">00008</link> &#32;&#32;&#32;&#32;<emphasis role="keyword">class&#32;</emphasis><link linkend="_classtl_1_1_key">Key</link>
<anchor xml:id="__key_8h_source_1l00009"/>00009 &#32;&#32;&#32;&#32;{
<anchor xml:id="__key_8h_source_1l00010"/>00010 &#32;&#32;&#32;&#32;<emphasis role="keyword">public</emphasis>:
<anchor xml:id="__key_8h_source_1l00011"/>00011 &#32;&#32;&#32;&#32;&#32;&#32;&#32;&#32;<emphasis role="keyword">static</emphasis>&#32;<link linkend="_namespacetl_1a4c8bdcbc2193d28b2c445bc8e895d6cd">bit</link>&#32;<link linkend="_classtl_1_1_key_1ab2b89f653b520a01e794c9f6a07ee07c">isHeld</link>(<link linkend="_namespacetl_1a7d0bc20d8f81c8896790b9438e88bfb9">u8</link>&#32;key);
<anchor xml:id="__key_8h_source_1l00012"/>00012 &#32;&#32;&#32;&#32;&#32;&#32;&#32;&#32;<emphasis role="comment">//static&#32;bit&#32;isPressed(u8&#32;key);</emphasis>
<anchor xml:id="__key_8h_source_1l00013"/>00013 &#32;&#32;&#32;&#32;&#32;&#32;&#32;&#32;<emphasis role="comment">//static&#32;bit&#32;isReleased(u8&#32;key);</emphasis>
<anchor xml:id="__key_8h_source_1l00014"/>00014 
<anchor xml:id="__key_8h_source_1l00016"/>00016 &#32;&#32;&#32;&#32;&#32;&#32;&#32;&#32;<emphasis role="keyword">enum</emphasis>
<anchor xml:id="__key_8h_source_1l00017"/>00017 &#32;&#32;&#32;&#32;&#32;&#32;&#32;&#32;{
<anchor xml:id="__key_8h_source_1l00018"/><link linkend="_classtl_1_1_key_1a3de4b80c835a6f88f4f5e84cd8f260a9a788a522f2333a53bab29b8dadf606462">00018</link> &#32;&#32;&#32;&#32;&#32;&#32;&#32;&#32;&#32;&#32;&#32;&#32;<link linkend="_classtl_1_1_key_1a3de4b80c835a6f88f4f5e84cd8f260a9a788a522f2333a53bab29b8dadf606462">Space</link>&#32;=&#32;VK_SPACE,
<anchor xml:id="__key_8h_source_1l00019"/><link linkend="_classtl_1_1_key_1a3de4b80c835a6f88f4f5e84cd8f260a9aad7332d2b536d1bdd7fd61d6cf57eb02">00019</link> &#32;&#32;&#32;&#32;&#32;&#32;&#32;&#32;&#32;&#32;&#32;&#32;<link linkend="_classtl_1_1_key_1a3de4b80c835a6f88f4f5e84cd8f260a9aad7332d2b536d1bdd7fd61d6cf57eb02">A</link>&#32;=&#32;0x41,
<anchor xml:id="__key_8h_source_1l00020"/><link linkend="_classtl_1_1_key_1a3de4b80c835a6f88f4f5e84cd8f260a9a9d6976bbf4e5f389e4fd6f72764a1dfb">00020</link> &#32;&#32;&#32;&#32;&#32;&#32;&#32;&#32;&#32;&#32;&#32;&#32;<link linkend="_classtl_1_1_key_1a3de4b80c835a6f88f4f5e84cd8f260a9a9d6976bbf4e5f389e4fd6f72764a1dfb">B</link>&#32;=&#32;0x42,
<anchor xml:id="__key_8h_source_1l00021"/><link linkend="_classtl_1_1_key_1a3de4b80c835a6f88f4f5e84cd8f260a9a60eb837e37366e83930eab30c0482e64">00021</link> &#32;&#32;&#32;&#32;&#32;&#32;&#32;&#32;&#32;&#32;&#32;&#32;<link linkend="_classtl_1_1_key_1a3de4b80c835a6f88f4f5e84cd8f260a9a60eb837e37366e83930eab30c0482e64">C</link>&#32;=&#32;0x43,
<anchor xml:id="__key_8h_source_1l00022"/><link linkend="_classtl_1_1_key_1a3de4b80c835a6f88f4f5e84cd8f260a9a9725f2c279ad15df80647283ed6fdb33">00022</link> &#32;&#32;&#32;&#32;&#32;&#32;&#32;&#32;&#32;&#32;&#32;&#32;<link linkend="_classtl_1_1_key_1a3de4b80c835a6f88f4f5e84cd8f260a9a9725f2c279ad15df80647283ed6fdb33">D</link>&#32;=&#32;0x44,
<anchor xml:id="__key_8h_source_1l00023"/><link linkend="_classtl_1_1_key_1a3de4b80c835a6f88f4f5e84cd8f260a9ab4f7c99d3d3c4b38a493b6e15214492d">00023</link> &#32;&#32;&#32;&#32;&#32;&#32;&#32;&#32;&#32;&#32;&#32;&#32;<link linkend="_classtl_1_1_key_1a3de4b80c835a6f88f4f5e84cd8f260a9ab4f7c99d3d3c4b38a493b6e15214492d">E</link>&#32;=&#32;0x45,
<anchor xml:id="__key_8h_source_1l00024"/><link linkend="_classtl_1_1_key_1a3de4b80c835a6f88f4f5e84cd8f260a9aca55804c731526a8b53cf4a21cd0e2ad">00024</link> &#32;&#32;&#32;&#32;&#32;&#32;&#32;&#32;&#32;&#32;&#32;&#32;<link linkend="_classtl_1_1_key_1a3de4b80c835a6f88f4f5e84cd8f260a9aca55804c731526a8b53cf4a21cd0e2ad">F</link>&#32;=&#32;0x46,
<anchor xml:id="__key_8h_source_1l00025"/><link linkend="_classtl_1_1_key_1a3de4b80c835a6f88f4f5e84cd8f260a9a8b20a16f18c262ca15d9ada11bc8100b">00025</link> &#32;&#32;&#32;&#32;&#32;&#32;&#32;&#32;&#32;&#32;&#32;&#32;<link linkend="_classtl_1_1_key_1a3de4b80c835a6f88f4f5e84cd8f260a9a8b20a16f18c262ca15d9ada11bc8100b">G</link>&#32;=&#32;0x47,
<anchor xml:id="__key_8h_source_1l00026"/><link linkend="_classtl_1_1_key_1a3de4b80c835a6f88f4f5e84cd8f260a9a984951eb667381895c6607262e59bdda">00026</link> &#32;&#32;&#32;&#32;&#32;&#32;&#32;&#32;&#32;&#32;&#32;&#32;<link linkend="_classtl_1_1_key_1a3de4b80c835a6f88f4f5e84cd8f260a9a984951eb667381895c6607262e59bdda">H</link>&#32;=&#32;0x48,
<anchor xml:id="__key_8h_source_1l00027"/><link linkend="_classtl_1_1_key_1a3de4b80c835a6f88f4f5e84cd8f260a9a96d123d06c84e36f4cf6cbfc275aa080">00027</link> &#32;&#32;&#32;&#32;&#32;&#32;&#32;&#32;&#32;&#32;&#32;&#32;<link linkend="_classtl_1_1_key_1a3de4b80c835a6f88f4f5e84cd8f260a9a96d123d06c84e36f4cf6cbfc275aa080">I</link>&#32;=&#32;0x49,
<anchor xml:id="__key_8h_source_1l00028"/><link linkend="_classtl_1_1_key_1a3de4b80c835a6f88f4f5e84cd8f260a9a88e56c6832ffe671d9c18f82d6a511a6">00028</link> &#32;&#32;&#32;&#32;&#32;&#32;&#32;&#32;&#32;&#32;&#32;&#32;<link linkend="_classtl_1_1_key_1a3de4b80c835a6f88f4f5e84cd8f260a9a88e56c6832ffe671d9c18f82d6a511a6">J</link>&#32;=&#32;0x4A,
<anchor xml:id="__key_8h_source_1l00029"/><link linkend="_classtl_1_1_key_1a3de4b80c835a6f88f4f5e84cd8f260a9a5f9e01d43e3bece9e8d1efcc804512f3">00029</link> &#32;&#32;&#32;&#32;&#32;&#32;&#32;&#32;&#32;&#32;&#32;&#32;<link linkend="_classtl_1_1_key_1a3de4b80c835a6f88f4f5e84cd8f260a9a5f9e01d43e3bece9e8d1efcc804512f3">K</link>&#32;=&#32;0x4B,
<anchor xml:id="__key_8h_source_1l00030"/><link linkend="_classtl_1_1_key_1a3de4b80c835a6f88f4f5e84cd8f260a9ae68e4cae4744310826b60c04b7cd8a66">00030</link> &#32;&#32;&#32;&#32;&#32;&#32;&#32;&#32;&#32;&#32;&#32;&#32;<link linkend="_classtl_1_1_key_1a3de4b80c835a6f88f4f5e84cd8f260a9ae68e4cae4744310826b60c04b7cd8a66">L</link>&#32;=&#32;0x4C,
<anchor xml:id="__key_8h_source_1l00031"/><link linkend="_classtl_1_1_key_1a3de4b80c835a6f88f4f5e84cd8f260a9a00785d0e943fef77581a8a144ba04f9a">00031</link> &#32;&#32;&#32;&#32;&#32;&#32;&#32;&#32;&#32;&#32;&#32;&#32;<link linkend="_classtl_1_1_key_1a3de4b80c835a6f88f4f5e84cd8f260a9a00785d0e943fef77581a8a144ba04f9a">M</link>&#32;=&#32;0x4D,
<anchor xml:id="__key_8h_source_1l00032"/><link linkend="_classtl_1_1_key_1a3de4b80c835a6f88f4f5e84cd8f260a9a446ed38f17a9292f5d44abf9836e5cc8">00032</link> &#32;&#32;&#32;&#32;&#32;&#32;&#32;&#32;&#32;&#32;&#32;&#32;<link linkend="_classtl_1_1_key_1a3de4b80c835a6f88f4f5e84cd8f260a9a446ed38f17a9292f5d44abf9836e5cc8">N</link>&#32;=&#32;0x4E,
<anchor xml:id="__key_8h_source_1l00033"/><link linkend="_classtl_1_1_key_1a3de4b80c835a6f88f4f5e84cd8f260a9aed9a757e1e5bdd9e8e7bc81dfffad7c3">00033</link> &#32;&#32;&#32;&#32;&#32;&#32;&#32;&#32;&#32;&#32;&#32;&#32;<link linkend="_classtl_1_1_key_1a3de4b80c835a6f88f4f5e84cd8f260a9aed9a757e1e5bdd9e8e7bc81dfffad7c3">O</link>&#32;=&#32;0x4F,
<anchor xml:id="__key_8h_source_1l00034"/><link linkend="_classtl_1_1_key_1a3de4b80c835a6f88f4f5e84cd8f260a9a4411e0a419658b0b17316e618ae03852">00034</link> &#32;&#32;&#32;&#32;&#32;&#32;&#32;&#32;&#32;&#32;&#32;&#32;<link linkend="_classtl_1_1_key_1a3de4b80c835a6f88f4f5e84cd8f260a9a4411e0a419658b0b17316e618ae03852">P</link>&#32;=&#32;0x50,
<anchor xml:id="__key_8h_source_1l00035"/><link linkend="_classtl_1_1_key_1a3de4b80c835a6f88f4f5e84cd8f260a9a1c9dddac77df097ad5dd55d8e5ec4873">00035</link> &#32;&#32;&#32;&#32;&#32;&#32;&#32;&#32;&#32;&#32;&#32;&#32;<link linkend="_classtl_1_1_key_1a3de4b80c835a6f88f4f5e84cd8f260a9a1c9dddac77df097ad5dd55d8e5ec4873">Q</link>&#32;=&#32;0x51,
<anchor xml:id="__key_8h_source_1l00036"/><link linkend="_classtl_1_1_key_1a3de4b80c835a6f88f4f5e84cd8f260a9acb4e9474d5cb4b31aa3dbeaaaa40ac63">00036</link> &#32;&#32;&#32;&#32;&#32;&#32;&#32;&#32;&#32;&#32;&#32;&#32;<link linkend="_classtl_1_1_key_1a3de4b80c835a6f88f4f5e84cd8f260a9acb4e9474d5cb4b31aa3dbeaaaa40ac63">R</link>&#32;=&#32;0x52,
<anchor xml:id="__key_8h_source_1l00037"/><link linkend="_classtl_1_1_key_1a3de4b80c835a6f88f4f5e84cd8f260a9ac26a7f9ba6923c5aad7f443a55e1edc1">00037</link> &#32;&#32;&#32;&#32;&#32;&#32;&#32;&#32;&#32;&#32;&#32;&#32;<link linkend="_classtl_1_1_key_1a3de4b80c835a6f88f4f5e84cd8f260a9ac26a7f9ba6923c5aad7f443a55e1edc1">S</link>&#32;=&#32;0x53,
<anchor xml:id="__key_8h_source_1l00038"/><link linkend="_classtl_1_1_key_1a3de4b80c835a6f88f4f5e84cd8f260a9a734fb35a0c4cadf6af86367a1b927da7">00038</link> &#32;&#32;&#32;&#32;&#32;&#32;&#32;&#32;&#32;&#32;&#32;&#32;<link linkend="_classtl_1_1_key_1a3de4b80c835a6f88f4f5e84cd8f260a9a734fb35a0c4cadf6af86367a1b927da7">T</link>&#32;=&#32;0x54,
<anchor xml:id="__key_8h_source_1l00039"/><link linkend="_classtl_1_1_key_1a3de4b80c835a6f88f4f5e84cd8f260a9a819271e3d5e0cfc4846b0d375bc34f53">00039</link> &#32;&#32;&#32;&#32;&#32;&#32;&#32;&#32;&#32;&#32;&#32;&#32;<link linkend="_classtl_1_1_key_1a3de4b80c835a6f88f4f5e84cd8f260a9a819271e3d5e0cfc4846b0d375bc34f53">U</link>&#32;=&#32;0x55,
<anchor xml:id="__key_8h_source_1l00040"/><link linkend="_classtl_1_1_key_1a3de4b80c835a6f88f4f5e84cd8f260a9ad0572bb16e9ebe07171a17c4c618a0ad">00040</link> &#32;&#32;&#32;&#32;&#32;&#32;&#32;&#32;&#32;&#32;&#32;&#32;<link linkend="_classtl_1_1_key_1a3de4b80c835a6f88f4f5e84cd8f260a9ad0572bb16e9ebe07171a17c4c618a0ad">V</link>&#32;=&#32;0x56,
<anchor xml:id="__key_8h_source_1l00041"/><link linkend="_classtl_1_1_key_1a3de4b80c835a6f88f4f5e84cd8f260a9a6a3e66045da1203bc05555375958507a">00041</link> &#32;&#32;&#32;&#32;&#32;&#32;&#32;&#32;&#32;&#32;&#32;&#32;<link linkend="_classtl_1_1_key_1a3de4b80c835a6f88f4f5e84cd8f260a9a6a3e66045da1203bc05555375958507a">W</link>&#32;=&#32;0x57,
<anchor xml:id="__key_8h_source_1l00042"/><link linkend="_classtl_1_1_key_1a3de4b80c835a6f88f4f5e84cd8f260a9ab40cb4ae00ee2e1df0c1e9b2258c3744">00042</link> &#32;&#32;&#32;&#32;&#32;&#32;&#32;&#32;&#32;&#32;&#32;&#32;<link linkend="_classtl_1_1_key_1a3de4b80c835a6f88f4f5e84cd8f260a9ab40cb4ae00ee2e1df0c1e9b2258c3744">X</link>&#32;=&#32;0x58,
<anchor xml:id="__key_8h_source_1l00043"/><link linkend="_classtl_1_1_key_1a3de4b80c835a6f88f4f5e84cd8f260a9a189d85a131dd7500366496586caa4a3e">00043</link> &#32;&#32;&#32;&#32;&#32;&#32;&#32;&#32;&#32;&#32;&#32;&#32;<link linkend="_classtl_1_1_key_1a3de4b80c835a6f88f4f5e84cd8f260a9a189d85a131dd7500366496586caa4a3e">Y</link>&#32;=&#32;0x59,
<anchor xml:id="__key_8h_source_1l00044"/><link linkend="_classtl_1_1_key_1a3de4b80c835a6f88f4f5e84cd8f260a9ae0ac5a69db0386da8fc3deaebea91990">00044</link> &#32;&#32;&#32;&#32;&#32;&#32;&#32;&#32;&#32;&#32;&#32;&#32;<link linkend="_classtl_1_1_key_1a3de4b80c835a6f88f4f5e84cd8f260a9ae0ac5a69db0386da8fc3deaebea91990">Z</link>&#32;=&#32;0x5A,
<anchor xml:id="__key_8h_source_1l00045"/><link linkend="_classtl_1_1_key_1a3de4b80c835a6f88f4f5e84cd8f260a9a76d83b8a5bc3e68d82968774bc62418b">00045</link> &#32;&#32;&#32;&#32;&#32;&#32;&#32;&#32;&#32;&#32;&#32;&#32;<link linkend="_classtl_1_1_key_1a3de4b80c835a6f88f4f5e84cd8f260a9a76d83b8a5bc3e68d82968774bc62418b">Num0</link>&#32;=&#32;0x30,
<anchor xml:id="__key_8h_source_1l00046"/><link linkend="_classtl_1_1_key_1a3de4b80c835a6f88f4f5e84cd8f260a9abf27658b285d5cb24d6cce1de6c5c342">00046</link> &#32;&#32;&#32;&#32;&#32;&#32;&#32;&#32;&#32;&#32;&#32;&#32;<link linkend="_classtl_1_1_key_1a3de4b80c835a6f88f4f5e84cd8f260a9abf27658b285d5cb24d6cce1de6c5c342">Num1</link>&#32;=&#32;0x31,
<anchor xml:id="__key_8h_source_1l00047"/><link linkend="_classtl_1_1_key_1a3de4b80c835a6f88f4f5e84cd8f260a9acedf395cf2071d196c6cd21dbcd2842a">00047</link> &#32;&#32;&#32;&#32;&#32;&#32;&#32;&#32;&#32;&#32;&#32;&#32;<link linkend="_classtl_1_1_key_1a3de4b80c835a6f88f4f5e84cd8f260a9acedf395cf2071d196c6cd21dbcd2842a">Num2</link>&#32;=&#32;0x32,
<anchor xml:id="__key_8h_source_1l00048"/><link linkend="_classtl_1_1_key_1a3de4b80c835a6f88f4f5e84cd8f260a9af889cf2bf2488160f0a4fc0600f3b143">00048</link> &#32;&#32;&#32;&#32;&#32;&#32;&#32;&#32;&#32;&#32;&#32;&#32;<link linkend="_classtl_1_1_key_1a3de4b80c835a6f88f4f5e84cd8f260a9af889cf2bf2488160f0a4fc0600f3b143">Num3</link>&#32;=&#32;0x33,
<anchor xml:id="__key_8h_source_1l00049"/><link linkend="_classtl_1_1_key_1a3de4b80c835a6f88f4f5e84cd8f260a9a099c63e62124a47e2256bbe3c17b792c">00049</link> &#32;&#32;&#32;&#32;&#32;&#32;&#32;&#32;&#32;&#32;&#32;&#32;<link linkend="_classtl_1_1_key_1a3de4b80c835a6f88f4f5e84cd8f260a9a099c63e62124a47e2256bbe3c17b792c">Num4</link>&#32;=&#32;0x34,
<anchor xml:id="__key_8h_source_1l00050"/><link linkend="_classtl_1_1_key_1a3de4b80c835a6f88f4f5e84cd8f260a9a1d8a4dba70b3fdfbb664b8af0472de63">00050</link> &#32;&#32;&#32;&#32;&#32;&#32;&#32;&#32;&#32;&#32;&#32;&#32;<link linkend="_classtl_1_1_key_1a3de4b80c835a6f88f4f5e84cd8f260a9a1d8a4dba70b3fdfbb664b8af0472de63">LShift</link>&#32;=&#32;VK_LSHIFT,
<anchor xml:id="__key_8h_source_1l00051"/><link linkend="_classtl_1_1_key_1a3de4b80c835a6f88f4f5e84cd8f260a9ad334f4f805bdf28e194549ae8993a1c6">00051</link> &#32;&#32;&#32;&#32;&#32;&#32;&#32;&#32;&#32;&#32;&#32;&#32;<link linkend="_classtl_1_1_key_1a3de4b80c835a6f88f4f5e84cd8f260a9ad334f4f805bdf28e194549ae8993a1c6">RShift</link>&#32;=&#32;VK_RSHIFT,
<anchor xml:id="__key_8h_source_1l00052"/><link linkend="_classtl_1_1_key_1a3de4b80c835a6f88f4f5e84cd8f260a9a65801ca66dd071b119138effd8f19146">00052</link> &#32;&#32;&#32;&#32;&#32;&#32;&#32;&#32;&#32;&#32;&#32;&#32;<link linkend="_classtl_1_1_key_1a3de4b80c835a6f88f4f5e84cd8f260a9a65801ca66dd071b119138effd8f19146">LControl</link>&#32;=&#32;VK_LCONTROL,
<anchor xml:id="__key_8h_source_1l00053"/><link linkend="_classtl_1_1_key_1a3de4b80c835a6f88f4f5e84cd8f260a9a9ff635fc3ce2f77f964b0e00f38163ec">00053</link> &#32;&#32;&#32;&#32;&#32;&#32;&#32;&#32;&#32;&#32;&#32;&#32;<link linkend="_classtl_1_1_key_1a3de4b80c835a6f88f4f5e84cd8f260a9a9ff635fc3ce2f77f964b0e00f38163ec">RControl</link>&#32;=&#32;VK_RCONTROL,
<anchor xml:id="__key_8h_source_1l00054"/><link linkend="_classtl_1_1_key_1a3de4b80c835a6f88f4f5e84cd8f260a9aa0163ca2a333ddfebe91babc17054050">00054</link> &#32;&#32;&#32;&#32;&#32;&#32;&#32;&#32;&#32;&#32;&#32;&#32;<link linkend="_classtl_1_1_key_1a3de4b80c835a6f88f4f5e84cd8f260a9aa0163ca2a333ddfebe91babc17054050">LAlt</link>&#32;=&#32;VK_LMENU,
<anchor xml:id="__key_8h_source_1l00055"/><link linkend="_classtl_1_1_key_1a3de4b80c835a6f88f4f5e84cd8f260a9acda3e36ad31354db1ddb776054cb49f4">00055</link> &#32;&#32;&#32;&#32;&#32;&#32;&#32;&#32;&#32;&#32;&#32;&#32;<link linkend="_classtl_1_1_key_1a3de4b80c835a6f88f4f5e84cd8f260a9acda3e36ad31354db1ddb776054cb49f4">RAlt</link>&#32;=&#32;VK_RMENU,
<anchor xml:id="__key_8h_source_1l00056"/><link linkend="_classtl_1_1_key_1a3de4b80c835a6f88f4f5e84cd8f260a9a4e18b4a659ee059ea4bb2cb473576f3d">00056</link> &#32;&#32;&#32;&#32;&#32;&#32;&#32;&#32;&#32;&#32;&#32;&#32;<link linkend="_classtl_1_1_key_1a3de4b80c835a6f88f4f5e84cd8f260a9a4e18b4a659ee059ea4bb2cb473576f3d">Up</link>&#32;=&#32;VK_UP,
<anchor xml:id="__key_8h_source_1l00057"/><link linkend="_classtl_1_1_key_1a3de4b80c835a6f88f4f5e84cd8f260a9a965e6d6bd718bbbea250aadd35d278e9">00057</link> &#32;&#32;&#32;&#32;&#32;&#32;&#32;&#32;&#32;&#32;&#32;&#32;<link linkend="_classtl_1_1_key_1a3de4b80c835a6f88f4f5e84cd8f260a9a965e6d6bd718bbbea250aadd35d278e9">Down</link>&#32;=&#32;VK_DOWN,
<anchor xml:id="__key_8h_source_1l00058"/><link linkend="_classtl_1_1_key_1a3de4b80c835a6f88f4f5e84cd8f260a9afe21130658937534c22a064dd946b3a0">00058</link> &#32;&#32;&#32;&#32;&#32;&#32;&#32;&#32;&#32;&#32;&#32;&#32;<link linkend="_classtl_1_1_key_1a3de4b80c835a6f88f4f5e84cd8f260a9afe21130658937534c22a064dd946b3a0">Left</link>&#32;=&#32;VK_LEFT,
<anchor xml:id="__key_8h_source_1l00059"/>00059 &#32;&#32;&#32;&#32;&#32;&#32;&#32;&#32;&#32;&#32;&#32;&#32;<link linkend="_classtl_1_1_key_1a3de4b80c835a6f88f4f5e84cd8f260a9a049f02556cbc54a3dd8424a210add08a">Right</link>&#32;=&#32;VK_RIGHT
<anchor xml:id="__key_8h_source_1l00060"/><link linkend="_classtl_1_1_key_1a3de4b80c835a6f88f4f5e84cd8f260a9a049f02556cbc54a3dd8424a210add08a">00060</link> &#32;&#32;&#32;&#32;&#32;&#32;&#32;&#32;};
<anchor xml:id="__key_8h_source_1l00061"/>00061 &#32;&#32;&#32;&#32;};
<anchor xml:id="__key_8h_source_1l00062"/>00062 }
</programlisting></section>
