<?xml version='1.0' encoding='UTF-8' standalone='no'?>
<section xmlns="http://docbook.org/ns/docbook" version="5.0" xmlns:xlink="http://www.w3.org/1999/xlink" xml:id="__key_8cpp_source" xml:lang="en-US">
<title>Key.cpp</title>
<indexterm><primary>TinyLib/System/Key.cpp</primary></indexterm>
Go to the documentation of this file.<programlisting linenumbering="unnumbered"><anchor xml:id="__key_8cpp_source_1l00001"/>00001 <emphasis role="preprocessor">#include&#32;&quot;<link linkend="__key_8h">Key.h</link>&quot;</emphasis>
<anchor xml:id="__key_8cpp_source_1l00002"/>00002 
<anchor xml:id="__key_8cpp_source_1l00003"/>00003 
<anchor xml:id="__key_8cpp_source_1l00004"/>00004 <emphasis role="keyword">namespace&#32;</emphasis><link linkend="_namespacetl">tl</link>
<anchor xml:id="__key_8cpp_source_1l00005"/>00005 {
<anchor xml:id="__key_8cpp_source_1l00009"/><link linkend="_classtl_1_1_key_1ab2b89f653b520a01e794c9f6a07ee07c">00009</link> &#32;&#32;&#32;&#32;<link linkend="_namespacetl_1a4c8bdcbc2193d28b2c445bc8e895d6cd">bit</link>&#32;<link linkend="_classtl_1_1_key_1ab2b89f653b520a01e794c9f6a07ee07c">Key::isHeld</link>(<link linkend="_namespacetl_1a7d0bc20d8f81c8896790b9438e88bfb9">u8</link>&#32;key)
<anchor xml:id="__key_8cpp_source_1l00010"/>00010 &#32;&#32;&#32;&#32;{
<anchor xml:id="__key_8cpp_source_1l00011"/>00011 &#32;&#32;&#32;&#32;&#32;&#32;&#32;&#32;<emphasis role="keywordflow">return</emphasis>&#32;(GetAsyncKeyState(key)&#32;&amp;&#32;0x8000)&#32;&gt;&#32;0;
<anchor xml:id="__key_8cpp_source_1l00012"/>00012 &#32;&#32;&#32;&#32;}
<anchor xml:id="__key_8cpp_source_1l00013"/>00013 }
</programlisting></section>
