<?xml version='1.0' encoding='UTF-8' standalone='no'?>
<section xmlns="http://docbook.org/ns/docbook" version="5.0" xmlns:xlink="http://www.w3.org/1999/xlink" xml:id="__mouse_8h_source" xml:lang="en-US">
<title>Mouse.h</title>
<indexterm><primary>TinyLib/System/Mouse.h</primary></indexterm>
Go to the documentation of this file.<programlisting linenumbering="unnumbered"><anchor xml:id="__mouse_8h_source_1l00001"/>00001 <emphasis role="preprocessor">#pragma&#32;once</emphasis>
<anchor xml:id="__mouse_8h_source_1l00002"/>00002 <emphasis role="preprocessor">#include&#32;&quot;<link linkend="__base_category_8h">../Base/BaseCategory.h</link>&quot;</emphasis>
<anchor xml:id="__mouse_8h_source_1l00003"/>00003 <emphasis role="preprocessor">#include&#32;&quot;<link linkend="__drawable_8h">../Graphics/Drawable.h</link>&quot;</emphasis>
<anchor xml:id="__mouse_8h_source_1l00004"/>00004 <emphasis role="preprocessor">#include&#32;&quot;<link linkend="__win_a_p_i_8h">../Base/Win/WinAPI.h</link>&quot;</emphasis>
<anchor xml:id="__mouse_8h_source_1l00005"/>00005 
<anchor xml:id="__mouse_8h_source_1l00006"/>00006 
<anchor xml:id="__mouse_8h_source_1l00007"/>00007 <emphasis role="keyword">namespace&#32;</emphasis><link linkend="_namespacetl">tl</link>
<anchor xml:id="__mouse_8h_source_1l00008"/>00008 {
<anchor xml:id="__mouse_8h_source_1l00009"/><link linkend="_classtl_1_1_mouse">00009</link> &#32;&#32;&#32;&#32;<emphasis role="keyword">class&#32;</emphasis><link linkend="_classtl_1_1_mouse">Mouse</link>
<anchor xml:id="__mouse_8h_source_1l00010"/>00010 &#32;&#32;&#32;&#32;{
<anchor xml:id="__mouse_8h_source_1l00011"/>00011 &#32;&#32;&#32;&#32;<emphasis role="keyword">public</emphasis>:
<anchor xml:id="__mouse_8h_source_1l00012"/>00012 &#32;&#32;&#32;&#32;&#32;&#32;&#32;&#32;<emphasis role="comment">//&#32;Enum&#32;for&#32;different&#32;mouse&#32;buttons</emphasis>
<anchor xml:id="__mouse_8h_source_1l00013"/>00013 &#32;&#32;&#32;&#32;&#32;&#32;&#32;&#32;<emphasis role="keyword">enum</emphasis>
<anchor xml:id="__mouse_8h_source_1l00014"/>00014 &#32;&#32;&#32;&#32;&#32;&#32;&#32;&#32;{
<anchor xml:id="__mouse_8h_source_1l00015"/><link linkend="_classtl_1_1_mouse_1a877221c88693de70b3642f63d341596da23824b19a887d01b845bf8a8c5dd560d">00015</link> &#32;&#32;&#32;&#32;&#32;&#32;&#32;&#32;&#32;&#32;&#32;&#32;<link linkend="_classtl_1_1_mouse_1a877221c88693de70b3642f63d341596da23824b19a887d01b845bf8a8c5dd560d">Left</link>&#32;=&#32;VK_LBUTTON,
<anchor xml:id="__mouse_8h_source_1l00016"/><link linkend="_classtl_1_1_mouse_1a877221c88693de70b3642f63d341596da5a066c49508975d1b13fb28dbbecf7ca">00016</link> &#32;&#32;&#32;&#32;&#32;&#32;&#32;&#32;&#32;&#32;&#32;&#32;<link linkend="_classtl_1_1_mouse_1a877221c88693de70b3642f63d341596da5a066c49508975d1b13fb28dbbecf7ca">Right</link>&#32;=&#32;VK_RBUTTON,
<anchor xml:id="__mouse_8h_source_1l00017"/>00017 &#32;&#32;&#32;&#32;&#32;&#32;&#32;&#32;&#32;&#32;&#32;&#32;<link linkend="_classtl_1_1_mouse_1a877221c88693de70b3642f63d341596dab194fa310a596d66c184b5c24b108e68">Middle</link>&#32;=&#32;VK_MBUTTON
<anchor xml:id="__mouse_8h_source_1l00018"/><link linkend="_classtl_1_1_mouse_1a877221c88693de70b3642f63d341596dab194fa310a596d66c184b5c24b108e68">00018</link> &#32;&#32;&#32;&#32;&#32;&#32;&#32;&#32;};
<anchor xml:id="__mouse_8h_source_1l00019"/>00019 
<anchor xml:id="__mouse_8h_source_1l00020"/>00020 &#32;&#32;&#32;&#32;&#32;&#32;&#32;&#32;<emphasis role="keyword">static</emphasis>&#32;<link linkend="_namespacetl_1a4c8bdcbc2193d28b2c445bc8e895d6cd">bit</link>&#32;<link linkend="_classtl_1_1_mouse_1a66ae27d1871cf18a5b4d527fa9e09121">isHeld</link>(<link linkend="_namespacetl_1a7d0bc20d8f81c8896790b9438e88bfb9">u8</link>);
<anchor xml:id="__mouse_8h_source_1l00021"/>00021 &#32;&#32;&#32;&#32;&#32;&#32;&#32;&#32;<emphasis role="keyword">static</emphasis>&#32;<link linkend="_structtl_1_1_vec2i">Vec2i</link>&#32;<link linkend="_classtl_1_1_mouse_1a0414734ff08c547927abbcfd7f0a55e5">getPosition</link>();
<anchor xml:id="__mouse_8h_source_1l00022"/>00022 &#32;&#32;&#32;&#32;&#32;&#32;&#32;&#32;<emphasis role="keyword">static</emphasis>&#32;<link linkend="_namespacetl_1a4c8bdcbc2193d28b2c445bc8e895d6cd">bit</link>&#32;<link linkend="_classtl_1_1_mouse_1a53c02c329b76bbba0e8977b5ff58a397">intersects</link>(<link linkend="_classtl_1_1_drawable">Drawable</link>&amp;);
<anchor xml:id="__mouse_8h_source_1l00023"/>00023 &#32;&#32;&#32;&#32;};
<anchor xml:id="__mouse_8h_source_1l00024"/>00024 }
</programlisting></section>
