<?xml version='1.0' encoding='UTF-8' standalone='no'?>
<section xmlns="http://docbook.org/ns/docbook" version="5.0" xmlns:xlink="http://www.w3.org/1999/xlink" xml:id="__mouse_8cpp_source" xml:lang="en-US">
<title>Mouse.cpp</title>
<indexterm><primary>TinyLib/System/Mouse.cpp</primary></indexterm>
Go to the documentation of this file.<programlisting linenumbering="unnumbered"><anchor xml:id="__mouse_8cpp_source_1l00001"/>00001 <emphasis role="preprocessor">#include&#32;&quot;<link linkend="__mouse_8h">Mouse.h</link>&quot;</emphasis>
<anchor xml:id="__mouse_8cpp_source_1l00002"/>00002 
<anchor xml:id="__mouse_8cpp_source_1l00003"/>00003 
<anchor xml:id="__mouse_8cpp_source_1l00004"/>00004 <emphasis role="keyword">namespace&#32;</emphasis><link linkend="_namespacetl">tl</link>
<anchor xml:id="__mouse_8cpp_source_1l00005"/>00005 {
<anchor xml:id="__mouse_8cpp_source_1l00011"/><link linkend="_classtl_1_1_mouse_1a66ae27d1871cf18a5b4d527fa9e09121">00011</link> &#32;&#32;&#32;&#32;<link linkend="_namespacetl_1a4c8bdcbc2193d28b2c445bc8e895d6cd">bit</link>&#32;<link linkend="_classtl_1_1_mouse_1a66ae27d1871cf18a5b4d527fa9e09121">Mouse::isHeld</link>(<link linkend="_namespacetl_1a7d0bc20d8f81c8896790b9438e88bfb9">u8</link>&#32;button)
<anchor xml:id="__mouse_8cpp_source_1l00012"/>00012 &#32;&#32;&#32;&#32;{
<anchor xml:id="__mouse_8cpp_source_1l00013"/>00013 &#32;&#32;&#32;&#32;&#32;&#32;&#32;&#32;<emphasis role="keywordflow">return</emphasis>&#32;(GetAsyncKeyState(button)&#32;&amp;&#32;0x8000)&#32;!=&#32;0;
<anchor xml:id="__mouse_8cpp_source_1l00014"/>00014 &#32;&#32;&#32;&#32;}
<anchor xml:id="__mouse_8cpp_source_1l00015"/>00015 
<anchor xml:id="__mouse_8cpp_source_1l00016"/>00016 
<anchor xml:id="__mouse_8cpp_source_1l00019"/><link linkend="_classtl_1_1_mouse_1a0414734ff08c547927abbcfd7f0a55e5">00019</link> &#32;&#32;&#32;&#32;<link linkend="_structtl_1_1_vec2i">Vec2i</link>&#32;<link linkend="_classtl_1_1_mouse_1a0414734ff08c547927abbcfd7f0a55e5">Mouse::getPosition</link>()
<anchor xml:id="__mouse_8cpp_source_1l00020"/>00020 &#32;&#32;&#32;&#32;{
<anchor xml:id="__mouse_8cpp_source_1l00021"/>00021 &#32;&#32;&#32;&#32;&#32;&#32;&#32;&#32;HWND&#32;hwnd&#32;=&#32;GetForegroundWindow();
<anchor xml:id="__mouse_8cpp_source_1l00022"/>00022 &#32;&#32;&#32;&#32;&#32;&#32;&#32;&#32;POINT&#32;cursorPos;
<anchor xml:id="__mouse_8cpp_source_1l00023"/>00023 
<anchor xml:id="__mouse_8cpp_source_1l00024"/>00024 &#32;&#32;&#32;&#32;&#32;&#32;&#32;&#32;GetCursorPos(&amp;cursorPos);
<anchor xml:id="__mouse_8cpp_source_1l00025"/>00025 &#32;&#32;&#32;&#32;&#32;&#32;&#32;&#32;ScreenToClient(hwnd,&#32;&amp;cursorPos);
<anchor xml:id="__mouse_8cpp_source_1l00026"/>00026 
<anchor xml:id="__mouse_8cpp_source_1l00027"/>00027 &#32;&#32;&#32;&#32;&#32;&#32;&#32;&#32;<emphasis role="keywordflow">return</emphasis>&#32;{&#32;cursorPos.x,&#32;cursorPos.y&#32;};
<anchor xml:id="__mouse_8cpp_source_1l00028"/>00028 &#32;&#32;&#32;&#32;}
<anchor xml:id="__mouse_8cpp_source_1l00029"/>00029 
<anchor xml:id="__mouse_8cpp_source_1l00030"/>00030 
<anchor xml:id="__mouse_8cpp_source_1l00034"/><link linkend="_classtl_1_1_mouse_1a53c02c329b76bbba0e8977b5ff58a397">00034</link> &#32;&#32;&#32;&#32;<link linkend="_namespacetl_1a4c8bdcbc2193d28b2c445bc8e895d6cd">bit</link>&#32;<link linkend="_classtl_1_1_mouse_1a53c02c329b76bbba0e8977b5ff58a397">Mouse::intersects</link>(<link linkend="_classtl_1_1_drawable">Drawable</link>&amp;&#32;other)
<anchor xml:id="__mouse_8cpp_source_1l00035"/>00035 &#32;&#32;&#32;&#32;{
<anchor xml:id="__mouse_8cpp_source_1l00036"/>00036 &#32;&#32;&#32;&#32;&#32;&#32;&#32;&#32;<link linkend="_structtl_1_1_vec2i">Vec2i</link>&#32;cursorPos&#32;=&#32;<link linkend="_classtl_1_1_mouse_1a0414734ff08c547927abbcfd7f0a55e5">getPosition</link>();
<anchor xml:id="__mouse_8cpp_source_1l00037"/>00037 &#32;&#32;&#32;&#32;&#32;&#32;&#32;&#32;<link linkend="_structtl_1_1_vec2i">Vec2i</link>&#32;drawablePos&#32;=&#32;other.<link linkend="_classtl_1_1_drawable_1ae72500b4134b8187966650dcfc07b27f">getPosition</link>();
<anchor xml:id="__mouse_8cpp_source_1l00038"/>00038 &#32;&#32;&#32;&#32;&#32;&#32;&#32;&#32;<link linkend="_structtl_1_1_vec2i">Vec2i</link>&#32;drawableSize&#32;=&#32;other.<link linkend="_classtl_1_1_drawable_1a09bca9a11e2fc75ad5298f5bf0c6399f">getSize</link>();
<anchor xml:id="__mouse_8cpp_source_1l00039"/>00039 
<anchor xml:id="__mouse_8cpp_source_1l00040"/>00040 &#32;&#32;&#32;&#32;&#32;&#32;&#32;&#32;<emphasis role="keywordflow">return</emphasis>&#32;cursorPos.<link linkend="_structtl_1_1_vec2i_1a41e041952704574074609118c0427518">x</link>&#32;&gt;=&#32;drawablePos.<link linkend="_structtl_1_1_vec2i_1a41e041952704574074609118c0427518">x</link>&#32;&amp;&amp;
<anchor xml:id="__mouse_8cpp_source_1l00041"/>00041 &#32;&#32;&#32;&#32;&#32;&#32;&#32;&#32;&#32;&#32;&#32;&#32;cursorPos.<link linkend="_structtl_1_1_vec2i_1a41e041952704574074609118c0427518">x</link>&#32;&lt;=&#32;drawablePos.<link linkend="_structtl_1_1_vec2i_1a41e041952704574074609118c0427518">x</link>&#32;+&#32;drawableSize.<link linkend="_structtl_1_1_vec2i_1a41e041952704574074609118c0427518">x</link>&#32;&amp;&amp;
<anchor xml:id="__mouse_8cpp_source_1l00042"/>00042 &#32;&#32;&#32;&#32;&#32;&#32;&#32;&#32;&#32;&#32;&#32;&#32;cursorPos.<link linkend="_structtl_1_1_vec2i_1a19708a6226be471f6c28cc04ebd16287">y</link>&#32;&gt;=&#32;drawablePos.<link linkend="_structtl_1_1_vec2i_1a19708a6226be471f6c28cc04ebd16287">y</link>&#32;&amp;&amp;
<anchor xml:id="__mouse_8cpp_source_1l00043"/>00043 &#32;&#32;&#32;&#32;&#32;&#32;&#32;&#32;&#32;&#32;&#32;&#32;cursorPos.<link linkend="_structtl_1_1_vec2i_1a19708a6226be471f6c28cc04ebd16287">y</link>&#32;&lt;=&#32;drawablePos.<link linkend="_structtl_1_1_vec2i_1a19708a6226be471f6c28cc04ebd16287">y</link>&#32;+&#32;drawableSize.<link linkend="_structtl_1_1_vec2i_1a19708a6226be471f6c28cc04ebd16287">y</link>;
<anchor xml:id="__mouse_8cpp_source_1l00044"/>00044 &#32;&#32;&#32;&#32;}
<anchor xml:id="__mouse_8cpp_source_1l00045"/>00045 }
</programlisting></section>
