<?xml version='1.0' encoding='UTF-8' standalone='no'?>
<section xmlns="http://docbook.org/ns/docbook" version="5.0" xmlns:xlink="http://www.w3.org/1999/xlink" xml:id="__rectangle_8cpp_source" xml:lang="en-US">
<title>Rectangle.cpp</title>
<indexterm><primary>TinyLib/Graphics/Rectangle.cpp</primary></indexterm>
Go to the documentation of this file.<programlisting linenumbering="unnumbered"><anchor xml:id="__rectangle_8cpp_source_1l00001"/>00001 <emphasis role="preprocessor">#include&#32;&quot;<link linkend="__rectangle_8h">Rectangle.h</link>&quot;</emphasis>
<anchor xml:id="__rectangle_8cpp_source_1l00002"/>00002 
<anchor xml:id="__rectangle_8cpp_source_1l00003"/>00003 
<anchor xml:id="__rectangle_8cpp_source_1l00004"/>00004 <emphasis role="keyword">namespace&#32;</emphasis><link linkend="_namespacetl">tl</link>
<anchor xml:id="__rectangle_8cpp_source_1l00005"/>00005 {
<anchor xml:id="__rectangle_8cpp_source_1l00008"/><link linkend="_classtl_1_1_rectangle_1a6d3da05eade9abd326dd2834da1e2c47">00008</link> &#32;&#32;&#32;&#32;<link linkend="_classtl_1_1_rectangle_1a6d3da05eade9abd326dd2834da1e2c47">Rectangle::Rectangle</link>(<link linkend="_structtl_1_1_vec4i">Vec4i</link>&#32;bounds)
<anchor xml:id="__rectangle_8cpp_source_1l00009"/>00009 &#32;&#32;&#32;&#32;&#32;&#32;&#32;&#32;:&#32;<link linkend="_classtl_1_1_drawable">Drawable</link>(bounds)
<anchor xml:id="__rectangle_8cpp_source_1l00010"/>00010 &#32;&#32;&#32;&#32;{
<anchor xml:id="__rectangle_8cpp_source_1l00011"/>00011 
<anchor xml:id="__rectangle_8cpp_source_1l00012"/>00012 &#32;&#32;&#32;&#32;}
<anchor xml:id="__rectangle_8cpp_source_1l00013"/>00013 
<anchor xml:id="__rectangle_8cpp_source_1l00014"/>00014 
<anchor xml:id="__rectangle_8cpp_source_1l00016"/><link linkend="_classtl_1_1_rectangle_1a08933cdce31f6b38b206007564474354">00016</link> &#32;&#32;&#32;&#32;<link linkend="_classtl_1_1_rectangle_1a08933cdce31f6b38b206007564474354">Rectangle::~Rectangle</link>()
<anchor xml:id="__rectangle_8cpp_source_1l00017"/>00017 &#32;&#32;&#32;&#32;{
<anchor xml:id="__rectangle_8cpp_source_1l00018"/>00018 
<anchor xml:id="__rectangle_8cpp_source_1l00019"/>00019 &#32;&#32;&#32;&#32;}
<anchor xml:id="__rectangle_8cpp_source_1l00020"/>00020 }
</programlisting></section>
