<?xml version='1.0' encoding='UTF-8' standalone='no'?>
<section xmlns="http://docbook.org/ns/docbook" version="5.0" xmlns:xlink="http://www.w3.org/1999/xlink" xml:id="__rectangle_8h" xml:lang="en-US">
<title>TinyLib/Graphics/Rectangle.h File Reference</title>
<indexterm><primary>TinyLib/Graphics/Rectangle.h</primary></indexterm>
<programlisting linenumbering="unnumbered">#include &quot;Drawable.h&quot;<?linebreak?>#include &quot;../Base/BaseCategory.h&quot;<?linebreak?>#include &quot;../Base/Win/WinAPI.h&quot;<?linebreak?></programlisting><simplesect>
    <title>Classes    </title>
        <itemizedlist>
            <listitem><para>class <link linkend="_classtl_1_1_rectangle">tl::Rectangle</link></para>
</listitem>
        </itemizedlist>
</simplesect>
<simplesect>
    <title>Namespaces    </title>
        <itemizedlist>
            <listitem><para>namespace <link linkend="_namespacetl">tl</link></para>
</listitem>
        </itemizedlist>
</simplesect>
</section>
