<?xml version='1.0' encoding='UTF-8' standalone='no'?>
<section xmlns="http://docbook.org/ns/docbook" version="5.0" xmlns:xlink="http://www.w3.org/1999/xlink" xml:id="__rectangle_8h_source" xml:lang="en-US">
<title>Rectangle.h</title>
<indexterm><primary>TinyLib/Graphics/Rectangle.h</primary></indexterm>
Go to the documentation of this file.<programlisting linenumbering="unnumbered"><anchor xml:id="__rectangle_8h_source_1l00001"/>00001 <emphasis role="preprocessor">#pragma&#32;once</emphasis>
<anchor xml:id="__rectangle_8h_source_1l00002"/>00002 <emphasis role="preprocessor">#include&#32;&quot;<link linkend="__drawable_8h">Drawable.h</link>&quot;</emphasis>
<anchor xml:id="__rectangle_8h_source_1l00003"/>00003 <emphasis role="preprocessor">#include&#32;&quot;<link linkend="__base_category_8h">../Base/BaseCategory.h</link>&quot;</emphasis>
<anchor xml:id="__rectangle_8h_source_1l00004"/>00004 <emphasis role="preprocessor">#include&#32;&quot;<link linkend="__win_a_p_i_8h">../Base/Win/WinAPI.h</link>&quot;</emphasis>
<anchor xml:id="__rectangle_8h_source_1l00005"/>00005 
<anchor xml:id="__rectangle_8h_source_1l00006"/>00006 
<anchor xml:id="__rectangle_8h_source_1l00007"/>00007 <emphasis role="keyword">namespace&#32;</emphasis><link linkend="_namespacetl">tl</link>
<anchor xml:id="__rectangle_8h_source_1l00008"/>00008 {
<anchor xml:id="__rectangle_8h_source_1l00009"/>00009 &#32;&#32;&#32;&#32;<emphasis role="comment">//&#32;This&#32;class&#32;doesn&apos;t&#32;do&#32;much&#32;aside&#32;knowing&#32;it&apos;s&#32;a&#32;rectangle&#32;for&#32;now.</emphasis>
<anchor xml:id="__rectangle_8h_source_1l00010"/><link linkend="_classtl_1_1_rectangle">00010</link> &#32;&#32;<emphasis role="keyword">class&#32;</emphasis><link linkend="_classtl_1_1_rectangle">Rectangle</link>&#32;:&#32;<emphasis role="keyword">public</emphasis>&#32;<link linkend="_classtl_1_1_drawable">Drawable</link>
<anchor xml:id="__rectangle_8h_source_1l00011"/>00011 &#32;&#32;{
<anchor xml:id="__rectangle_8h_source_1l00012"/>00012 &#32;&#32;&#32;&#32;<emphasis role="keyword">public</emphasis>:
<anchor xml:id="__rectangle_8h_source_1l00013"/>00013 &#32;&#32;&#32;&#32;&#32;&#32;<link linkend="_classtl_1_1_rectangle_1a6d3da05eade9abd326dd2834da1e2c47">Rectangle</link>(<link linkend="_structtl_1_1_vec4i">Vec4i</link>&#32;bounds&#32;=&#32;{0,&#32;0,&#32;0,&#32;0});
<anchor xml:id="__rectangle_8h_source_1l00014"/>00014 &#32;&#32;&#32;&#32;&#32;&#32;<link linkend="_classtl_1_1_rectangle_1a08933cdce31f6b38b206007564474354">~Rectangle</link>();
<anchor xml:id="__rectangle_8h_source_1l00015"/>00015 &#32;&#32;};
<anchor xml:id="__rectangle_8h_source_1l00016"/>00016 }
</programlisting></section>
