<?xml version='1.0' encoding='UTF-8' standalone='no'?>
<section xmlns="http://docbook.org/ns/docbook" version="5.0" xmlns:xlink="http://www.w3.org/1999/xlink" xml:id="__system_category_8h" xml:lang="en-US">
<title>TinyLib/System/SystemCategory.h File Reference</title>
<indexterm><primary>TinyLib/System/SystemCategory.h</primary></indexterm>
<programlisting linenumbering="unnumbered">#include &quot;File.h&quot;<?linebreak?>#include &quot;Key.h&quot;<?linebreak?>#include &quot;Mouse.h&quot;<?linebreak?></programlisting></section>
