<?xml version='1.0' encoding='UTF-8' standalone='no'?>
<section xmlns="http://docbook.org/ns/docbook" version="5.0" xmlns:xlink="http://www.w3.org/1999/xlink" xml:id="__time_8cpp_source" xml:lang="en-US">
<title>Time.cpp</title>
<indexterm><primary>TinyLib/Base/Time.cpp</primary></indexterm>
Go to the documentation of this file.<programlisting linenumbering="unnumbered"><anchor xml:id="__time_8cpp_source_1l00001"/>00001 <emphasis role="preprocessor">#include&#32;&quot;<link linkend="__time_8h">Time.h</link>&quot;</emphasis>
<anchor xml:id="__time_8cpp_source_1l00002"/>00002 
<anchor xml:id="__time_8cpp_source_1l00003"/>00003 
<anchor xml:id="__time_8cpp_source_1l00004"/>00004 <emphasis role="keyword">namespace&#32;</emphasis><link linkend="_namespacetl">tl</link>
<anchor xml:id="__time_8cpp_source_1l00005"/>00005 {
<anchor xml:id="__time_8cpp_source_1l00007"/><link linkend="_classtl_1_1_time_1a34f8675ccfa9e803c9ce72a837ecfe51">00007</link> &#32;&#32;&#32;&#32;<link linkend="_classtl_1_1_time_1a34f8675ccfa9e803c9ce72a837ecfe51">Time::Time</link>()
<anchor xml:id="__time_8cpp_source_1l00008"/>00008 &#32;&#32;&#32;&#32;{
<anchor xml:id="__time_8cpp_source_1l00009"/>00009 &#32;&#32;&#32;&#32;&#32;&#32;&#32;&#32;<link linkend="_classtl_1_1_time_1ac23bdcb12fe6d39a370f2d35c588ef30">update</link>();
<anchor xml:id="__time_8cpp_source_1l00010"/>00010 &#32;&#32;&#32;&#32;}
<anchor xml:id="__time_8cpp_source_1l00011"/>00011 
<anchor xml:id="__time_8cpp_source_1l00012"/>00012 
<anchor xml:id="__time_8cpp_source_1l00015"/><link linkend="_classtl_1_1_time_1a3e69fca7e1810f6c904dd66a8045d743">00015</link> &#32;&#32;&#32;&#32;<link linkend="_classtl_1_1_time_1a34f8675ccfa9e803c9ce72a837ecfe51">Time::Time</link>(<link linkend="_namespacetl_1a904241d60278f00c7d91b31161237d62">u64</link>&#32;timeValue)
<anchor xml:id="__time_8cpp_source_1l00016"/>00016 &#32;&#32;&#32;&#32;{
<anchor xml:id="__time_8cpp_source_1l00017"/>00017 &#32;&#32;&#32;&#32;&#32;&#32;&#32;&#32;time&#32;=&#32;timeValue;
<anchor xml:id="__time_8cpp_source_1l00018"/>00018 &#32;&#32;&#32;&#32;}
<anchor xml:id="__time_8cpp_source_1l00019"/>00019 
<anchor xml:id="__time_8cpp_source_1l00020"/>00020 
<anchor xml:id="__time_8cpp_source_1l00022"/><link linkend="_classtl_1_1_time_1afaed444aa23b96b0c0070e55e9821d9a">00022</link> &#32;&#32;&#32;&#32;<link linkend="_classtl_1_1_time_1afaed444aa23b96b0c0070e55e9821d9a">Time::~Time</link>()
<anchor xml:id="__time_8cpp_source_1l00023"/>00023 &#32;&#32;&#32;&#32;{
<anchor xml:id="__time_8cpp_source_1l00024"/>00024 
<anchor xml:id="__time_8cpp_source_1l00025"/>00025 &#32;&#32;&#32;&#32;}
<anchor xml:id="__time_8cpp_source_1l00026"/>00026 
<anchor xml:id="__time_8cpp_source_1l00027"/>00027 
<anchor xml:id="__time_8cpp_source_1l00030"/><link linkend="_classtl_1_1_time_1a69a320e7414645c62a9f63d52d907a02">00030</link> &#32;&#32;&#32;&#32;<link linkend="_namespacetl_1a904241d60278f00c7d91b31161237d62">u64</link>&#32;<link linkend="_classtl_1_1_time_1a69a320e7414645c62a9f63d52d907a02">Time::getTime</link>()
<anchor xml:id="__time_8cpp_source_1l00031"/>00031 &#32;&#32;&#32;&#32;{
<anchor xml:id="__time_8cpp_source_1l00032"/>00032 &#32;&#32;&#32;&#32;&#32;&#32;&#32;&#32;<emphasis role="keywordflow">return</emphasis>&#32;time;
<anchor xml:id="__time_8cpp_source_1l00033"/>00033 &#32;&#32;&#32;&#32;}
<anchor xml:id="__time_8cpp_source_1l00034"/>00034 
<anchor xml:id="__time_8cpp_source_1l00035"/>00035 
<anchor xml:id="__time_8cpp_source_1l00037"/><link linkend="_classtl_1_1_time_1ac23bdcb12fe6d39a370f2d35c588ef30">00037</link> &#32;&#32;&#32;&#32;<emphasis role="keywordtype">void</emphasis>&#32;<link linkend="_classtl_1_1_time_1ac23bdcb12fe6d39a370f2d35c588ef30">Time::update</link>()
<anchor xml:id="__time_8cpp_source_1l00038"/>00038 &#32;&#32;&#32;&#32;{
<anchor xml:id="__time_8cpp_source_1l00039"/>00039 &#32;&#32;&#32;&#32;&#32;&#32;&#32;&#32;time&#32;=&#32;GetTickCount();
<anchor xml:id="__time_8cpp_source_1l00040"/>00040 &#32;&#32;&#32;&#32;}
<anchor xml:id="__time_8cpp_source_1l00041"/>00041 
<anchor xml:id="__time_8cpp_source_1l00042"/>00042 
<anchor xml:id="__time_8cpp_source_1l00045"/><link linkend="_classtl_1_1_time_1a4cc3ff829d334cf59c3aacb0ab181c0e">00045</link> &#32;&#32;&#32;&#32;<link linkend="_namespacetl_1a904241d60278f00c7d91b31161237d62">u64</link>&#32;<link linkend="_classtl_1_1_time_1a4cc3ff829d334cf59c3aacb0ab181c0e">Time::currentTime</link>()
<anchor xml:id="__time_8cpp_source_1l00046"/>00046 &#32;&#32;&#32;&#32;{
<anchor xml:id="__time_8cpp_source_1l00047"/>00047 &#32;&#32;&#32;&#32;&#32;&#32;&#32;&#32;<emphasis role="keywordflow">return</emphasis>&#32;GetTickCount();
<anchor xml:id="__time_8cpp_source_1l00048"/>00048 &#32;&#32;&#32;&#32;}
<anchor xml:id="__time_8cpp_source_1l00049"/>00049 }
</programlisting></section>
