<?xml version='1.0' encoding='UTF-8' standalone='no'?>
<section xmlns="http://docbook.org/ns/docbook" version="5.0" xmlns:xlink="http://www.w3.org/1999/xlink" xml:id="__time_8h_source" xml:lang="en-US">
<title>Time.h</title>
<indexterm><primary>TinyLib/Base/Time.h</primary></indexterm>
Go to the documentation of this file.<programlisting linenumbering="unnumbered"><anchor xml:id="__time_8h_source_1l00001"/>00001 <emphasis role="preprocessor">#pragma&#32;once</emphasis>
<anchor xml:id="__time_8h_source_1l00002"/>00002 <emphasis role="preprocessor">#include&#32;&quot;<link linkend="__types_8h">Types.h</link>&quot;</emphasis>
<anchor xml:id="__time_8h_source_1l00003"/>00003 <emphasis role="preprocessor">#include&#32;&quot;<link linkend="__win_a_p_i_8h">../Base/Win/WinAPI.h</link>&quot;</emphasis>
<anchor xml:id="__time_8h_source_1l00004"/>00004 
<anchor xml:id="__time_8h_source_1l00005"/>00005 
<anchor xml:id="__time_8h_source_1l00006"/>00006 <emphasis role="keyword">namespace&#32;</emphasis><link linkend="_namespacetl">tl</link>
<anchor xml:id="__time_8h_source_1l00007"/>00007 {
<anchor xml:id="__time_8h_source_1l00008"/><link linkend="_classtl_1_1_time">00008</link> &#32;&#32;&#32;&#32;<emphasis role="keyword">class&#32;</emphasis><link linkend="_classtl_1_1_time">Time</link>
<anchor xml:id="__time_8h_source_1l00009"/>00009 &#32;&#32;&#32;&#32;{
<anchor xml:id="__time_8h_source_1l00010"/>00010 &#32;&#32;&#32;&#32;<emphasis role="keyword">public</emphasis>:
<anchor xml:id="__time_8h_source_1l00011"/>00011 &#32;&#32;&#32;&#32;&#32;&#32;&#32;&#32;<link linkend="_classtl_1_1_time_1a34f8675ccfa9e803c9ce72a837ecfe51">Time</link>();
<anchor xml:id="__time_8h_source_1l00012"/>00012 &#32;&#32;&#32;&#32;&#32;&#32;&#32;&#32;<link linkend="_classtl_1_1_time_1a34f8675ccfa9e803c9ce72a837ecfe51">Time</link>(<link linkend="_namespacetl_1a904241d60278f00c7d91b31161237d62">u64</link>&#32;timeValue);
<anchor xml:id="__time_8h_source_1l00013"/>00013 &#32;&#32;&#32;&#32;&#32;&#32;&#32;&#32;<link linkend="_classtl_1_1_time_1afaed444aa23b96b0c0070e55e9821d9a">~Time</link>();
<anchor xml:id="__time_8h_source_1l00014"/>00014 
<anchor xml:id="__time_8h_source_1l00015"/>00015 &#32;&#32;&#32;&#32;&#32;&#32;&#32;&#32;<link linkend="_namespacetl_1a904241d60278f00c7d91b31161237d62">u64</link>&#32;<link linkend="_classtl_1_1_time_1a69a320e7414645c62a9f63d52d907a02">getTime</link>();
<anchor xml:id="__time_8h_source_1l00016"/>00016 &#32;&#32;&#32;&#32;&#32;&#32;&#32;&#32;<emphasis role="keywordtype">void</emphasis>&#32;<link linkend="_classtl_1_1_time_1ac23bdcb12fe6d39a370f2d35c588ef30">update</link>();
<anchor xml:id="__time_8h_source_1l00017"/>00017 
<anchor xml:id="__time_8h_source_1l00018"/>00018 &#32;&#32;&#32;&#32;&#32;&#32;&#32;&#32;<emphasis role="keyword">static</emphasis>&#32;<link linkend="_namespacetl_1a904241d60278f00c7d91b31161237d62">u64</link>&#32;<link linkend="_classtl_1_1_time_1a4cc3ff829d334cf59c3aacb0ab181c0e">currentTime</link>();
<anchor xml:id="__time_8h_source_1l00019"/>00019 
<anchor xml:id="__time_8h_source_1l00020"/>00020 &#32;&#32;&#32;&#32;<emphasis role="keyword">private</emphasis>:
<anchor xml:id="__time_8h_source_1l00021"/>00021 &#32;&#32;&#32;&#32;&#32;&#32;&#32;&#32;<link linkend="_namespacetl_1a904241d60278f00c7d91b31161237d62">u64</link>&#32;time;
<anchor xml:id="__time_8h_source_1l00022"/>00022 &#32;&#32;&#32;&#32;};
<anchor xml:id="__time_8h_source_1l00023"/>00023 }
</programlisting></section>
