<?xml version='1.0' encoding='UTF-8' standalone='no'?>
<section xmlns="http://docbook.org/ns/docbook" version="5.0" xmlns:xlink="http://www.w3.org/1999/xlink" xml:id="__tiny_lib_8h" xml:lang="en-US">
<title>TinyLib/TinyLib.h File Reference</title>
<indexterm><primary>TinyLib/TinyLib.h</primary></indexterm>
<programlisting linenumbering="unnumbered">#include &quot;Base/BaseCategory.h&quot;<?linebreak?>#include &quot;Graphics/GraphicsCategory.h&quot;<?linebreak?>#include &quot;System/SystemCategory.h&quot;<?linebreak?>#include &quot;Console/ConsoleCategory.h&quot;<?linebreak?></programlisting></section>
