<?xml version='1.0' encoding='UTF-8' standalone='no'?>
<section xmlns="http://docbook.org/ns/docbook" version="5.0" xmlns:xlink="http://www.w3.org/1999/xlink" xml:id="__util_8h_source" xml:lang="en-US">
<title>Util.h</title>
<indexterm><primary>TinyLib/Base/Util.h</primary></indexterm>
Go to the documentation of this file.<programlisting linenumbering="unnumbered"><anchor xml:id="__util_8h_source_1l00001"/>00001 <emphasis role="preprocessor">#pragma&#32;once</emphasis>
<anchor xml:id="__util_8h_source_1l00002"/>00002 <emphasis role="preprocessor">#include&#32;&quot;<link linkend="__win_a_p_i_8h">../Base/Win/WinAPI.h</link>&quot;</emphasis>
<anchor xml:id="__util_8h_source_1l00003"/>00003 <emphasis role="preprocessor">#include&#32;&quot;<link linkend="__types_8h">Types.h</link>&quot;</emphasis>
<anchor xml:id="__util_8h_source_1l00004"/>00004 
<anchor xml:id="__util_8h_source_1l00005"/>00005 
<anchor xml:id="__util_8h_source_1l00006"/>00006 <emphasis role="keyword">namespace&#32;</emphasis><link linkend="_namespacetl">tl</link>
<anchor xml:id="__util_8h_source_1l00007"/>00007 {
<anchor xml:id="__util_8h_source_1l00010"/>00010 &#32;&#32;&#32;&#32;<emphasis role="keyword">static</emphasis>&#32;<emphasis role="keywordtype">size_t</emphasis>&#32;random()
<anchor xml:id="__util_8h_source_1l00011"/>00011 &#32;&#32;&#32;&#32;{
<anchor xml:id="__util_8h_source_1l00012"/>00012 &#32;&#32;&#32;&#32;&#32;&#32;&#32;&#32;<link linkend="_namespacetl_1a027b49b4b1bb51bafeac7cac614cbf51">u32</link>&#32;number&#32;=&#32;0;
<anchor xml:id="__util_8h_source_1l00013"/>00013 &#32;&#32;&#32;&#32;&#32;&#32;&#32;&#32;HCRYPTPROV&#32;hProv;
<anchor xml:id="__util_8h_source_1l00014"/>00014 
<anchor xml:id="__util_8h_source_1l00015"/>00015 &#32;&#32;&#32;&#32;&#32;&#32;&#32;&#32;<emphasis role="keywordflow">if</emphasis>&#32;(CryptAcquireContextA(&amp;hProv,&#32;NULL,&#32;NULL,&#32;PROV_RSA_FULL,&#32;CRYPT_VERIFYCONTEXT))
<anchor xml:id="__util_8h_source_1l00016"/>00016 &#32;&#32;&#32;&#32;&#32;&#32;&#32;&#32;&#32;&#32;&#32;&#32;CryptGenRandom(hProv,&#32;<emphasis role="keyword">sizeof</emphasis>(number),&#32;<emphasis role="keyword">reinterpret_cast&lt;</emphasis>BYTE*<emphasis role="keyword">&gt;</emphasis>(&amp;number));
<anchor xml:id="__util_8h_source_1l00017"/>00017 
<anchor xml:id="__util_8h_source_1l00018"/>00018 &#32;&#32;&#32;&#32;&#32;&#32;&#32;&#32;CryptReleaseContext(hProv,&#32;0);
<anchor xml:id="__util_8h_source_1l00019"/>00019 
<anchor xml:id="__util_8h_source_1l00020"/>00020 &#32;&#32;&#32;&#32;&#32;&#32;&#32;&#32;<emphasis role="keywordflow">return</emphasis>&#32;number;
<anchor xml:id="__util_8h_source_1l00021"/>00021 &#32;&#32;&#32;&#32;}
<anchor xml:id="__util_8h_source_1l00022"/>00022 
<anchor xml:id="__util_8h_source_1l00023"/>00023 
<anchor xml:id="__util_8h_source_1l00027"/>00027 &#32;&#32;&#32;&#32;<emphasis role="keyword">static</emphasis>&#32;<emphasis role="keywordtype">size_t</emphasis>&#32;strlen(<emphasis role="keyword">const</emphasis>&#32;<link linkend="_namespacetl_1a7e58a76ef30d76bdb4c2a4678b875597">ascii</link>*&#32;str)
<anchor xml:id="__util_8h_source_1l00028"/>00028 &#32;&#32;&#32;&#32;{
<anchor xml:id="__util_8h_source_1l00029"/>00029 &#32;&#32;&#32;&#32;&#32;&#32;&#32;&#32;<emphasis role="keywordflow">if</emphasis>&#32;(str&#32;==&#32;<emphasis role="keyword">nullptr</emphasis>)
<anchor xml:id="__util_8h_source_1l00030"/>00030 &#32;&#32;&#32;&#32;&#32;&#32;&#32;&#32;&#32;&#32;&#32;&#32;<emphasis role="keywordflow">return</emphasis>&#32;0;
<anchor xml:id="__util_8h_source_1l00031"/>00031 
<anchor xml:id="__util_8h_source_1l00032"/>00032 &#32;&#32;&#32;&#32;&#32;&#32;&#32;&#32;<emphasis role="keywordtype">size_t</emphasis>&#32;length&#32;=&#32;0;
<anchor xml:id="__util_8h_source_1l00033"/>00033 &#32;&#32;&#32;&#32;&#32;&#32;&#32;&#32;<emphasis role="keywordflow">while</emphasis>&#32;(str[length]&#32;!=&#32;<emphasis role="charliteral">&apos;\0&apos;</emphasis>)
<anchor xml:id="__util_8h_source_1l00034"/>00034 &#32;&#32;&#32;&#32;&#32;&#32;&#32;&#32;&#32;&#32;&#32;&#32;length++;
<anchor xml:id="__util_8h_source_1l00035"/>00035 
<anchor xml:id="__util_8h_source_1l00036"/>00036 &#32;&#32;&#32;&#32;&#32;&#32;&#32;&#32;<emphasis role="keywordflow">return</emphasis>&#32;length;
<anchor xml:id="__util_8h_source_1l00037"/>00037 &#32;&#32;&#32;&#32;}
<anchor xml:id="__util_8h_source_1l00038"/>00038 }
</programlisting></section>
