<?xml version='1.0' encoding='UTF-8' standalone='no'?>
<section xmlns="http://docbook.org/ns/docbook" version="5.0" xmlns:xlink="http://www.w3.org/1999/xlink" xml:id="__window_8h_source" xml:lang="en-US">
<title>Window.h</title>
<indexterm><primary>TinyLib/Graphics/Window.h</primary></indexterm>
Go to the documentation of this file.<programlisting linenumbering="unnumbered"><anchor xml:id="__window_8h_source_1l00001"/>00001 <emphasis role="preprocessor">#pragma&#32;once</emphasis>
<anchor xml:id="__window_8h_source_1l00002"/>00002 <emphasis role="preprocessor">#include&#32;&quot;<link linkend="__win_a_p_i_8h">../Base/Win/WinAPI.h</link>&quot;</emphasis>
<anchor xml:id="__window_8h_source_1l00003"/>00003 <emphasis role="preprocessor">#include&#32;&quot;<link linkend="__drawable_8h">Drawable.h</link>&quot;</emphasis>
<anchor xml:id="__window_8h_source_1l00004"/>00004 <emphasis role="preprocessor">#include&#32;&quot;<link linkend="__rectangle_8h">Rectangle.h</link>&quot;</emphasis>
<anchor xml:id="__window_8h_source_1l00005"/>00005 <emphasis role="preprocessor">#include&#32;&quot;Graphics.h&quot;</emphasis>
<anchor xml:id="__window_8h_source_1l00006"/>00006 <emphasis role="preprocessor">#include&#32;&quot;GDI.h&quot;</emphasis>
<anchor xml:id="__window_8h_source_1l00007"/>00007 <emphasis role="preprocessor">#include&#32;&quot;<link linkend="__text_8h">Text.h</link>&quot;</emphasis>
<anchor xml:id="__window_8h_source_1l00008"/>00008 <emphasis role="preprocessor">#include&#32;&quot;<link linkend="__base_category_8h">../Base/BaseCategory.h</link>&quot;</emphasis>
<anchor xml:id="__window_8h_source_1l00009"/>00009 
<anchor xml:id="__window_8h_source_1l00010"/>00010 
<anchor xml:id="__window_8h_source_1l00011"/>00011 <emphasis role="keyword">namespace&#32;</emphasis><link linkend="_namespacetl">tl</link>
<anchor xml:id="__window_8h_source_1l00012"/>00012 {
<anchor xml:id="__window_8h_source_1l00013"/><link linkend="_namespacetl_1a7e2989f2c8039c3f533555e5255c654d">00013</link> &#32;&#32;&#32;&#32;<emphasis role="keyword">enum</emphasis>&#32;<link linkend="_namespacetl_1a7e2989f2c8039c3f533555e5255c654d">Event</link>
<anchor xml:id="__window_8h_source_1l00014"/>00014 &#32;&#32;&#32;&#32;{
<anchor xml:id="__window_8h_source_1l00015"/><link linkend="_namespacetl_1a7e2989f2c8039c3f533555e5255c654da5be4e5d266410d4098330ef298d0a590">00015</link> &#32;&#32;&#32;&#32;&#32;&#32;&#32;&#32;<link linkend="_namespacetl_1a7e2989f2c8039c3f533555e5255c654da5be4e5d266410d4098330ef298d0a590">Closed</link>&#32;=&#32;0b1,
<anchor xml:id="__window_8h_source_1l00016"/><link linkend="_namespacetl_1a7e2989f2c8039c3f533555e5255c654daed0acb15944cd2abce85da77065f7ba0">00016</link> &#32;&#32;&#32;&#32;&#32;&#32;&#32;&#32;<link linkend="_namespacetl_1a7e2989f2c8039c3f533555e5255c654daed0acb15944cd2abce85da77065f7ba0">Moved</link>&#32;=&#32;0b10,
<anchor xml:id="__window_8h_source_1l00017"/>00017 &#32;&#32;&#32;&#32;&#32;&#32;&#32;&#32;<link linkend="_namespacetl_1a7e2989f2c8039c3f533555e5255c654da60573197598e5aa232348f6efb3f7066">Resized</link>&#32;=&#32;0b100
<anchor xml:id="__window_8h_source_1l00018"/><link linkend="_namespacetl_1a7e2989f2c8039c3f533555e5255c654da60573197598e5aa232348f6efb3f7066">00018</link> &#32;&#32;&#32;&#32;};
<anchor xml:id="__window_8h_source_1l00019"/>00019 
<anchor xml:id="__window_8h_source_1l00020"/>00020 
<anchor xml:id="__window_8h_source_1l00021"/><link linkend="_namespacetl_1a36ce4a17d54a1939d694bf6d68cf0308">00021</link> &#32;&#32;&#32;&#32;<emphasis role="keyword">enum</emphasis>&#32;<link linkend="_namespacetl_1a36ce4a17d54a1939d694bf6d68cf0308">Style</link>
<anchor xml:id="__window_8h_source_1l00022"/>00022 &#32;&#32;&#32;&#32;{
<anchor xml:id="__window_8h_source_1l00023"/><link linkend="_namespacetl_1a36ce4a17d54a1939d694bf6d68cf0308ac470c51a77675dff2188539f3dd814d1">00023</link> &#32;&#32;&#32;&#32;&#32;&#32;&#32;&#32;<link linkend="_namespacetl_1a36ce4a17d54a1939d694bf6d68cf0308ac470c51a77675dff2188539f3dd814d1">Border</link>&#32;=&#32;WS_BORDER,
<anchor xml:id="__window_8h_source_1l00024"/><link linkend="_namespacetl_1a36ce4a17d54a1939d694bf6d68cf0308a36aa6aca3d046b2750e31acd37ca341b">00024</link> &#32;&#32;&#32;&#32;&#32;&#32;&#32;&#32;<link linkend="_namespacetl_1a36ce4a17d54a1939d694bf6d68cf0308a36aa6aca3d046b2750e31acd37ca341b">Title</link>&#32;=&#32;WS_CAPTION,
<anchor xml:id="__window_8h_source_1l00025"/>00025 &#32;&#32;&#32;&#32;&#32;&#32;&#32;&#32;<emphasis role="comment">//HScroll&#32;=&#32;WS_HSCROLL,</emphasis>
<anchor xml:id="__window_8h_source_1l00026"/>00026 &#32;&#32;&#32;&#32;&#32;&#32;&#32;&#32;<emphasis role="comment">//VScroll&#32;=&#32;WS_VSCROLL,</emphasis>
<anchor xml:id="__window_8h_source_1l00027"/><link linkend="_namespacetl_1a36ce4a17d54a1939d694bf6d68cf0308a7c7515c26f63d97a9f392debb0affa9c">00027</link> &#32;&#32;&#32;&#32;&#32;&#32;&#32;&#32;<link linkend="_namespacetl_1a36ce4a17d54a1939d694bf6d68cf0308a7c7515c26f63d97a9f392debb0affa9c">Background</link>&#32;=&#32;WS_MINIMIZE,
<anchor xml:id="__window_8h_source_1l00028"/><link linkend="_namespacetl_1a36ce4a17d54a1939d694bf6d68cf0308ad03932612fa61f868ab83759cf89f8bd">00028</link> &#32;&#32;&#32;&#32;&#32;&#32;&#32;&#32;<link linkend="_namespacetl_1a36ce4a17d54a1939d694bf6d68cf0308ad03932612fa61f868ab83759cf89f8bd">Fullscreen</link>&#32;=&#32;WS_MAXIMIZE,
<anchor xml:id="__window_8h_source_1l00029"/><link linkend="_namespacetl_1a36ce4a17d54a1939d694bf6d68cf0308afe4367e3cf35673f041e46ddcf641c58">00029</link> &#32;&#32;&#32;&#32;&#32;&#32;&#32;&#32;<link linkend="_namespacetl_1a36ce4a17d54a1939d694bf6d68cf0308afe4367e3cf35673f041e46ddcf641c58">Minimize</link>&#32;=&#32;WS_MINIMIZEBOX,
<anchor xml:id="__window_8h_source_1l00030"/><link linkend="_namespacetl_1a36ce4a17d54a1939d694bf6d68cf0308aabdd212e2b4673d041c8d9bdf192a6da">00030</link> &#32;&#32;&#32;&#32;&#32;&#32;&#32;&#32;<link linkend="_namespacetl_1a36ce4a17d54a1939d694bf6d68cf0308aabdd212e2b4673d041c8d9bdf192a6da">Maximize</link>&#32;=&#32;WS_MAXIMIZEBOX,
<anchor xml:id="__window_8h_source_1l00031"/><link linkend="_namespacetl_1a36ce4a17d54a1939d694bf6d68cf0308a96d5232c5dacb561d06868bddd8662cc">00031</link> &#32;&#32;&#32;&#32;&#32;&#32;&#32;&#32;<link linkend="_namespacetl_1a36ce4a17d54a1939d694bf6d68cf0308a96d5232c5dacb561d06868bddd8662cc">Resize</link>&#32;=&#32;WS_SIZEBOX,
<anchor xml:id="__window_8h_source_1l00032"/>00032 &#32;&#32;&#32;&#32;&#32;&#32;&#32;&#32;<link linkend="_namespacetl_1a36ce4a17d54a1939d694bf6d68cf0308a37707492d112fc66861dba3bda903db8">Default</link>&#32;=&#32;WS_OVERLAPPEDWINDOW
<anchor xml:id="__window_8h_source_1l00033"/><link linkend="_namespacetl_1a36ce4a17d54a1939d694bf6d68cf0308a37707492d112fc66861dba3bda903db8">00033</link> &#32;&#32;&#32;&#32;};
<anchor xml:id="__window_8h_source_1l00034"/>00034 
<anchor xml:id="__window_8h_source_1l00035"/><link linkend="_classtl_1_1_window">00035</link> &#32;&#32;&#32;&#32;<emphasis role="keyword">class&#32;</emphasis><link linkend="_classtl_1_1_window">Window</link>
<anchor xml:id="__window_8h_source_1l00036"/>00036 &#32;&#32;&#32;&#32;{
<anchor xml:id="__window_8h_source_1l00037"/>00037 &#32;&#32;&#32;&#32;<emphasis role="keyword">public</emphasis>:
<anchor xml:id="__window_8h_source_1l00038"/>00038 &#32;&#32;&#32;&#32;&#32;&#32;&#32;&#32;<link linkend="_classtl_1_1_window_1af7f03b9993b5f71524d989d41c3b429a">Window</link>(<link linkend="_structtl_1_1_vec2i">Vec2i</link>&#32;=&#32;{800,&#32;600},&#32;<emphasis role="keyword">const</emphasis>&#32;<emphasis role="keywordtype">char</emphasis>*&#32;=&#32;<emphasis role="stringliteral">&quot;Window&quot;</emphasis>,&#32;LONG&#32;style&#32;=&#32;WS_OVERLAPPEDWINDOW);
<anchor xml:id="__window_8h_source_1l00039"/>00039 &#32;&#32;&#32;&#32;&#32;&#32;&#32;&#32;<link linkend="_classtl_1_1_window_1a3b64b0fe1dea00402c96b692d0014064">~Window</link>();
<anchor xml:id="__window_8h_source_1l00040"/>00040 
<anchor xml:id="__window_8h_source_1l00041"/>00041 &#32;&#32;&#32;&#32;&#32;&#32;&#32;&#32;<emphasis role="keywordtype">void</emphasis>&#32;<link linkend="_classtl_1_1_window_1a23b3c5ad850d5bfb99c2bc720a38646d">create</link>(<link linkend="_structtl_1_1_vec2i">Vec2i</link>&#32;=&#32;{800,&#32;600},&#32;<emphasis role="keyword">const</emphasis>&#32;<emphasis role="keywordtype">char</emphasis>*&#32;=&#32;<emphasis role="stringliteral">&quot;Window&quot;</emphasis>,&#32;LONG&#32;style&#32;=&#32;WS_OVERLAPPEDWINDOW);
<anchor xml:id="__window_8h_source_1l00042"/>00042 &#32;&#32;&#32;&#32;&#32;&#32;&#32;&#32;<emphasis role="keywordtype">bool</emphasis>&#32;<link linkend="_classtl_1_1_window_1acc9900250b03144262deb12fbdb61378">isOpen</link>();
<anchor xml:id="__window_8h_source_1l00043"/>00043 &#32;&#32;&#32;&#32;&#32;&#32;&#32;&#32;<emphasis role="keywordtype">void</emphasis>&#32;<link linkend="_classtl_1_1_window_1a6eea31ce5f9396a8761bac6ab2024532">draw</link>(<link linkend="_classtl_1_1_rectangle">Rectangle</link>&amp;&#32;rectangle);
<anchor xml:id="__window_8h_source_1l00044"/>00044 &#32;&#32;&#32;&#32;&#32;&#32;&#32;&#32;<emphasis role="keywordtype">void</emphasis>&#32;<link linkend="_classtl_1_1_window_1a6eea31ce5f9396a8761bac6ab2024532">draw</link>(<link linkend="_classtl_1_1_text">Text</link>&amp;&#32;text);
<anchor xml:id="__window_8h_source_1l00045"/>00045 &#32;&#32;&#32;&#32;&#32;&#32;&#32;&#32;<emphasis role="keywordtype">void</emphasis>&#32;<link linkend="_classtl_1_1_window_1a26241beb4219594aabbe85cc23db868e">close</link>();
<anchor xml:id="__window_8h_source_1l00046"/>00046 &#32;&#32;&#32;&#32;&#32;&#32;&#32;&#32;<emphasis role="keywordtype">void</emphasis>&#32;<link linkend="_classtl_1_1_window_1a0898a946e4f5e6b7351ee99bb5aff7a1">clear</link>(<link linkend="_structtl_1_1_color">Color</link>&#32;color&#32;=&#32;<link linkend="_structtl_1_1_color">Color</link>(255,&#32;255,&#32;255,&#32;255));
<anchor xml:id="__window_8h_source_1l00047"/>00047 &#32;&#32;&#32;&#32;&#32;&#32;&#32;&#32;<link linkend="_structtl_1_1_vec2i">Vec2i</link>&#32;<link linkend="_classtl_1_1_window_1a2bcf4a5045beca6be155f7fe5063e12e">getSize</link>()&#32;<emphasis role="keyword">const</emphasis>;
<anchor xml:id="__window_8h_source_1l00048"/>00048 &#32;&#32;&#32;&#32;&#32;&#32;&#32;&#32;<emphasis role="keywordtype">void</emphasis>&#32;<link linkend="_classtl_1_1_window_1aeda865c38f3820ce125fe9a7219cc15b">setSize</link>(<link linkend="_structtl_1_1_vec2i">Vec2i</link>);
<anchor xml:id="__window_8h_source_1l00049"/>00049 &#32;&#32;&#32;&#32;&#32;&#32;&#32;&#32;<emphasis role="keywordtype">void</emphasis>&#32;<link linkend="_classtl_1_1_window_1a11bed767345d14978dd12cc82e8c8d84">setTitle</link>(<emphasis role="keyword">const</emphasis>&#32;<emphasis role="keywordtype">char</emphasis>*&#32;title);
<anchor xml:id="__window_8h_source_1l00050"/>00050 &#32;&#32;&#32;&#32;&#32;&#32;&#32;&#32;<emphasis role="keywordtype">void</emphasis>&#32;<link linkend="_classtl_1_1_window_1a9efb2affce62623dec72f2267704412b">setPosition</link>(<link linkend="_structtl_1_1_vec2i">Vec2i</link>);
<anchor xml:id="__window_8h_source_1l00051"/>00051 &#32;&#32;&#32;&#32;&#32;&#32;&#32;&#32;<emphasis role="keywordtype">void</emphasis>&#32;<link linkend="_classtl_1_1_window_1a0d292d8450a90683c9fd1414cccae12c">move</link>(<link linkend="_structtl_1_1_vec2i">Vec2i</link>);
<anchor xml:id="__window_8h_source_1l00052"/>00052 &#32;&#32;&#32;&#32;&#32;&#32;&#32;&#32;<link linkend="_structtl_1_1_vec2i">Vec2i</link>&#32;<link linkend="_classtl_1_1_window_1a622a8eaf9557f44baa439e47133e0b8c">getPosition</link>()&#32;<emphasis role="keyword">const</emphasis>;
<anchor xml:id="__window_8h_source_1l00053"/>00053 &#32;&#32;&#32;&#32;&#32;&#32;&#32;&#32;<emphasis role="keywordtype">void</emphasis>&#32;<link linkend="_classtl_1_1_window_1a8c1af3d08005bd7bffdf6ddde719303b">display</link>();
<anchor xml:id="__window_8h_source_1l00054"/>00054 &#32;&#32;&#32;&#32;&#32;&#32;&#32;&#32;<emphasis role="keywordtype">void</emphasis>&#32;<link linkend="_classtl_1_1_window_1a375d826c0ad895b2430a99f6e8f5b11d">limitFPS</link>(<link linkend="_namespacetl_1a027b49b4b1bb51bafeac7cac614cbf51">u32</link>&#32;fps);
<anchor xml:id="__window_8h_source_1l00055"/>00055 &#32;&#32;&#32;&#32;&#32;&#32;&#32;&#32;<link linkend="_namespacetl_1a4c8bdcbc2193d28b2c445bc8e895d6cd">bit</link>&#32;<link linkend="_classtl_1_1_window_1a7f8a9802a81f62d796bae1d0b91ab885">checkEvent</link>(<link linkend="_namespacetl_1a7d0bc20d8f81c8896790b9438e88bfb9">u8</link>&#32;event);
<anchor xml:id="__window_8h_source_1l00056"/>00056 &#32;&#32;&#32;&#32;&#32;&#32;&#32;&#32;<emphasis role="comment">//void&#32;setScroll(Vec2i&#32;=&#32;{&#32;0,&#32;0&#32;});</emphasis>
<anchor xml:id="__window_8h_source_1l00057"/>00057 &#32;&#32;&#32;&#32;&#32;&#32;&#32;&#32;<emphasis role="comment">//Vec2i&#32;getScroll();</emphasis>
<anchor xml:id="__window_8h_source_1l00058"/>00058 
<anchor xml:id="__window_8h_source_1l00059"/>00059 &#32;&#32;&#32;&#32;<emphasis role="keyword">private</emphasis>:
<anchor xml:id="__window_8h_source_1l00060"/>00060 &#32;&#32;&#32;&#32;&#32;&#32;&#32;&#32;HWND&#32;hwnd;
<anchor xml:id="__window_8h_source_1l00061"/>00061 &#32;&#32;&#32;&#32;&#32;&#32;&#32;&#32;<emphasis role="keywordtype">bool</emphasis>&#32;windowOpen;
<anchor xml:id="__window_8h_source_1l00062"/>00062 &#32;&#32;&#32;&#32;&#32;&#32;&#32;&#32;<emphasis role="keyword">static</emphasis>&#32;LRESULT&#32;CALLBACK&#32;WndProc(HWND&#32;hwnd,&#32;UINT&#32;msg,&#32;WPARAM&#32;wParam,&#32;LPARAM&#32;lParam);
<anchor xml:id="__window_8h_source_1l00063"/>00063 &#32;&#32;&#32;&#32;&#32;&#32;&#32;&#32;<link linkend="_namespacetl_1a413c6dc972e88526a668913ce1b06b29">u16</link>&#32;maxFps&#32;=&#32;0;
<anchor xml:id="__window_8h_source_1l00064"/>00064 &#32;&#32;&#32;&#32;&#32;&#32;&#32;&#32;<link linkend="_namespacetl_1a904241d60278f00c7d91b31161237d62">u64</link>&#32;lastFrameTime;
<anchor xml:id="__window_8h_source_1l00065"/>00065 &#32;&#32;&#32;&#32;&#32;&#32;&#32;&#32;<link linkend="_namespacetl_1a7d0bc20d8f81c8896790b9438e88bfb9">u8</link>&#32;currentEvents;
<anchor xml:id="__window_8h_source_1l00066"/>00066 <emphasis role="preprocessor">#ifdef&#32;GDI_GRAPHICS</emphasis>
<anchor xml:id="__window_8h_source_1l00067"/>00067 &#32;&#32;&#32;&#32;&#32;&#32;&#32;&#32;_GraphicsGDI*&#32;graphics&#32;=&#32;<emphasis role="keyword">nullptr</emphasis>;
<anchor xml:id="__window_8h_source_1l00068"/>00068 <emphasis role="preprocessor">#else</emphasis>
<anchor xml:id="__window_8h_source_1l00069"/>00069 &#32;&#32;&#32;&#32;&#32;&#32;&#32;&#32;_Graphics*&#32;graphics&#32;=&#32;<emphasis role="keyword">nullptr</emphasis>;
<anchor xml:id="__window_8h_source_1l00070"/>00070 <emphasis role="preprocessor">#endif</emphasis>
<anchor xml:id="__window_8h_source_1l00071"/>00071 &#32;&#32;&#32;&#32;};
<anchor xml:id="__window_8h_source_1l00072"/>00072 }
</programlisting></section>
