<?xml version='1.0' encoding='UTF-8' standalone='no'?>
<section xmlns="http://docbook.org/ns/docbook" version="5.0" xmlns:xlink="http://www.w3.org/1999/xlink" xml:id="__win_a_p_i_8h_source" xml:lang="en-US">
<title>WinAPI.h</title>
<indexterm><primary>TinyLib/Base/Win/WinAPI.h</primary></indexterm>
Go to the documentation of this file.<programlisting linenumbering="unnumbered"><anchor xml:id="__win_a_p_i_8h_source_1l00001"/>00001 <emphasis role="comment">//&#32;This&#32;file&#32;is&#32;an&#32;advanced&#32;windows.h&#32;definition&#32;so&#32;that&#32;I&#32;can&#32;customize.</emphasis>
<anchor xml:id="__win_a_p_i_8h_source_1l00002"/>00002 <emphasis role="preprocessor">#pragma&#32;once</emphasis>
<anchor xml:id="__win_a_p_i_8h_source_1l00003"/>00003 
<anchor xml:id="__win_a_p_i_8h_source_1l00004"/>00004 <emphasis role="comment">//&#32;GetTickCount&#32;needs&#32;this.</emphasis>
<anchor xml:id="__win_a_p_i_8h_source_1l00005"/><link linkend="__win_a_p_i_8h_1ac50762666aa00bd3a4308158510f1748">00005</link> <emphasis role="preprocessor">#define&#32;_WIN32_WINNT&#32;0x0601</emphasis>
<anchor xml:id="__win_a_p_i_8h_source_1l00006"/>00006 
<anchor xml:id="__win_a_p_i_8h_source_1l00007"/>00007 <emphasis role="preprocessor">#include&#32;&lt;Windows.h&gt;</emphasis>
<anchor xml:id="__win_a_p_i_8h_source_1l00008"/>00008 <emphasis role="preprocessor">#include&#32;&lt;d3d11.h&gt;</emphasis>
<anchor xml:id="__win_a_p_i_8h_source_1l00009"/>00009 <emphasis role="preprocessor">#include&#32;&lt;dxgi1_2.h&gt;</emphasis>
<anchor xml:id="__win_a_p_i_8h_source_1l00010"/>00010 <emphasis role="preprocessor">#include&#32;&lt;d3dcompiler.h&gt;</emphasis>
<anchor xml:id="__win_a_p_i_8h_source_1l00011"/>00011 <emphasis role="preprocessor">#include&#32;&lt;DirectXMath.h&gt;</emphasis>
<anchor xml:id="__win_a_p_i_8h_source_1l00012"/>00012 <emphasis role="preprocessor">#include&#32;&lt;wrl/client.h&gt;</emphasis>
<anchor xml:id="__win_a_p_i_8h_source_1l00013"/>00013 <emphasis role="preprocessor">#include&#32;&lt;dwrite.h&gt;</emphasis>
<anchor xml:id="__win_a_p_i_8h_source_1l00014"/>00014 <emphasis role="preprocessor">#include&#32;&lt;d2d1.h&gt;</emphasis>
<anchor xml:id="__win_a_p_i_8h_source_1l00015"/>00015 
<anchor xml:id="__win_a_p_i_8h_source_1l00016"/>00016 <emphasis role="comment">//&#32;Needed&#32;for&#32;DirectX.</emphasis>
<anchor xml:id="__win_a_p_i_8h_source_1l00017"/>00017 <emphasis role="preprocessor">#pragma&#32;comment(lib,&#32;&quot;d3d11.lib&quot;)</emphasis>
<anchor xml:id="__win_a_p_i_8h_source_1l00018"/>00018 <emphasis role="preprocessor">#pragma&#32;comment(lib,&#32;&quot;d2d1.lib&quot;)</emphasis>
<anchor xml:id="__win_a_p_i_8h_source_1l00019"/>00019 <emphasis role="preprocessor">#pragma&#32;comment(lib,&#32;&quot;dwrite.lib&quot;)</emphasis>
<anchor xml:id="__win_a_p_i_8h_source_1l00020"/>00020 <emphasis role="preprocessor">#pragma&#32;comment(lib,&#32;&quot;dxgi.lib&quot;)</emphasis>
<anchor xml:id="__win_a_p_i_8h_source_1l00021"/>00021 
<anchor xml:id="__win_a_p_i_8h_source_1l00022"/>00022 <emphasis role="comment">//&#32;Encryption</emphasis>
<anchor xml:id="__win_a_p_i_8h_source_1l00023"/>00023 <emphasis role="preprocessor">#pragma&#32;comment(lib,&#32;&quot;Advapi32.lib&quot;)</emphasis>
<anchor xml:id="__win_a_p_i_8h_source_1l00024"/>00024 
<anchor xml:id="__win_a_p_i_8h_source_1l00025"/>00025 <emphasis role="comment">//&#32;Stop&#32;Windows&#32;Rectangle&#32;from&#32;interfering&#32;with&#32;mine.</emphasis>
<anchor xml:id="__win_a_p_i_8h_source_1l00026"/>00026 <emphasis role="preprocessor">#undef&#32;Rectangle</emphasis>
</programlisting></section>
