<?xml version='1.0' encoding='UTF-8' standalone='no'?>
<section xmlns="http://docbook.org/ns/docbook" version="5.0" xmlns:xlink="http://www.w3.org/1999/xlink" xml:id="_annotated" xml:lang="en-US">
<title>Class List</title>
Here are the classes, structs, unions and interfaces with brief descriptions:<link linkend="_structtl_1_1_color">tl::Color</link><link linkend="_classtl_1_1_console">tl::Console</link><link linkend="_classtl_1_1_drawable">tl::Drawable</link><link linkend="_classtl_1_1_file">tl::File</link><link linkend="_classtl_1_1_key">tl::Key</link><link linkend="_classtl_1_1_mouse">tl::Mouse</link><link linkend="_classtl_1_1_rectangle">tl::Rectangle</link><link linkend="_classtl_1_1_text">tl::Text</link><link linkend="_classtl_1_1_time">tl::Time</link><link linkend="_structtl_1_1_vec2i">tl::Vec2i</link><link linkend="_structtl_1_1_vec3i">tl::Vec3i</link><link linkend="_structtl_1_1_vec4i">tl::Vec4i</link><link linkend="_classtl_1_1_vector">tl::Vector&lt; T &gt;</link><link linkend="_classtl_1_1_window">tl::Window</link></section>
