<?xml version='1.0' encoding='UTF-8' standalone='no'?>
<section xmlns="http://docbook.org/ns/docbook" version="5.0" xmlns:xlink="http://www.w3.org/1999/xlink" xml:id="_classtl_1_1_drawable" xml:lang="en-US">
<title>tl::Drawable Class Reference</title>
<indexterm><primary>tl::Drawable</primary></indexterm>
<para>
<computeroutput>#include &lt;Drawable.h&gt;</computeroutput>
</para>
<para>Inheritance diagram for tl::Drawable:    <informalfigure>
        <mediaobject>
            <imageobject>
                <imagedata width="50%" align="center" valign="middle" scalefit="0" fileref="classtl_1_1_drawable.png"></imagedata>
            </imageobject>
        </mediaobject>
    </informalfigure>
</para>
<simplesect>
    <title>Public Member Functions    </title>
        <itemizedlist>
            <listitem><para><link linkend="_classtl_1_1_drawable_1a30ea7ef3cbe247eab261d2cda94dd09f">Drawable</link> (<link linkend="_structtl_1_1_vec4i">Vec4i</link> bounds={0, 0, 0, 0})</para>

<para>Creates a new drawable object with it&apos;s position and size. </para>
</listitem>
            <listitem><para><link linkend="_classtl_1_1_drawable_1a2f8eb9b1fdb74f27a08659d19c58dffa">~Drawable</link> ()</para>

<para>Nothing to clean up for now. </para>
</listitem>
            <listitem><para>void <link linkend="_classtl_1_1_drawable_1aaca2b652b94ac8c14c5e173d15595958">setPosition</link> (<link linkend="_structtl_1_1_vec2i">Vec2i</link>)</para>

<para>Set position of this drawable object. </para>
</listitem>
            <listitem><para>void <link linkend="_classtl_1_1_drawable_1a0bc453f3511224e52e15576ea835873b">setSize</link> (<link linkend="_structtl_1_1_vec2i">Vec2i</link>)</para>

<para>Set size of this drawable object. </para>
</listitem>
            <listitem><para><link linkend="_structtl_1_1_vec2i">Vec2i</link> <link linkend="_classtl_1_1_drawable_1ae72500b4134b8187966650dcfc07b27f">getPosition</link> () const</para>

<para>Get the current position of this drawable object. </para>
</listitem>
            <listitem><para><link linkend="_structtl_1_1_vec2i">Vec2i</link> <link linkend="_classtl_1_1_drawable_1a09bca9a11e2fc75ad5298f5bf0c6399f">getSize</link> () const</para>

<para>Get the current size of this drawable object. </para>
</listitem>
            <listitem><para><link linkend="_structtl_1_1_color">Color</link> <link linkend="_classtl_1_1_drawable_1acf6f9bbe46b4badaa8d4949a93c818ba">getColor</link> () const</para>

<para>Get the current color of this drawable object. </para>
</listitem>
            <listitem><para>void <link linkend="_classtl_1_1_drawable_1ad680b7ea9995f1c20873d964e8748293">move</link> (<link linkend="_structtl_1_1_vec2i">Vec2i</link>)</para>

<para>Move this drawable object from current position. </para>
</listitem>
            <listitem><para>void <link linkend="_classtl_1_1_drawable_1ae4bea63524c914d624fe1c9f0ef4edd2">setColor</link> (<link linkend="_structtl_1_1_color">Color</link>)</para>

<para>Set the color of this drawable object. </para>
</listitem>
            <listitem><para><link linkend="_namespacetl_1a4c8bdcbc2193d28b2c445bc8e895d6cd">bit</link> <link linkend="_classtl_1_1_drawable_1ae17a89d83f64f26e01cb5b1371a110c5">intersects</link> (<link linkend="_classtl_1_1_drawable">Drawable</link> &amp;) const</para>

<para>Check if this drawable is intersecting with another. </para>
</listitem>
            <listitem><para><link linkend="_namespacetl_1a4c8bdcbc2193d28b2c445bc8e895d6cd">bit</link> <link linkend="_classtl_1_1_drawable_1afd87e8323f304ae6dacb8f06057a3963">intersects</link> (<link linkend="_classtl_1_1_window">Window</link> &amp;) const</para>

<para>Check if this drawable is inside the window. </para>
</listitem>
        </itemizedlist>
</simplesect>
<simplesect>
    <title>Protected Attributes    </title>
        <itemizedlist>
            <listitem><para><link linkend="_namespacetl_1a265a9f7c42ef723ea69373d72f9cf195">s32</link> <link linkend="_classtl_1_1_drawable_1a005875cab6106fa1c8983884ee3a7072">posX</link></para>
</listitem>
            <listitem><para><link linkend="_namespacetl_1a265a9f7c42ef723ea69373d72f9cf195">s32</link> <link linkend="_classtl_1_1_drawable_1adc938c28638d39be3c53207ee625611d">posY</link></para>
</listitem>
            <listitem><para><link linkend="_namespacetl_1a265a9f7c42ef723ea69373d72f9cf195">s32</link> <link linkend="_classtl_1_1_drawable_1a06d58589b24ff1ba0d8a0c776a3a0eeb">sizeX</link></para>
</listitem>
            <listitem><para><link linkend="_namespacetl_1a265a9f7c42ef723ea69373d72f9cf195">s32</link> <link linkend="_classtl_1_1_drawable_1ad9f165dbfcfff7a16d8e9e3862838675">sizeY</link></para>
</listitem>
            <listitem><para><link linkend="_namespacetl_1a7d0bc20d8f81c8896790b9438e88bfb9">u8</link> <link linkend="_classtl_1_1_drawable_1a848cc01cc9b0ff02528e3c287bcda9ad">r</link> = 0</para>
</listitem>
            <listitem><para><link linkend="_namespacetl_1a7d0bc20d8f81c8896790b9438e88bfb9">u8</link> <link linkend="_classtl_1_1_drawable_1a4d46800e890cd5d5a62b500fe9c982f1">g</link> = 0</para>
</listitem>
            <listitem><para><link linkend="_namespacetl_1a7d0bc20d8f81c8896790b9438e88bfb9">u8</link> <link linkend="_classtl_1_1_drawable_1aec88d5f58549c9dedf31f09e684f4ff1">b</link> = 0</para>
</listitem>
            <listitem><para><link linkend="_namespacetl_1a7d0bc20d8f81c8896790b9438e88bfb9">u8</link> <link linkend="_classtl_1_1_drawable_1a2c5bec3ff2fde9d0316571f2ae374515">a</link> = 0</para>
</listitem>
        </itemizedlist>
</simplesect>
<section>
<title>Detailed Description</title>
<para>
Definition at line <link linkend="__drawable_8h_source_1l00011">11</link> of file <link linkend="__drawable_8h_source">Drawable.h</link>.</para>
</section>
<section>
<title>Constructor &amp; Destructor Documentation</title>
<anchor xml:id="_classtl_1_1_drawable_1a30ea7ef3cbe247eab261d2cda94dd09f"/><section>
    <title>Drawable()</title>
<indexterm><primary>Drawable</primary><secondary>tl::Drawable</secondary></indexterm>
<indexterm><primary>tl::Drawable</primary><secondary>Drawable</secondary></indexterm>
<para><computeroutput>tl::Drawable::Drawable (<link linkend="_structtl_1_1_vec4i">Vec4i</link> bounds = <computeroutput>{0,&#160;0,&#160;0,&#160;0}</computeroutput>
)</computeroutput></para><para>

<para>Creates a new drawable object with it&apos;s position and size. </para>
</para>

<para>
                <formalpara>
                    <title>
Parameters</title>
                    <para>
                    <table frame="all">
                        <tgroup cols="2" align="left" colsep="1" rowsep="1">
                        <colspec colwidth="1*"/>
                        <colspec colwidth="4*"/>
                        <tbody>
                            <row>
<entry>bounds</entry><entry>
<para>Boundaries of this drawable, (width, height, left, top). </para>
</entry>
                            </row>
                        </tbody>
                        </tgroup>
                    </table>
                    </para>
                </formalpara>
                </para>
<para>
Definition at line <link linkend="__drawable_8cpp_source_1l00009">9</link> of file <link linkend="__drawable_8cpp_source">Drawable.cpp</link>.</para>
</section>
<anchor xml:id="_classtl_1_1_drawable_1a2f8eb9b1fdb74f27a08659d19c58dffa"/><section>
    <title>~Drawable()</title>
<indexterm><primary>~Drawable</primary><secondary>tl::Drawable</secondary></indexterm>
<indexterm><primary>tl::Drawable</primary><secondary>~Drawable</secondary></indexterm>
<para><computeroutput>tl::Drawable::~Drawable ( )</computeroutput></para><para>

<para>Nothing to clean up for now. </para>
</para>
<para>
Definition at line <link linkend="__drawable_8cpp_source_1l00017">17</link> of file <link linkend="__drawable_8cpp_source">Drawable.cpp</link>.</para>
</section>
</section>
<section>
<title>Member Function Documentation</title>
<anchor xml:id="_classtl_1_1_drawable_1acf6f9bbe46b4badaa8d4949a93c818ba"/><section>
    <title>getColor()</title>
<indexterm><primary>getColor</primary><secondary>tl::Drawable</secondary></indexterm>
<indexterm><primary>tl::Drawable</primary><secondary>getColor</secondary></indexterm>
<para><computeroutput><link linkend="_structtl_1_1_color">Color</link> tl::Drawable::getColor ( ) const</computeroutput></para><para>

<para>Get the current color of this drawable object. </para>
</para>

<para><formalpara><title>Returns</title>

<para>Current color. </para>
</formalpara>
</para>
<para>
Definition at line <link linkend="__drawable_8cpp_source_1l00075">75</link> of file <link linkend="__drawable_8cpp_source">Drawable.cpp</link>.</para>
</section>
<anchor xml:id="_classtl_1_1_drawable_1ae72500b4134b8187966650dcfc07b27f"/><section>
    <title>getPosition()</title>
<indexterm><primary>getPosition</primary><secondary>tl::Drawable</secondary></indexterm>
<indexterm><primary>tl::Drawable</primary><secondary>getPosition</secondary></indexterm>
<para><computeroutput><link linkend="_structtl_1_1_vec2i">Vec2i</link> tl::Drawable::getPosition ( ) const</computeroutput></para><para>

<para>Get the current position of this drawable object. </para>
</para>

<para><formalpara><title>Returns</title>

<para>X-position, Y-position. </para>
</formalpara>
</para>
<para>
Definition at line <link linkend="__drawable_8cpp_source_1l00041">41</link> of file <link linkend="__drawable_8cpp_source">Drawable.cpp</link>.</para>
</section>
<anchor xml:id="_classtl_1_1_drawable_1a09bca9a11e2fc75ad5298f5bf0c6399f"/><section>
    <title>getSize()</title>
<indexterm><primary>getSize</primary><secondary>tl::Drawable</secondary></indexterm>
<indexterm><primary>tl::Drawable</primary><secondary>getSize</secondary></indexterm>
<para><computeroutput><link linkend="_structtl_1_1_vec2i">Vec2i</link> tl::Drawable::getSize ( ) const</computeroutput></para><para>

<para>Get the current size of this drawable object. </para>
</para>

<para><formalpara><title>Returns</title>

<para>Width, height. </para>
</formalpara>
</para>
<para>
Definition at line <link linkend="__drawable_8cpp_source_1l00049">49</link> of file <link linkend="__drawable_8cpp_source">Drawable.cpp</link>.</para>
</section>
<anchor xml:id="_classtl_1_1_drawable_1ae17a89d83f64f26e01cb5b1371a110c5"/><section>
    <title>intersects()<computeroutput>[1/2]</computeroutput></title>
<indexterm><primary>intersects</primary><secondary>tl::Drawable</secondary></indexterm>
<indexterm><primary>tl::Drawable</primary><secondary>intersects</secondary></indexterm>
<para><computeroutput><link linkend="_namespacetl_1a4c8bdcbc2193d28b2c445bc8e895d6cd">bit</link> tl::Drawable::intersects (<link linkend="_classtl_1_1_drawable">Drawable</link> &amp; other) const</computeroutput></para><para>

<para>Check if this drawable is intersecting with another. </para>
</para>

<para>
                <formalpara>
                    <title>
Parameters</title>
                    <para>
                    <table frame="all">
                        <tgroup cols="2" align="left" colsep="1" rowsep="1">
                        <colspec colwidth="1*"/>
                        <colspec colwidth="4*"/>
                        <tbody>
                            <row>
<entry>other</entry><entry>
<para>The drawable object to compare with this one. </para>
</entry>
                            </row>
                        </tbody>
                        </tgroup>
                    </table>
                    </para>
                </formalpara>
                <formalpara><title>Returns</title>

<para>True if both objects intersect.</para>
</formalpara>
Compares the boundaries of both drawable objects. Using position and size, if they overlap anywhere, then this is true for an intersection. </para>
<para>
Definition at line <link linkend="__drawable_8cpp_source_1l00087">87</link> of file <link linkend="__drawable_8cpp_source">Drawable.cpp</link>.</para>
</section>
<anchor xml:id="_classtl_1_1_drawable_1afd87e8323f304ae6dacb8f06057a3963"/><section>
    <title>intersects()<computeroutput>[2/2]</computeroutput></title>
<indexterm><primary>intersects</primary><secondary>tl::Drawable</secondary></indexterm>
<indexterm><primary>tl::Drawable</primary><secondary>intersects</secondary></indexterm>
<para><computeroutput><link linkend="_namespacetl_1a4c8bdcbc2193d28b2c445bc8e895d6cd">bit</link> tl::Drawable::intersects (<link linkend="_classtl_1_1_window">Window</link> &amp; window) const</computeroutput></para><para>

<para>Check if this drawable is inside the window. </para>
</para>

<para>
                <formalpara>
                    <title>
Parameters</title>
                    <para>
                    <table frame="all">
                        <tgroup cols="2" align="left" colsep="1" rowsep="1">
                        <colspec colwidth="1*"/>
                        <colspec colwidth="4*"/>
                        <tbody>
                            <row>
<entry>window</entry><entry>
<para>The window to compare with. </para>
</entry>
                            </row>
                        </tbody>
                        </tgroup>
                    </table>
                    </para>
                </formalpara>
                <formalpara><title>Returns</title>

<para>True if this drawable is inside window.</para>
</formalpara>
If this drawable is fully outside window (not visible), then it will return false. Helpful for rendering only on-screen objects. </para>
<para>
Definition at line <link linkend="__drawable_8cpp_source_1l00102">102</link> of file <link linkend="__drawable_8cpp_source">Drawable.cpp</link>.</para>
</section>
<anchor xml:id="_classtl_1_1_drawable_1ad680b7ea9995f1c20873d964e8748293"/><section>
    <title>move()</title>
<indexterm><primary>move</primary><secondary>tl::Drawable</secondary></indexterm>
<indexterm><primary>tl::Drawable</primary><secondary>move</secondary></indexterm>
<para><computeroutput>void tl::Drawable::move (<link linkend="_structtl_1_1_vec2i">Vec2i</link> pos)</computeroutput></para><para>

<para>Move this drawable object from current position. </para>
</para>

<para>
                <formalpara>
                    <title>
Parameters</title>
                    <para>
                    <table frame="all">
                        <tgroup cols="2" align="left" colsep="1" rowsep="1">
                        <colspec colwidth="1*"/>
                        <colspec colwidth="4*"/>
                        <tbody>
                            <row>
<entry>pos</entry><entry>
<para>How far to move the x, y of this <link linkend="_classtl_1_1_drawable">Drawable</link>.</para>
</entry>
                            </row>
                        </tbody>
                        </tgroup>
                    </table>
                    </para>
                </formalpara>
                Sets position relative to current position offset by x and y parameters. </para>
<para>
Definition at line <link linkend="__drawable_8cpp_source_1l00059">59</link> of file <link linkend="__drawable_8cpp_source">Drawable.cpp</link>.</para>
</section>
<anchor xml:id="_classtl_1_1_drawable_1ae4bea63524c914d624fe1c9f0ef4edd2"/><section>
    <title>setColor()</title>
<indexterm><primary>setColor</primary><secondary>tl::Drawable</secondary></indexterm>
<indexterm><primary>tl::Drawable</primary><secondary>setColor</secondary></indexterm>
<para><computeroutput>void tl::Drawable::setColor (<link linkend="_structtl_1_1_color">Color</link> color)</computeroutput></para><para>

<para>Set the color of this drawable object. </para>
</para>

<para>
                <formalpara>
                    <title>
Parameters</title>
                    <para>
                    <table frame="all">
                        <tgroup cols="2" align="left" colsep="1" rowsep="1">
                        <colspec colwidth="1*"/>
                        <colspec colwidth="4*"/>
                        <tbody>
                            <row>
<entry>color</entry><entry>
<para>New color for this object. </para>
</entry>
                            </row>
                        </tbody>
                        </tgroup>
                    </table>
                    </para>
                </formalpara>
                </para>
<para>
Definition at line <link linkend="__drawable_8cpp_source_1l00067">67</link> of file <link linkend="__drawable_8cpp_source">Drawable.cpp</link>.</para>
</section>
<anchor xml:id="_classtl_1_1_drawable_1aaca2b652b94ac8c14c5e173d15595958"/><section>
    <title>setPosition()</title>
<indexterm><primary>setPosition</primary><secondary>tl::Drawable</secondary></indexterm>
<indexterm><primary>tl::Drawable</primary><secondary>setPosition</secondary></indexterm>
<para><computeroutput>void tl::Drawable::setPosition (<link linkend="_structtl_1_1_vec2i">Vec2i</link> pos)</computeroutput></para><para>

<para>Set position of this drawable object. </para>
</para>

<para>
                <formalpara>
                    <title>
Parameters</title>
                    <para>
                    <table frame="all">
                        <tgroup cols="2" align="left" colsep="1" rowsep="1">
                        <colspec colwidth="1*"/>
                        <colspec colwidth="4*"/>
                        <tbody>
                            <row>
<entry>pos</entry><entry>
<para>New x, y position for this drawable. </para>
</entry>
                            </row>
                        </tbody>
                        </tgroup>
                    </table>
                    </para>
                </formalpara>
                </para>
<para>
Definition at line <link linkend="__drawable_8cpp_source_1l00025">25</link> of file <link linkend="__drawable_8cpp_source">Drawable.cpp</link>.</para>
</section>
<anchor xml:id="_classtl_1_1_drawable_1a0bc453f3511224e52e15576ea835873b"/><section>
    <title>setSize()</title>
<indexterm><primary>setSize</primary><secondary>tl::Drawable</secondary></indexterm>
<indexterm><primary>tl::Drawable</primary><secondary>setSize</secondary></indexterm>
<para><computeroutput>void tl::Drawable::setSize (<link linkend="_structtl_1_1_vec2i">Vec2i</link> size)</computeroutput></para><para>

<para>Set size of this drawable object. </para>
</para>

<para>
                <formalpara>
                    <title>
Parameters</title>
                    <para>
                    <table frame="all">
                        <tgroup cols="2" align="left" colsep="1" rowsep="1">
                        <colspec colwidth="1*"/>
                        <colspec colwidth="4*"/>
                        <tbody>
                            <row>
<entry>size</entry><entry>
<para>Set the width, height of this drawable. </para>
</entry>
                            </row>
                        </tbody>
                        </tgroup>
                    </table>
                    </para>
                </formalpara>
                </para>
<para>
Definition at line <link linkend="__drawable_8cpp_source_1l00033">33</link> of file <link linkend="__drawable_8cpp_source">Drawable.cpp</link>.</para>
</section>
</section>
<section>
<title>Member Data Documentation</title>
<anchor xml:id="_classtl_1_1_drawable_1a2c5bec3ff2fde9d0316571f2ae374515"/><section>
    <title>a</title>
<indexterm><primary>a</primary><secondary>tl::Drawable</secondary></indexterm>
<indexterm><primary>tl::Drawable</primary><secondary>a</secondary></indexterm>
<para><computeroutput><link linkend="_namespacetl_1a7d0bc20d8f81c8896790b9438e88bfb9">u8</link> tl::Drawable::a = 0<computeroutput>[protected]</computeroutput></computeroutput></para><para>
Definition at line <link linkend="__drawable_8h_source_1l00028">28</link> of file <link linkend="__drawable_8h_source">Drawable.h</link>.</para>
</section>
<anchor xml:id="_classtl_1_1_drawable_1aec88d5f58549c9dedf31f09e684f4ff1"/><section>
    <title>b</title>
<indexterm><primary>b</primary><secondary>tl::Drawable</secondary></indexterm>
<indexterm><primary>tl::Drawable</primary><secondary>b</secondary></indexterm>
<para><computeroutput><link linkend="_namespacetl_1a7d0bc20d8f81c8896790b9438e88bfb9">u8</link> tl::Drawable::b = 0<computeroutput>[protected]</computeroutput></computeroutput></para><para>
Definition at line <link linkend="__drawable_8h_source_1l00028">28</link> of file <link linkend="__drawable_8h_source">Drawable.h</link>.</para>
</section>
<anchor xml:id="_classtl_1_1_drawable_1a4d46800e890cd5d5a62b500fe9c982f1"/><section>
    <title>g</title>
<indexterm><primary>g</primary><secondary>tl::Drawable</secondary></indexterm>
<indexterm><primary>tl::Drawable</primary><secondary>g</secondary></indexterm>
<para><computeroutput><link linkend="_namespacetl_1a7d0bc20d8f81c8896790b9438e88bfb9">u8</link> tl::Drawable::g = 0<computeroutput>[protected]</computeroutput></computeroutput></para><para>
Definition at line <link linkend="__drawable_8h_source_1l00028">28</link> of file <link linkend="__drawable_8h_source">Drawable.h</link>.</para>
</section>
<anchor xml:id="_classtl_1_1_drawable_1a005875cab6106fa1c8983884ee3a7072"/><section>
    <title>posX</title>
<indexterm><primary>posX</primary><secondary>tl::Drawable</secondary></indexterm>
<indexterm><primary>tl::Drawable</primary><secondary>posX</secondary></indexterm>
<para><computeroutput><link linkend="_namespacetl_1a265a9f7c42ef723ea69373d72f9cf195">s32</link> tl::Drawable::posX<computeroutput>[protected]</computeroutput></computeroutput></para><para>
Definition at line <link linkend="__drawable_8h_source_1l00027">27</link> of file <link linkend="__drawable_8h_source">Drawable.h</link>.</para>
</section>
<anchor xml:id="_classtl_1_1_drawable_1adc938c28638d39be3c53207ee625611d"/><section>
    <title>posY</title>
<indexterm><primary>posY</primary><secondary>tl::Drawable</secondary></indexterm>
<indexterm><primary>tl::Drawable</primary><secondary>posY</secondary></indexterm>
<para><computeroutput><link linkend="_namespacetl_1a265a9f7c42ef723ea69373d72f9cf195">s32</link> tl::Drawable::posY<computeroutput>[protected]</computeroutput></computeroutput></para><para>
Definition at line <link linkend="__drawable_8h_source_1l00027">27</link> of file <link linkend="__drawable_8h_source">Drawable.h</link>.</para>
</section>
<anchor xml:id="_classtl_1_1_drawable_1a848cc01cc9b0ff02528e3c287bcda9ad"/><section>
    <title>r</title>
<indexterm><primary>r</primary><secondary>tl::Drawable</secondary></indexterm>
<indexterm><primary>tl::Drawable</primary><secondary>r</secondary></indexterm>
<para><computeroutput><link linkend="_namespacetl_1a7d0bc20d8f81c8896790b9438e88bfb9">u8</link> tl::Drawable::r = 0<computeroutput>[protected]</computeroutput></computeroutput></para><para>
Definition at line <link linkend="__drawable_8h_source_1l00028">28</link> of file <link linkend="__drawable_8h_source">Drawable.h</link>.</para>
</section>
<anchor xml:id="_classtl_1_1_drawable_1a06d58589b24ff1ba0d8a0c776a3a0eeb"/><section>
    <title>sizeX</title>
<indexterm><primary>sizeX</primary><secondary>tl::Drawable</secondary></indexterm>
<indexterm><primary>tl::Drawable</primary><secondary>sizeX</secondary></indexterm>
<para><computeroutput><link linkend="_namespacetl_1a265a9f7c42ef723ea69373d72f9cf195">s32</link> tl::Drawable::sizeX<computeroutput>[protected]</computeroutput></computeroutput></para><para>
Definition at line <link linkend="__drawable_8h_source_1l00027">27</link> of file <link linkend="__drawable_8h_source">Drawable.h</link>.</para>
</section>
<anchor xml:id="_classtl_1_1_drawable_1ad9f165dbfcfff7a16d8e9e3862838675"/><section>
    <title>sizeY</title>
<indexterm><primary>sizeY</primary><secondary>tl::Drawable</secondary></indexterm>
<indexterm><primary>tl::Drawable</primary><secondary>sizeY</secondary></indexterm>
<para><computeroutput><link linkend="_namespacetl_1a265a9f7c42ef723ea69373d72f9cf195">s32</link> tl::Drawable::sizeY<computeroutput>[protected]</computeroutput></computeroutput></para><para>
Definition at line <link linkend="__drawable_8h_source_1l00027">27</link> of file <link linkend="__drawable_8h_source">Drawable.h</link>.</para>
</section>
<para>
The documentation for this class was generated from the following files:</para>
TinyLib/Graphics/<link linkend="__drawable_8h">Drawable.h</link>TinyLib/Graphics/<link linkend="__drawable_8cpp">Drawable.cpp</link></section>
</section>
