<?xml version='1.0' encoding='UTF-8' standalone='no'?>
<section xmlns="http://docbook.org/ns/docbook" version="5.0" xmlns:xlink="http://www.w3.org/1999/xlink" xml:id="_classtl_1_1_time" xml:lang="en-US">
<title>tl::Time Class Reference</title>
<indexterm><primary>tl::Time</primary></indexterm>
<para>
<computeroutput>#include &lt;Time.h&gt;</computeroutput>
</para>
<simplesect>
    <title>Public Member Functions    </title>
        <itemizedlist>
            <listitem><para><link linkend="_classtl_1_1_time_1a34f8675ccfa9e803c9ce72a837ecfe51">Time</link> ()</para>

<para><link linkend="_classtl_1_1_time">Time</link> value gets set right away upon creation. </para>
</listitem>
            <listitem><para><link linkend="_classtl_1_1_time_1a3e69fca7e1810f6c904dd66a8045d743">Time</link> (<link linkend="_namespacetl_1a904241d60278f00c7d91b31161237d62">u64</link> timeValue)</para>

<para>Probably avoid this for now lol. - I plan to change it later. </para>
</listitem>
            <listitem><para><link linkend="_classtl_1_1_time_1afaed444aa23b96b0c0070e55e9821d9a">~Time</link> ()</para>

<para>Nothing to clean up here for now. </para>
</listitem>
            <listitem><para><link linkend="_namespacetl_1a904241d60278f00c7d91b31161237d62">u64</link> <link linkend="_classtl_1_1_time_1a69a320e7414645c62a9f63d52d907a02">getTime</link> ()</para>

<para>Get the current time data from this object. </para>
</listitem>
            <listitem><para>void <link linkend="_classtl_1_1_time_1ac23bdcb12fe6d39a370f2d35c588ef30">update</link> ()</para>

<para>Update the time data to what it should be right now. </para>
</listitem>
        </itemizedlist>
</simplesect>
<simplesect>
    <title>Static Public Member Functions    </title>
        <itemizedlist>
            <listitem><para>static <link linkend="_namespacetl_1a904241d60278f00c7d91b31161237d62">u64</link> <link linkend="_classtl_1_1_time_1a4cc3ff829d334cf59c3aacb0ab181c0e">currentTime</link> ()</para>

<para>Static way to get a current time value. </para>
</listitem>
        </itemizedlist>
</simplesect>
<section>
<title>Detailed Description</title>
<para>
Definition at line <link linkend="__time_8h_source_1l00008">8</link> of file <link linkend="__time_8h_source">Time.h</link>.</para>
</section>
<section>
<title>Constructor &amp; Destructor Documentation</title>
<anchor xml:id="_classtl_1_1_time_1a34f8675ccfa9e803c9ce72a837ecfe51"/><section>
    <title>Time()<computeroutput>[1/2]</computeroutput></title>
<indexterm><primary>Time</primary><secondary>tl::Time</secondary></indexterm>
<indexterm><primary>tl::Time</primary><secondary>Time</secondary></indexterm>
<para><computeroutput>tl::Time::Time ( )</computeroutput></para><para>

<para><link linkend="_classtl_1_1_time">Time</link> value gets set right away upon creation. </para>
</para>
<para>
Definition at line <link linkend="__time_8cpp_source_1l00007">7</link> of file <link linkend="__time_8cpp_source">Time.cpp</link>.</para>
</section>
<anchor xml:id="_classtl_1_1_time_1a3e69fca7e1810f6c904dd66a8045d743"/><section>
    <title>Time()<computeroutput>[2/2]</computeroutput></title>
<indexterm><primary>Time</primary><secondary>tl::Time</secondary></indexterm>
<indexterm><primary>tl::Time</primary><secondary>Time</secondary></indexterm>
<para><computeroutput>tl::Time::Time (<link linkend="_namespacetl_1a904241d60278f00c7d91b31161237d62">u64</link> timeValue)</computeroutput></para><para>

<para>Probably avoid this for now lol. - I plan to change it later. </para>
</para>

<para>
                <formalpara>
                    <title>
Parameters</title>
                    <para>
                    <table frame="all">
                        <tgroup cols="2" align="left" colsep="1" rowsep="1">
                        <colspec colwidth="1*"/>
                        <colspec colwidth="4*"/>
                        <tbody>
                            <row>
<entry>timeValue</entry><entry>
<para>What number you want the internal time data as. </para>
</entry>
                            </row>
                        </tbody>
                        </tgroup>
                    </table>
                    </para>
                </formalpara>
                </para>
<para>
Definition at line <link linkend="__time_8cpp_source_1l00015">15</link> of file <link linkend="__time_8cpp_source">Time.cpp</link>.</para>
</section>
<anchor xml:id="_classtl_1_1_time_1afaed444aa23b96b0c0070e55e9821d9a"/><section>
    <title>~Time()</title>
<indexterm><primary>~Time</primary><secondary>tl::Time</secondary></indexterm>
<indexterm><primary>tl::Time</primary><secondary>~Time</secondary></indexterm>
<para><computeroutput>tl::Time::~Time ( )</computeroutput></para><para>

<para>Nothing to clean up here for now. </para>
</para>
<para>
Definition at line <link linkend="__time_8cpp_source_1l00022">22</link> of file <link linkend="__time_8cpp_source">Time.cpp</link>.</para>
</section>
</section>
<section>
<title>Member Function Documentation</title>
<anchor xml:id="_classtl_1_1_time_1a4cc3ff829d334cf59c3aacb0ab181c0e"/><section>
    <title>currentTime()</title>
<indexterm><primary>currentTime</primary><secondary>tl::Time</secondary></indexterm>
<indexterm><primary>tl::Time</primary><secondary>currentTime</secondary></indexterm>
<para><computeroutput><link linkend="_namespacetl_1a904241d60278f00c7d91b31161237d62">u64</link> tl::Time::currentTime ( )<computeroutput>[static]</computeroutput></computeroutput></para><para>

<para>Static way to get a current time value. </para>
</para>

<para><formalpara><title>Returns</title>

<para>Current time value. </para>
</formalpara>
</para>
<para>
Definition at line <link linkend="__time_8cpp_source_1l00045">45</link> of file <link linkend="__time_8cpp_source">Time.cpp</link>.</para>
</section>
<anchor xml:id="_classtl_1_1_time_1a69a320e7414645c62a9f63d52d907a02"/><section>
    <title>getTime()</title>
<indexterm><primary>getTime</primary><secondary>tl::Time</secondary></indexterm>
<indexterm><primary>tl::Time</primary><secondary>getTime</secondary></indexterm>
<para><computeroutput><link linkend="_namespacetl_1a904241d60278f00c7d91b31161237d62">u64</link> tl::Time::getTime ( )</computeroutput></para><para>

<para>Get the current time data from this object. </para>
</para>

<para><formalpara><title>Returns</title>

<para><link linkend="_classtl_1_1_time">Time</link> data. </para>
</formalpara>
</para>
<para>
Definition at line <link linkend="__time_8cpp_source_1l00030">30</link> of file <link linkend="__time_8cpp_source">Time.cpp</link>.</para>
</section>
<anchor xml:id="_classtl_1_1_time_1ac23bdcb12fe6d39a370f2d35c588ef30"/><section>
    <title>update()</title>
<indexterm><primary>update</primary><secondary>tl::Time</secondary></indexterm>
<indexterm><primary>tl::Time</primary><secondary>update</secondary></indexterm>
<para><computeroutput>void tl::Time::update ( )</computeroutput></para><para>

<para>Update the time data to what it should be right now. </para>
</para>
<para>
Definition at line <link linkend="__time_8cpp_source_1l00037">37</link> of file <link linkend="__time_8cpp_source">Time.cpp</link>.</para>
</section>
<para>
The documentation for this class was generated from the following files:</para>
TinyLib/Base/<link linkend="__time_8h">Time.h</link>TinyLib/Base/<link linkend="__time_8cpp">Time.cpp</link></section>
</section>
