<?xml version='1.0' encoding='UTF-8' standalone='no'?>
<section xmlns="http://docbook.org/ns/docbook" version="5.0" xmlns:xlink="http://www.w3.org/1999/xlink" xml:id="_classtl_1_1_console" xml:lang="en-US">
<title>tl::Console Class Reference</title>
<indexterm><primary>tl::Console</primary></indexterm>
<para>
<computeroutput>#include &lt;Console.h&gt;</computeroutput>
</para>
<simplesect>
    <title>Public Types    </title>
        <itemizedlist>
            <listitem><para>enum { <link linkend="_classtl_1_1_console_1a38a9fa2929a4729faaf8115beaf57247a3329fdffb6147c571e247eeac0d3df82">Default</link> = 0
, <link linkend="_classtl_1_1_console_1a38a9fa2929a4729faaf8115beaf57247a64adb1d58c397edebef237f579be0364">Dec</link> = 1
, <link linkend="_classtl_1_1_console_1a38a9fa2929a4729faaf8115beaf57247a0e555b0fc424baadfbb68139c4553498">Hex</link> = 2
 }</para>
</listitem>
        </itemizedlist>
</simplesect>
<simplesect>
    <title>Public Member Functions    </title>
        <itemizedlist>
            <listitem><para><link linkend="_classtl_1_1_console_1ac0c7008acd6d093950b86703b4b5de12">Console</link> ()</para>

<para>Opens up a new console window. </para>
</listitem>
            <listitem><para><link linkend="_classtl_1_1_console_1a3a77a1046ea91222aea9725d64420bff">~Console</link> ()</para>

<para>Automatically closes the console when object is destroyed. </para>
</listitem>
            <listitem><para>void <link linkend="_classtl_1_1_console_1a28cbea123d31ecac8d40bc7a85ba2038">create</link> ()</para>

<para>Recreate the console window. </para>
</listitem>
            <listitem><para>void <link linkend="_classtl_1_1_console_1ab3d7e7bb288351089364bd2f90087ba8">close</link> ()</para>

<para>Manually close the console window. </para>
</listitem>
            <listitem><para>void <link linkend="_classtl_1_1_console_1a2664a8eef4e6510ccd4890f2d0bc8d57">print</link> (const char *)</para>

<para>Display a C-string in console. </para>
</listitem>
            <listitem><para>void <link linkend="_classtl_1_1_console_1ab1b9665ba361a679f9c08ab4572d1669">println</link> (const char *)</para>

<para>Display a C-string in console with a new line after. </para>
</listitem>
            <listitem><para>void <link linkend="_classtl_1_1_console_1a91d5c96f0cae60dff60530e6376f9804">print</link> (<link linkend="_namespacetl_1a027b49b4b1bb51bafeac7cac614cbf51">u32</link>)</para>

<para>Display a number in console. </para>
</listitem>
            <listitem><para>void <link linkend="_classtl_1_1_console_1a0b20510a491cb2ce72c2586161d78bb2">println</link> (<link linkend="_namespacetl_1a027b49b4b1bb51bafeac7cac614cbf51">u32</link>)</para>

<para>Display a number in console with a newline after. </para>
</listitem>
            <listitem><para>void <link linkend="_classtl_1_1_console_1a0b4ecfd95f4b4d11f84a2ff8d2047c7d">clear</link> ()</para>

<para>Clear the console. </para>
</listitem>
            <listitem><para>void <link linkend="_classtl_1_1_console_1a4264551a1d9018934ffe9d3046a9b31c">set</link> (<link linkend="_namespacetl_1a7d0bc20d8f81c8896790b9438e88bfb9">u8</link>)</para>

<para>Set certain settings for the console. </para>
</listitem>
            <listitem><para><link linkend="_namespacetl_1a4c8bdcbc2193d28b2c445bc8e895d6cd">bit</link> <link linkend="_classtl_1_1_console_1ae4d0cfc755e22969589c1e746594333a">isOpen</link> ()</para>

<para>Check if console is still open. </para>
</listitem>
        </itemizedlist>
</simplesect>
<section>
<title>Detailed Description</title>
<para>
Definition at line <link linkend="__console_8h_source_1l00008">8</link> of file <link linkend="__console_8h_source">Console.h</link>.</para>
</section>
<section>
<title>Member Enumeration Documentation</title>
<anchor xml:id="_classtl_1_1_console_1a38a9fa2929a4729faaf8115beaf57247"/><section>
    <title>anonymous enum</title>
<para><computeroutput>anonymous enum</computeroutput></para><informaltable frame="all">
<title>Enumerator</title>
    <tgroup cols="2" align="left" colsep="1" rowsep="1">
      <colspec colname='c1'/>
      <colspec colname='c2'/>
<tbody>
<row><entry><indexterm><primary>Default</primary><secondary>tl::Console</secondary></indexterm>
<indexterm><primary>tl::Console</primary><secondary>Default</secondary></indexterm>
<anchor xml:id="_classtl_1_1_console_1a38a9fa2929a4729faaf8115beaf57247a3329fdffb6147c571e247eeac0d3df82"/>Default</entry><entry></entry></row><row><entry><indexterm><primary>Dec</primary><secondary>tl::Console</secondary></indexterm>
<indexterm><primary>tl::Console</primary><secondary>Dec</secondary></indexterm>
<anchor xml:id="_classtl_1_1_console_1a38a9fa2929a4729faaf8115beaf57247a64adb1d58c397edebef237f579be0364"/>Dec</entry><entry></entry></row><row><entry><indexterm><primary>Hex</primary><secondary>tl::Console</secondary></indexterm>
<indexterm><primary>tl::Console</primary><secondary>Hex</secondary></indexterm>
<anchor xml:id="_classtl_1_1_console_1a38a9fa2929a4729faaf8115beaf57247a0e555b0fc424baadfbb68139c4553498"/>Hex</entry><entry></entry></row>    </tbody>
    </tgroup>
</informaltable>
<para>
Definition at line <link linkend="__console_8h_source_1l00024">24</link> of file <link linkend="__console_8h_source">Console.h</link>.</para>
</section>
</section>
<section>
<title>Constructor &amp; Destructor Documentation</title>
<anchor xml:id="_classtl_1_1_console_1ac0c7008acd6d093950b86703b4b5de12"/><section>
    <title>Console()</title>
<indexterm><primary>Console</primary><secondary>tl::Console</secondary></indexterm>
<indexterm><primary>tl::Console</primary><secondary>Console</secondary></indexterm>
<para><computeroutput>tl::Console::Console ( )</computeroutput></para><para>

<para>Opens up a new console window. </para>
</para>
<para>
Definition at line <link linkend="__console_8cpp_source_1l00007">7</link> of file <link linkend="__console_8cpp_source">Console.cpp</link>.</para>
</section>
<anchor xml:id="_classtl_1_1_console_1a3a77a1046ea91222aea9725d64420bff"/><section>
    <title>~Console()</title>
<indexterm><primary>~Console</primary><secondary>tl::Console</secondary></indexterm>
<indexterm><primary>tl::Console</primary><secondary>~Console</secondary></indexterm>
<para><computeroutput>tl::Console::~Console ( )</computeroutput></para><para>

<para>Automatically closes the console when object is destroyed. </para>
</para>
<para>
Definition at line <link linkend="__console_8cpp_source_1l00014">14</link> of file <link linkend="__console_8cpp_source">Console.cpp</link>.</para>
</section>
</section>
<section>
<title>Member Function Documentation</title>
<anchor xml:id="_classtl_1_1_console_1a0b4ecfd95f4b4d11f84a2ff8d2047c7d"/><section>
    <title>clear()</title>
<indexterm><primary>clear</primary><secondary>tl::Console</secondary></indexterm>
<indexterm><primary>tl::Console</primary><secondary>clear</secondary></indexterm>
<para><computeroutput>void tl::Console::clear ( )</computeroutput></para><para>

<para>Clear the console. </para>
</para>
<para>
Definition at line <link linkend="__console_8cpp_source_1l00079">79</link> of file <link linkend="__console_8cpp_source">Console.cpp</link>.</para>
</section>
<anchor xml:id="_classtl_1_1_console_1ab3d7e7bb288351089364bd2f90087ba8"/><section>
    <title>close()</title>
<indexterm><primary>close</primary><secondary>tl::Console</secondary></indexterm>
<indexterm><primary>tl::Console</primary><secondary>close</secondary></indexterm>
<para><computeroutput>void tl::Console::close ( )</computeroutput></para><para>

<para>Manually close the console window. </para>
</para>
<para>
Definition at line <link linkend="__console_8cpp_source_1l00029">29</link> of file <link linkend="__console_8cpp_source">Console.cpp</link>.</para>
</section>
<anchor xml:id="_classtl_1_1_console_1a28cbea123d31ecac8d40bc7a85ba2038"/><section>
    <title>create()</title>
<indexterm><primary>create</primary><secondary>tl::Console</secondary></indexterm>
<indexterm><primary>tl::Console</primary><secondary>create</secondary></indexterm>
<para><computeroutput>void tl::Console::create ( )</computeroutput></para><para>

<para>Recreate the console window. </para>
</para>
<para>
Definition at line <link linkend="__console_8cpp_source_1l00021">21</link> of file <link linkend="__console_8cpp_source">Console.cpp</link>.</para>
</section>
<anchor xml:id="_classtl_1_1_console_1ae4d0cfc755e22969589c1e746594333a"/><section>
    <title>isOpen()</title>
<indexterm><primary>isOpen</primary><secondary>tl::Console</secondary></indexterm>
<indexterm><primary>tl::Console</primary><secondary>isOpen</secondary></indexterm>
<para><computeroutput><link linkend="_namespacetl_1a4c8bdcbc2193d28b2c445bc8e895d6cd">bit</link> tl::Console::isOpen ( )</computeroutput></para><para>

<para>Check if console is still open. </para>
</para>

<para><formalpara><title>Returns</title>

<para>True if console is open. </para>
</formalpara>
</para>
<para>
Definition at line <link linkend="__console_8cpp_source_1l00108">108</link> of file <link linkend="__console_8cpp_source">Console.cpp</link>.</para>
</section>
<anchor xml:id="_classtl_1_1_console_1a2664a8eef4e6510ccd4890f2d0bc8d57"/><section>
    <title>print()<computeroutput>[1/2]</computeroutput></title>
<indexterm><primary>print</primary><secondary>tl::Console</secondary></indexterm>
<indexterm><primary>tl::Console</primary><secondary>print</secondary></indexterm>
<para><computeroutput>void tl::Console::print (const char * text)</computeroutput></para><para>

<para>Display a C-string in console. </para>
</para>

<para>
                <formalpara>
                    <title>
Parameters</title>
                    <para>
                    <table frame="all">
                        <tgroup cols="2" align="left" colsep="1" rowsep="1">
                        <colspec colwidth="1*"/>
                        <colspec colwidth="4*"/>
                        <tbody>
                            <row>
<entry>text</entry><entry>
<para>What text to display. </para>
</entry>
                            </row>
                        </tbody>
                        </tgroup>
                    </table>
                    </para>
                </formalpara>
                </para>
<para>
Definition at line <link linkend="__console_8cpp_source_1l00037">37</link> of file <link linkend="__console_8cpp_source">Console.cpp</link>.</para>
</section>
<anchor xml:id="_classtl_1_1_console_1a91d5c96f0cae60dff60530e6376f9804"/><section>
    <title>print()<computeroutput>[2/2]</computeroutput></title>
<indexterm><primary>print</primary><secondary>tl::Console</secondary></indexterm>
<indexterm><primary>tl::Console</primary><secondary>print</secondary></indexterm>
<para><computeroutput>void tl::Console::print (<link linkend="_namespacetl_1a027b49b4b1bb51bafeac7cac614cbf51">u32</link> num)</computeroutput></para><para>

<para>Display a number in console. </para>
</para>

<para>
                <formalpara>
                    <title>
Parameters</title>
                    <para>
                    <table frame="all">
                        <tgroup cols="2" align="left" colsep="1" rowsep="1">
                        <colspec colwidth="1*"/>
                        <colspec colwidth="4*"/>
                        <tbody>
                            <row>
<entry>num</entry><entry>
<para>What number to display. </para>
</entry>
                            </row>
                        </tbody>
                        </tgroup>
                    </table>
                    </para>
                </formalpara>
                </para>
<para>
Definition at line <link linkend="__console_8cpp_source_1l00058">58</link> of file <link linkend="__console_8cpp_source">Console.cpp</link>.</para>
</section>
<anchor xml:id="_classtl_1_1_console_1ab1b9665ba361a679f9c08ab4572d1669"/><section>
    <title>println()<computeroutput>[1/2]</computeroutput></title>
<indexterm><primary>println</primary><secondary>tl::Console</secondary></indexterm>
<indexterm><primary>tl::Console</primary><secondary>println</secondary></indexterm>
<para><computeroutput>void tl::Console::println (const char * text)</computeroutput></para><para>

<para>Display a C-string in console with a new line after. </para>
</para>

<para>
                <formalpara>
                    <title>
Parameters</title>
                    <para>
                    <table frame="all">
                        <tgroup cols="2" align="left" colsep="1" rowsep="1">
                        <colspec colwidth="1*"/>
                        <colspec colwidth="4*"/>
                        <tbody>
                            <row>
<entry>text</entry><entry>
<para>What text to display. </para>
</entry>
                            </row>
                        </tbody>
                        </tgroup>
                    </table>
                    </para>
                </formalpara>
                </para>
<para>
Definition at line <link linkend="__console_8cpp_source_1l00049">49</link> of file <link linkend="__console_8cpp_source">Console.cpp</link>.</para>
</section>
<anchor xml:id="_classtl_1_1_console_1a0b20510a491cb2ce72c2586161d78bb2"/><section>
    <title>println()<computeroutput>[2/2]</computeroutput></title>
<indexterm><primary>println</primary><secondary>tl::Console</secondary></indexterm>
<indexterm><primary>tl::Console</primary><secondary>println</secondary></indexterm>
<para><computeroutput>void tl::Console::println (<link linkend="_namespacetl_1a027b49b4b1bb51bafeac7cac614cbf51">u32</link> num)</computeroutput></para><para>

<para>Display a number in console with a newline after. </para>
</para>

<para>
                <formalpara>
                    <title>
Parameters</title>
                    <para>
                    <table frame="all">
                        <tgroup cols="2" align="left" colsep="1" rowsep="1">
                        <colspec colwidth="1*"/>
                        <colspec colwidth="4*"/>
                        <tbody>
                            <row>
<entry>num</entry><entry>
<para>What number to display. </para>
</entry>
                            </row>
                        </tbody>
                        </tgroup>
                    </table>
                    </para>
                </formalpara>
                </para>
<para>
Definition at line <link linkend="__console_8cpp_source_1l00071">71</link> of file <link linkend="__console_8cpp_source">Console.cpp</link>.</para>
</section>
<anchor xml:id="_classtl_1_1_console_1a4264551a1d9018934ffe9d3046a9b31c"/><section>
    <title>set()</title>
<indexterm><primary>set</primary><secondary>tl::Console</secondary></indexterm>
<indexterm><primary>tl::Console</primary><secondary>set</secondary></indexterm>
<para><computeroutput>void tl::Console::set (<link linkend="_namespacetl_1a7d0bc20d8f81c8896790b9438e88bfb9">u8</link> index)</computeroutput></para><para>

<para>Set certain settings for the console. </para>
</para>

<para>
                <formalpara>
                    <title>
Parameters</title>
                    <para>
                    <table frame="all">
                        <tgroup cols="2" align="left" colsep="1" rowsep="1">
                        <colspec colwidth="1*"/>
                        <colspec colwidth="4*"/>
                        <tbody>
                            <row>
<entry>index</entry><entry>
<para><link linkend="_classtl_1_1_console">Console</link> enum for setting.</para>
</entry>
                            </row>
                        </tbody>
                        </tgroup>
                    </table>
                    </para>
                </formalpara>
                <link linkend="_classtl_1_1_console">Console</link> has an enum with settings you can pass here to change some settings such as displaying numbers in decimal or hex format. </para>
<para>
Definition at line <link linkend="__console_8cpp_source_1l00097">97</link> of file <link linkend="__console_8cpp_source">Console.cpp</link>.</para>
</section>
<para>
The documentation for this class was generated from the following files:</para>
TinyLib/Console/<link linkend="__console_8h">Console.h</link>TinyLib/Console/<link linkend="__console_8cpp">Console.cpp</link></section>
</section>
