<?xml version='1.0' encoding='UTF-8' standalone='no'?>
<section xmlns="http://docbook.org/ns/docbook" version="5.0" xmlns:xlink="http://www.w3.org/1999/xlink" xml:id="_dir_a5c62c1f23eb087e4b88afb25fe12615" xml:lang="en-US">
<title>TinyLib/Graphics Directory Reference</title>
<indexterm><primary>TinyLib/Graphics Directory Reference</primary></indexterm>
<simplesect>
    <title>Files    </title>
        <itemizedlist>
            <listitem><para>file <link linkend="__drawable_8cpp">Drawable.cpp</link></para>
</listitem>
            <listitem><para>file <link linkend="__drawable_8h">Drawable.h</link></para>
</listitem>
            <listitem><para>file <link linkend="__graphics_category_8h">GraphicsCategory.h</link></para>
</listitem>
            <listitem><para>file <link linkend="__rectangle_8cpp">Rectangle.cpp</link></para>
</listitem>
            <listitem><para>file <link linkend="__rectangle_8h">Rectangle.h</link></para>
</listitem>
            <listitem><para>file <link linkend="__text_8cpp">Text.cpp</link></para>
</listitem>
            <listitem><para>file <link linkend="__text_8h">Text.h</link></para>
</listitem>
            <listitem><para>file <link linkend="__window_8cpp">Window.cpp</link></para>
</listitem>
            <listitem><para>file <link linkend="__window_8h">Window.h</link></para>
</listitem>
        </itemizedlist>
</simplesect>
</section>
