<?xml version='1.0' encoding='UTF-8' standalone='no'?>
<section xmlns="http://docbook.org/ns/docbook" version="5.0" xmlns:xlink="http://www.w3.org/1999/xlink" xml:id="_dir_aff9cf94a93c36559545baa5bef5ce6f" xml:lang="en-US">
<title>TinyLib/Console Directory Reference</title>
<indexterm><primary>TinyLib/Console Directory Reference</primary></indexterm>
<simplesect>
    <title>Files    </title>
        <itemizedlist>
            <listitem><para>file <link linkend="__console_8cpp">Console.cpp</link></para>
</listitem>
            <listitem><para>file <link linkend="__console_8h">Console.h</link></para>
</listitem>
            <listitem><para>file <link linkend="__console_category_8h">ConsoleCategory.h</link></para>
</listitem>
        </itemizedlist>
</simplesect>
</section>
