<?xml version='1.0' encoding='UTF-8' standalone='no'?>
<section xmlns="http://docbook.org/ns/docbook" version="5.0" xmlns:xlink="http://www.w3.org/1999/xlink" xml:id="_dir_216e93b49eb56a33e05d07a6099ccd0f" xml:lang="en-US">
<title>TinyLib/System Directory Reference</title>
<indexterm><primary>TinyLib/System Directory Reference</primary></indexterm>
<simplesect>
    <title>Files    </title>
        <itemizedlist>
            <listitem><para>file <link linkend="__file_8cpp">File.cpp</link></para>
</listitem>
            <listitem><para>file <link linkend="__file_8h">File.h</link></para>
</listitem>
            <listitem><para>file <link linkend="__key_8cpp">Key.cpp</link></para>
</listitem>
            <listitem><para>file <link linkend="__key_8h">Key.h</link></para>
</listitem>
            <listitem><para>file <link linkend="__mouse_8cpp">Mouse.cpp</link></para>
</listitem>
            <listitem><para>file <link linkend="__mouse_8h">Mouse.h</link></para>
</listitem>
            <listitem><para>file <link linkend="__system_category_8h">SystemCategory.h</link></para>
</listitem>
        </itemizedlist>
</simplesect>
</section>
