<?xml version='1.0' encoding='UTF-8' standalone='no'?>
<section xmlns="http://docbook.org/ns/docbook" version="5.0" xmlns:xlink="http://www.w3.org/1999/xlink" xml:id="_dir_28b92148d644b50efd4463f16a6f2645" xml:lang="en-US">
<title>TinyLib Directory Reference</title>
<indexterm><primary>TinyLib Directory Reference</primary></indexterm>
<simplesect>
    <title>Directories    </title>
        <itemizedlist>
            <listitem><para>directory <link linkend="_dir_5591fab9144961baab07d2b3df2fbfba">Base</link></para>
</listitem>
            <listitem><para>directory <link linkend="_dir_aff9cf94a93c36559545baa5bef5ce6f">Console</link></para>
</listitem>
            <listitem><para>directory <link linkend="_dir_a5c62c1f23eb087e4b88afb25fe12615">Graphics</link></para>
</listitem>
            <listitem><para>directory <link linkend="_dir_216e93b49eb56a33e05d07a6099ccd0f">System</link></para>
</listitem>
        </itemizedlist>
</simplesect>
<simplesect>
    <title>Files    </title>
        <itemizedlist>
            <listitem><para>file <link linkend="__tiny_lib_8h">TinyLib.h</link></para>
</listitem>
        </itemizedlist>
</simplesect>
</section>
