<?xml version='1.0' encoding='UTF-8' standalone='no'?>
<book xmlns="http://docbook.org/ns/docbook" version="5.0" xmlns:xlink="http://www.w3.org/1999/xlink" xml:id="_index" xml:lang="en-US">
    <info>
    <title>TinyLib</title>
    </info>
<chapter>
    <title>Namespace Documentation</title>
<xi:include href="namespacetl.xml" xmlns:xi="http://www.w3.org/2001/XInclude"/>
</chapter>
<chapter>
    <title>Class Documentation</title>
    <xi:include href="structtl_1_1_color.xml" xmlns:xi="http://www.w3.org/2001/XInclude"/>
    <xi:include href="classtl_1_1_console.xml" xmlns:xi="http://www.w3.org/2001/XInclude"/>
    <xi:include href="classtl_1_1_drawable.xml" xmlns:xi="http://www.w3.org/2001/XInclude"/>
    <xi:include href="classtl_1_1_file.xml" xmlns:xi="http://www.w3.org/2001/XInclude"/>
    <xi:include href="classtl_1_1_key.xml" xmlns:xi="http://www.w3.org/2001/XInclude"/>
    <xi:include href="classtl_1_1_mouse.xml" xmlns:xi="http://www.w3.org/2001/XInclude"/>
    <xi:include href="classtl_1_1_rectangle.xml" xmlns:xi="http://www.w3.org/2001/XInclude"/>
    <xi:include href="classtl_1_1_text.xml" xmlns:xi="http://www.w3.org/2001/XInclude"/>
    <xi:include href="classtl_1_1_time.xml" xmlns:xi="http://www.w3.org/2001/XInclude"/>
    <xi:include href="structtl_1_1_vec2i.xml" xmlns:xi="http://www.w3.org/2001/XInclude"/>
    <xi:include href="structtl_1_1_vec3i.xml" xmlns:xi="http://www.w3.org/2001/XInclude"/>
    <xi:include href="structtl_1_1_vec4i.xml" xmlns:xi="http://www.w3.org/2001/XInclude"/>
    <xi:include href="classtl_1_1_vector.xml" xmlns:xi="http://www.w3.org/2001/XInclude"/>
    <xi:include href="classtl_1_1_window.xml" xmlns:xi="http://www.w3.org/2001/XInclude"/>
</chapter>
<chapter>
    <title>File Documentation</title>
    <xi:include href="_base_category_8h.xml" xmlns:xi="http://www.w3.org/2001/XInclude"/>
    <xi:include href="_base_category_8h_source.xml" xmlns:xi="http://www.w3.org/2001/XInclude"/>
    <xi:include href="_memory_8cpp.xml" xmlns:xi="http://www.w3.org/2001/XInclude"/>
    <xi:include href="_memory_8cpp_source.xml" xmlns:xi="http://www.w3.org/2001/XInclude"/>
    <xi:include href="_memory_8h.xml" xmlns:xi="http://www.w3.org/2001/XInclude"/>
    <xi:include href="_memory_8h_source.xml" xmlns:xi="http://www.w3.org/2001/XInclude"/>
    <xi:include href="_time_8cpp.xml" xmlns:xi="http://www.w3.org/2001/XInclude"/>
    <xi:include href="_time_8cpp_source.xml" xmlns:xi="http://www.w3.org/2001/XInclude"/>
    <xi:include href="_time_8h.xml" xmlns:xi="http://www.w3.org/2001/XInclude"/>
    <xi:include href="_time_8h_source.xml" xmlns:xi="http://www.w3.org/2001/XInclude"/>
    <xi:include href="_types_8h.xml" xmlns:xi="http://www.w3.org/2001/XInclude"/>
    <xi:include href="_types_8h_source.xml" xmlns:xi="http://www.w3.org/2001/XInclude"/>
    <xi:include href="_util_8h.xml" xmlns:xi="http://www.w3.org/2001/XInclude"/>
    <xi:include href="_util_8h_source.xml" xmlns:xi="http://www.w3.org/2001/XInclude"/>
    <xi:include href="_vector_8h.xml" xmlns:xi="http://www.w3.org/2001/XInclude"/>
    <xi:include href="_vector_8h_source.xml" xmlns:xi="http://www.w3.org/2001/XInclude"/>
    <xi:include href="_win_a_p_i_8h.xml" xmlns:xi="http://www.w3.org/2001/XInclude"/>
    <xi:include href="_win_a_p_i_8h_source.xml" xmlns:xi="http://www.w3.org/2001/XInclude"/>
    <xi:include href="_console_8cpp.xml" xmlns:xi="http://www.w3.org/2001/XInclude"/>
    <xi:include href="_console_8cpp_source.xml" xmlns:xi="http://www.w3.org/2001/XInclude"/>
    <xi:include href="_console_8h.xml" xmlns:xi="http://www.w3.org/2001/XInclude"/>
    <xi:include href="_console_8h_source.xml" xmlns:xi="http://www.w3.org/2001/XInclude"/>
    <xi:include href="_console_category_8h.xml" xmlns:xi="http://www.w3.org/2001/XInclude"/>
    <xi:include href="_console_category_8h_source.xml" xmlns:xi="http://www.w3.org/2001/XInclude"/>
    <xi:include href="_drawable_8cpp.xml" xmlns:xi="http://www.w3.org/2001/XInclude"/>
    <xi:include href="_drawable_8cpp_source.xml" xmlns:xi="http://www.w3.org/2001/XInclude"/>
    <xi:include href="_drawable_8h.xml" xmlns:xi="http://www.w3.org/2001/XInclude"/>
    <xi:include href="_drawable_8h_source.xml" xmlns:xi="http://www.w3.org/2001/XInclude"/>
    <xi:include href="_graphics_category_8h.xml" xmlns:xi="http://www.w3.org/2001/XInclude"/>
    <xi:include href="_graphics_category_8h_source.xml" xmlns:xi="http://www.w3.org/2001/XInclude"/>
    <xi:include href="_rectangle_8cpp.xml" xmlns:xi="http://www.w3.org/2001/XInclude"/>
    <xi:include href="_rectangle_8cpp_source.xml" xmlns:xi="http://www.w3.org/2001/XInclude"/>
    <xi:include href="_rectangle_8h.xml" xmlns:xi="http://www.w3.org/2001/XInclude"/>
    <xi:include href="_rectangle_8h_source.xml" xmlns:xi="http://www.w3.org/2001/XInclude"/>
    <xi:include href="_text_8cpp.xml" xmlns:xi="http://www.w3.org/2001/XInclude"/>
    <xi:include href="_text_8cpp_source.xml" xmlns:xi="http://www.w3.org/2001/XInclude"/>
    <xi:include href="_text_8h.xml" xmlns:xi="http://www.w3.org/2001/XInclude"/>
    <xi:include href="_text_8h_source.xml" xmlns:xi="http://www.w3.org/2001/XInclude"/>
    <xi:include href="_window_8cpp.xml" xmlns:xi="http://www.w3.org/2001/XInclude"/>
    <xi:include href="_window_8cpp_source.xml" xmlns:xi="http://www.w3.org/2001/XInclude"/>
    <xi:include href="_window_8h.xml" xmlns:xi="http://www.w3.org/2001/XInclude"/>
    <xi:include href="_window_8h_source.xml" xmlns:xi="http://www.w3.org/2001/XInclude"/>
    <xi:include href="_file_8cpp.xml" xmlns:xi="http://www.w3.org/2001/XInclude"/>
    <xi:include href="_file_8cpp_source.xml" xmlns:xi="http://www.w3.org/2001/XInclude"/>
    <xi:include href="_file_8h.xml" xmlns:xi="http://www.w3.org/2001/XInclude"/>
    <xi:include href="_file_8h_source.xml" xmlns:xi="http://www.w3.org/2001/XInclude"/>
    <xi:include href="_key_8cpp.xml" xmlns:xi="http://www.w3.org/2001/XInclude"/>
    <xi:include href="_key_8cpp_source.xml" xmlns:xi="http://www.w3.org/2001/XInclude"/>
    <xi:include href="_key_8h.xml" xmlns:xi="http://www.w3.org/2001/XInclude"/>
    <xi:include href="_key_8h_source.xml" xmlns:xi="http://www.w3.org/2001/XInclude"/>
    <xi:include href="_mouse_8cpp.xml" xmlns:xi="http://www.w3.org/2001/XInclude"/>
    <xi:include href="_mouse_8cpp_source.xml" xmlns:xi="http://www.w3.org/2001/XInclude"/>
    <xi:include href="_mouse_8h.xml" xmlns:xi="http://www.w3.org/2001/XInclude"/>
    <xi:include href="_mouse_8h_source.xml" xmlns:xi="http://www.w3.org/2001/XInclude"/>
    <xi:include href="_system_category_8h.xml" xmlns:xi="http://www.w3.org/2001/XInclude"/>
    <xi:include href="_system_category_8h_source.xml" xmlns:xi="http://www.w3.org/2001/XInclude"/>
    <xi:include href="_tiny_lib_8h.xml" xmlns:xi="http://www.w3.org/2001/XInclude"/>
    <xi:include href="_tiny_lib_8h_source.xml" xmlns:xi="http://www.w3.org/2001/XInclude"/>
</chapter>
<index/>
</book>
