<?xml version='1.0' encoding='UTF-8' standalone='no'?>
<section xmlns="http://docbook.org/ns/docbook" version="5.0" xmlns:xlink="http://www.w3.org/1999/xlink" xml:id="_structtl_1_1_vec2i" xml:lang="en-US">
<title>tl::Vec2i Struct Reference</title>
<indexterm><primary>tl::Vec2i</primary></indexterm>
<para>
<computeroutput>#include &lt;Types.h&gt;</computeroutput>
</para>
<simplesect>
    <title>Public Member Functions    </title>
        <itemizedlist>
            <listitem><para><link linkend="_structtl_1_1_vec2i_1af14aa499902a9f75b1ec642978fc948e">Vec2i</link> (<link linkend="_namespacetl_1a265a9f7c42ef723ea69373d72f9cf195">s32</link> xValue=0, <link linkend="_namespacetl_1a265a9f7c42ef723ea69373d72f9cf195">s32</link> yValue=0)</para>
</listitem>
        </itemizedlist>
</simplesect>
<simplesect>
    <title>Public Attributes    </title>
        <itemizedlist>
            <listitem><para><link linkend="_namespacetl_1a265a9f7c42ef723ea69373d72f9cf195">s32</link> <link linkend="_structtl_1_1_vec2i_1a41e041952704574074609118c0427518">x</link></para>
</listitem>
            <listitem><para><link linkend="_namespacetl_1a265a9f7c42ef723ea69373d72f9cf195">s32</link> <link linkend="_structtl_1_1_vec2i_1a19708a6226be471f6c28cc04ebd16287">y</link></para>
</listitem>
        </itemizedlist>
</simplesect>
<section>
<title>Detailed Description</title>
<para>
Definition at line <link linkend="__types_8h_source_1l00064">64</link> of file <link linkend="__types_8h_source">Types.h</link>.</para>
</section>
<section>
<title>Constructor &amp; Destructor Documentation</title>
<anchor xml:id="_structtl_1_1_vec2i_1af14aa499902a9f75b1ec642978fc948e"/><section>
    <title>Vec2i()</title>
<indexterm><primary>Vec2i</primary><secondary>tl::Vec2i</secondary></indexterm>
<indexterm><primary>tl::Vec2i</primary><secondary>Vec2i</secondary></indexterm>
<para><computeroutput>tl::Vec2i::Vec2i (<link linkend="_namespacetl_1a265a9f7c42ef723ea69373d72f9cf195">s32</link> xValue = <computeroutput>0</computeroutput>
, <link linkend="_namespacetl_1a265a9f7c42ef723ea69373d72f9cf195">s32</link> yValue = <computeroutput>0</computeroutput>
)<computeroutput>[inline]</computeroutput></computeroutput></para><para>
Definition at line <link linkend="__types_8h_source_1l00068">68</link> of file <link linkend="__types_8h_source">Types.h</link>.</para>
</section>
</section>
<section>
<title>Member Data Documentation</title>
<anchor xml:id="_structtl_1_1_vec2i_1a41e041952704574074609118c0427518"/><section>
    <title>x</title>
<indexterm><primary>x</primary><secondary>tl::Vec2i</secondary></indexterm>
<indexterm><primary>tl::Vec2i</primary><secondary>x</secondary></indexterm>
<para><computeroutput><link linkend="_namespacetl_1a265a9f7c42ef723ea69373d72f9cf195">s32</link> tl::Vec2i::x</computeroutput></para><para>
Definition at line <link linkend="__types_8h_source_1l00066">66</link> of file <link linkend="__types_8h_source">Types.h</link>.</para>
</section>
<anchor xml:id="_structtl_1_1_vec2i_1a19708a6226be471f6c28cc04ebd16287"/><section>
    <title>y</title>
<indexterm><primary>y</primary><secondary>tl::Vec2i</secondary></indexterm>
<indexterm><primary>tl::Vec2i</primary><secondary>y</secondary></indexterm>
<para><computeroutput><link linkend="_namespacetl_1a265a9f7c42ef723ea69373d72f9cf195">s32</link> tl::Vec2i::y</computeroutput></para><para>
Definition at line <link linkend="__types_8h_source_1l00066">66</link> of file <link linkend="__types_8h_source">Types.h</link>.</para>
</section>
<para>
The documentation for this struct was generated from the following file:</para>
TinyLib/Base/<link linkend="__types_8h">Types.h</link></section>
</section>
