<?xml version='1.0' encoding='UTF-8' standalone='no'?>
<section xmlns="http://docbook.org/ns/docbook" version="5.0" xmlns:xlink="http://www.w3.org/1999/xlink" xml:id="_structtl_1_1_color" xml:lang="en-US">
<title>tl::Color Struct Reference</title>
<indexterm><primary>tl::Color</primary></indexterm>
<para>
<computeroutput>#include &lt;Types.h&gt;</computeroutput>
</para>
<simplesect>
    <title>Public Member Functions    </title>
        <itemizedlist>
            <listitem><para><link linkend="_structtl_1_1_color_1aa8219d93b98b8c371ba5dcaa63cc5c91">Color</link> (<link linkend="_namespacetl_1a7d0bc20d8f81c8896790b9438e88bfb9">u8</link> red=0, <link linkend="_namespacetl_1a7d0bc20d8f81c8896790b9438e88bfb9">u8</link> green=0, <link linkend="_namespacetl_1a7d0bc20d8f81c8896790b9438e88bfb9">u8</link> blue=0, <link linkend="_namespacetl_1a7d0bc20d8f81c8896790b9438e88bfb9">u8</link> alpha=255)</para>
</listitem>
        </itemizedlist>
</simplesect>
<simplesect>
    <title>Public Attributes    </title>
        <itemizedlist>
            <listitem><para><link linkend="_namespacetl_1a7d0bc20d8f81c8896790b9438e88bfb9">u8</link> <link linkend="_structtl_1_1_color_1a353edd65a9c14c9e9fc12b3a2bd8a8c8">r</link></para>
</listitem>
            <listitem><para><link linkend="_namespacetl_1a7d0bc20d8f81c8896790b9438e88bfb9">u8</link> <link linkend="_structtl_1_1_color_1acabb8eda91ed6d102b19a6b74f43e206">g</link></para>
</listitem>
            <listitem><para><link linkend="_namespacetl_1a7d0bc20d8f81c8896790b9438e88bfb9">u8</link> <link linkend="_structtl_1_1_color_1a3bf83204b4a0ed202d04f0c09fac4e95">b</link></para>
</listitem>
            <listitem><para><link linkend="_namespacetl_1a7d0bc20d8f81c8896790b9438e88bfb9">u8</link> <link linkend="_structtl_1_1_color_1ab1a26f98553d0893174c15971de67a34">a</link></para>
</listitem>
        </itemizedlist>
</simplesect>
<section>
<title>Detailed Description</title>
<para>
Definition at line <link linkend="__types_8h_source_1l00106">106</link> of file <link linkend="__types_8h_source">Types.h</link>.</para>
</section>
<section>
<title>Constructor &amp; Destructor Documentation</title>
<anchor xml:id="_structtl_1_1_color_1aa8219d93b98b8c371ba5dcaa63cc5c91"/><section>
    <title>Color()</title>
<indexterm><primary>Color</primary><secondary>tl::Color</secondary></indexterm>
<indexterm><primary>tl::Color</primary><secondary>Color</secondary></indexterm>
<para><computeroutput>tl::Color::Color (<link linkend="_namespacetl_1a7d0bc20d8f81c8896790b9438e88bfb9">u8</link> red = <computeroutput>0</computeroutput>
, <link linkend="_namespacetl_1a7d0bc20d8f81c8896790b9438e88bfb9">u8</link> green = <computeroutput>0</computeroutput>
, <link linkend="_namespacetl_1a7d0bc20d8f81c8896790b9438e88bfb9">u8</link> blue = <computeroutput>0</computeroutput>
, <link linkend="_namespacetl_1a7d0bc20d8f81c8896790b9438e88bfb9">u8</link> alpha = <computeroutput>255</computeroutput>
)<computeroutput>[inline]</computeroutput></computeroutput></para><para>
Definition at line <link linkend="__types_8h_source_1l00110">110</link> of file <link linkend="__types_8h_source">Types.h</link>.</para>
</section>
</section>
<section>
<title>Member Data Documentation</title>
<anchor xml:id="_structtl_1_1_color_1ab1a26f98553d0893174c15971de67a34"/><section>
    <title>a</title>
<indexterm><primary>a</primary><secondary>tl::Color</secondary></indexterm>
<indexterm><primary>tl::Color</primary><secondary>a</secondary></indexterm>
<para><computeroutput><link linkend="_namespacetl_1a7d0bc20d8f81c8896790b9438e88bfb9">u8</link> tl::Color::a</computeroutput></para><para>
Definition at line <link linkend="__types_8h_source_1l00108">108</link> of file <link linkend="__types_8h_source">Types.h</link>.</para>
</section>
<anchor xml:id="_structtl_1_1_color_1a3bf83204b4a0ed202d04f0c09fac4e95"/><section>
    <title>b</title>
<indexterm><primary>b</primary><secondary>tl::Color</secondary></indexterm>
<indexterm><primary>tl::Color</primary><secondary>b</secondary></indexterm>
<para><computeroutput><link linkend="_namespacetl_1a7d0bc20d8f81c8896790b9438e88bfb9">u8</link> tl::Color::b</computeroutput></para><para>
Definition at line <link linkend="__types_8h_source_1l00108">108</link> of file <link linkend="__types_8h_source">Types.h</link>.</para>
</section>
<anchor xml:id="_structtl_1_1_color_1acabb8eda91ed6d102b19a6b74f43e206"/><section>
    <title>g</title>
<indexterm><primary>g</primary><secondary>tl::Color</secondary></indexterm>
<indexterm><primary>tl::Color</primary><secondary>g</secondary></indexterm>
<para><computeroutput><link linkend="_namespacetl_1a7d0bc20d8f81c8896790b9438e88bfb9">u8</link> tl::Color::g</computeroutput></para><para>
Definition at line <link linkend="__types_8h_source_1l00108">108</link> of file <link linkend="__types_8h_source">Types.h</link>.</para>
</section>
<anchor xml:id="_structtl_1_1_color_1a353edd65a9c14c9e9fc12b3a2bd8a8c8"/><section>
    <title>r</title>
<indexterm><primary>r</primary><secondary>tl::Color</secondary></indexterm>
<indexterm><primary>tl::Color</primary><secondary>r</secondary></indexterm>
<para><computeroutput><link linkend="_namespacetl_1a7d0bc20d8f81c8896790b9438e88bfb9">u8</link> tl::Color::r</computeroutput></para><para>
Definition at line <link linkend="__types_8h_source_1l00108">108</link> of file <link linkend="__types_8h_source">Types.h</link>.</para>
</section>
<para>
The documentation for this struct was generated from the following file:</para>
TinyLib/Base/<link linkend="__types_8h">Types.h</link></section>
</section>
