<?xml version='1.0' encoding='UTF-8' standalone='no'?>
<section xmlns="http://docbook.org/ns/docbook" version="5.0" xmlns:xlink="http://www.w3.org/1999/xlink" xml:id="_structtl_1_1_vec4i" xml:lang="en-US">
<title>tl::Vec4i Struct Reference</title>
<indexterm><primary>tl::Vec4i</primary></indexterm>
<para>
<computeroutput>#include &lt;Types.h&gt;</computeroutput>
</para>
<simplesect>
    <title>Public Member Functions    </title>
        <itemizedlist>
            <listitem><para><link linkend="_structtl_1_1_vec4i_1abdfe289ff39400cba5b2392d70596e2e">Vec4i</link> (<link linkend="_namespacetl_1a265a9f7c42ef723ea69373d72f9cf195">s32</link> newWidth=0, <link linkend="_namespacetl_1a265a9f7c42ef723ea69373d72f9cf195">s32</link> newHeight=0, <link linkend="_namespacetl_1a265a9f7c42ef723ea69373d72f9cf195">s32</link> newLeft=0, <link linkend="_namespacetl_1a265a9f7c42ef723ea69373d72f9cf195">s32</link> newTop=0)</para>
</listitem>
        </itemizedlist>
</simplesect>
<simplesect>
    <title>Public Attributes    </title>
        <itemizedlist>
            <listitem><para><link linkend="_namespacetl_1a265a9f7c42ef723ea69373d72f9cf195">s32</link> <link linkend="_structtl_1_1_vec4i_1a17b2afb4b34536cbd6d91541b0bad6ae">width</link></para>
</listitem>
            <listitem><para><link linkend="_namespacetl_1a265a9f7c42ef723ea69373d72f9cf195">s32</link> <link linkend="_structtl_1_1_vec4i_1a2f496cf4013092926fe3f63ae95446bf">height</link></para>
</listitem>
            <listitem><para><link linkend="_namespacetl_1a265a9f7c42ef723ea69373d72f9cf195">s32</link> <link linkend="_structtl_1_1_vec4i_1ac6da38a573fbebae04faac771c05ed3c">left</link></para>
</listitem>
            <listitem><para><link linkend="_namespacetl_1a265a9f7c42ef723ea69373d72f9cf195">s32</link> <link linkend="_structtl_1_1_vec4i_1a12c7124e0b9fba766527872bb432ed98">top</link></para>
</listitem>
        </itemizedlist>
</simplesect>
<section>
<title>Detailed Description</title>
<para>
Definition at line <link linkend="__types_8h_source_1l00091">91</link> of file <link linkend="__types_8h_source">Types.h</link>.</para>
</section>
<section>
<title>Constructor &amp; Destructor Documentation</title>
<anchor xml:id="_structtl_1_1_vec4i_1abdfe289ff39400cba5b2392d70596e2e"/><section>
    <title>Vec4i()</title>
<indexterm><primary>Vec4i</primary><secondary>tl::Vec4i</secondary></indexterm>
<indexterm><primary>tl::Vec4i</primary><secondary>Vec4i</secondary></indexterm>
<para><computeroutput>tl::Vec4i::Vec4i (<link linkend="_namespacetl_1a265a9f7c42ef723ea69373d72f9cf195">s32</link> newWidth = <computeroutput>0</computeroutput>
, <link linkend="_namespacetl_1a265a9f7c42ef723ea69373d72f9cf195">s32</link> newHeight = <computeroutput>0</computeroutput>
, <link linkend="_namespacetl_1a265a9f7c42ef723ea69373d72f9cf195">s32</link> newLeft = <computeroutput>0</computeroutput>
, <link linkend="_namespacetl_1a265a9f7c42ef723ea69373d72f9cf195">s32</link> newTop = <computeroutput>0</computeroutput>
)<computeroutput>[inline]</computeroutput></computeroutput></para><para>
Definition at line <link linkend="__types_8h_source_1l00095">95</link> of file <link linkend="__types_8h_source">Types.h</link>.</para>
</section>
</section>
<section>
<title>Member Data Documentation</title>
<anchor xml:id="_structtl_1_1_vec4i_1a2f496cf4013092926fe3f63ae95446bf"/><section>
    <title>height</title>
<indexterm><primary>height</primary><secondary>tl::Vec4i</secondary></indexterm>
<indexterm><primary>tl::Vec4i</primary><secondary>height</secondary></indexterm>
<para><computeroutput><link linkend="_namespacetl_1a265a9f7c42ef723ea69373d72f9cf195">s32</link> tl::Vec4i::height</computeroutput></para><para>
Definition at line <link linkend="__types_8h_source_1l00093">93</link> of file <link linkend="__types_8h_source">Types.h</link>.</para>
</section>
<anchor xml:id="_structtl_1_1_vec4i_1ac6da38a573fbebae04faac771c05ed3c"/><section>
    <title>left</title>
<indexterm><primary>left</primary><secondary>tl::Vec4i</secondary></indexterm>
<indexterm><primary>tl::Vec4i</primary><secondary>left</secondary></indexterm>
<para><computeroutput><link linkend="_namespacetl_1a265a9f7c42ef723ea69373d72f9cf195">s32</link> tl::Vec4i::left</computeroutput></para><para>
Definition at line <link linkend="__types_8h_source_1l00093">93</link> of file <link linkend="__types_8h_source">Types.h</link>.</para>
</section>
<anchor xml:id="_structtl_1_1_vec4i_1a12c7124e0b9fba766527872bb432ed98"/><section>
    <title>top</title>
<indexterm><primary>top</primary><secondary>tl::Vec4i</secondary></indexterm>
<indexterm><primary>tl::Vec4i</primary><secondary>top</secondary></indexterm>
<para><computeroutput><link linkend="_namespacetl_1a265a9f7c42ef723ea69373d72f9cf195">s32</link> tl::Vec4i::top</computeroutput></para><para>
Definition at line <link linkend="__types_8h_source_1l00093">93</link> of file <link linkend="__types_8h_source">Types.h</link>.</para>
</section>
<anchor xml:id="_structtl_1_1_vec4i_1a17b2afb4b34536cbd6d91541b0bad6ae"/><section>
    <title>width</title>
<indexterm><primary>width</primary><secondary>tl::Vec4i</secondary></indexterm>
<indexterm><primary>tl::Vec4i</primary><secondary>width</secondary></indexterm>
<para><computeroutput><link linkend="_namespacetl_1a265a9f7c42ef723ea69373d72f9cf195">s32</link> tl::Vec4i::width</computeroutput></para><para>
Definition at line <link linkend="__types_8h_source_1l00093">93</link> of file <link linkend="__types_8h_source">Types.h</link>.</para>
</section>
<para>
The documentation for this struct was generated from the following file:</para>
TinyLib/Base/<link linkend="__types_8h">Types.h</link></section>
</section>
