<?xml version='1.0' encoding='UTF-8' standalone='no'?>
<section xmlns="http://docbook.org/ns/docbook" version="5.0" xmlns:xlink="http://www.w3.org/1999/xlink" xml:id="_structtl_1_1_vec3i" xml:lang="en-US">
<title>tl::Vec3i Struct Reference</title>
<indexterm><primary>tl::Vec3i</primary></indexterm>
<para>
<computeroutput>#include &lt;Types.h&gt;</computeroutput>
</para>
<simplesect>
    <title>Public Member Functions    </title>
        <itemizedlist>
            <listitem><para><link linkend="_structtl_1_1_vec3i_1af6461379b5a15b3c3dd098deddd9dbb6">Vec3i</link> (<link linkend="_namespacetl_1a265a9f7c42ef723ea69373d72f9cf195">s32</link> xValue=0, <link linkend="_namespacetl_1a265a9f7c42ef723ea69373d72f9cf195">s32</link> yValue=0, <link linkend="_namespacetl_1a265a9f7c42ef723ea69373d72f9cf195">s32</link> zValue=0)</para>
</listitem>
        </itemizedlist>
</simplesect>
<simplesect>
    <title>Public Attributes    </title>
        <itemizedlist>
            <listitem><para><link linkend="_namespacetl_1a265a9f7c42ef723ea69373d72f9cf195">s32</link> <link linkend="_structtl_1_1_vec3i_1a02a1f2ca39aef67993540a544bab8856">x</link></para>
</listitem>
            <listitem><para><link linkend="_namespacetl_1a265a9f7c42ef723ea69373d72f9cf195">s32</link> <link linkend="_structtl_1_1_vec3i_1a7a92050183a837edc7c4de9290436795">y</link></para>
</listitem>
            <listitem><para><link linkend="_namespacetl_1a265a9f7c42ef723ea69373d72f9cf195">s32</link> <link linkend="_structtl_1_1_vec3i_1a8c9b9a6bf5d2e2995958b6c5064f62fc">z</link></para>
</listitem>
        </itemizedlist>
</simplesect>
<section>
<title>Detailed Description</title>
<para>
Definition at line <link linkend="__types_8h_source_1l00077">77</link> of file <link linkend="__types_8h_source">Types.h</link>.</para>
</section>
<section>
<title>Constructor &amp; Destructor Documentation</title>
<anchor xml:id="_structtl_1_1_vec3i_1af6461379b5a15b3c3dd098deddd9dbb6"/><section>
    <title>Vec3i()</title>
<indexterm><primary>Vec3i</primary><secondary>tl::Vec3i</secondary></indexterm>
<indexterm><primary>tl::Vec3i</primary><secondary>Vec3i</secondary></indexterm>
<para><computeroutput>tl::Vec3i::Vec3i (<link linkend="_namespacetl_1a265a9f7c42ef723ea69373d72f9cf195">s32</link> xValue = <computeroutput>0</computeroutput>
, <link linkend="_namespacetl_1a265a9f7c42ef723ea69373d72f9cf195">s32</link> yValue = <computeroutput>0</computeroutput>
, <link linkend="_namespacetl_1a265a9f7c42ef723ea69373d72f9cf195">s32</link> zValue = <computeroutput>0</computeroutput>
)<computeroutput>[inline]</computeroutput></computeroutput></para><para>
Definition at line <link linkend="__types_8h_source_1l00081">81</link> of file <link linkend="__types_8h_source">Types.h</link>.</para>
</section>
</section>
<section>
<title>Member Data Documentation</title>
<anchor xml:id="_structtl_1_1_vec3i_1a02a1f2ca39aef67993540a544bab8856"/><section>
    <title>x</title>
<indexterm><primary>x</primary><secondary>tl::Vec3i</secondary></indexterm>
<indexterm><primary>tl::Vec3i</primary><secondary>x</secondary></indexterm>
<para><computeroutput><link linkend="_namespacetl_1a265a9f7c42ef723ea69373d72f9cf195">s32</link> tl::Vec3i::x</computeroutput></para><para>
Definition at line <link linkend="__types_8h_source_1l00079">79</link> of file <link linkend="__types_8h_source">Types.h</link>.</para>
</section>
<anchor xml:id="_structtl_1_1_vec3i_1a7a92050183a837edc7c4de9290436795"/><section>
    <title>y</title>
<indexterm><primary>y</primary><secondary>tl::Vec3i</secondary></indexterm>
<indexterm><primary>tl::Vec3i</primary><secondary>y</secondary></indexterm>
<para><computeroutput><link linkend="_namespacetl_1a265a9f7c42ef723ea69373d72f9cf195">s32</link> tl::Vec3i::y</computeroutput></para><para>
Definition at line <link linkend="__types_8h_source_1l00079">79</link> of file <link linkend="__types_8h_source">Types.h</link>.</para>
</section>
<anchor xml:id="_structtl_1_1_vec3i_1a8c9b9a6bf5d2e2995958b6c5064f62fc"/><section>
    <title>z</title>
<indexterm><primary>z</primary><secondary>tl::Vec3i</secondary></indexterm>
<indexterm><primary>tl::Vec3i</primary><secondary>z</secondary></indexterm>
<para><computeroutput><link linkend="_namespacetl_1a265a9f7c42ef723ea69373d72f9cf195">s32</link> tl::Vec3i::z</computeroutput></para><para>
Definition at line <link linkend="__types_8h_source_1l00079">79</link> of file <link linkend="__types_8h_source">Types.h</link>.</para>
</section>
<para>
The documentation for this struct was generated from the following file:</para>
TinyLib/Base/<link linkend="__types_8h">Types.h</link></section>
</section>
