<?xml version='1.0' encoding='UTF-8' standalone='no'?>
<doxygen xmlns:xsi="http://www.w3.org/2001/XMLSchema-instance" xsi:noNamespaceSchemaLocation="compound.xsd" version="1.12.0" xml:lang="en-US">
  <compounddef id="_base_category_8h" kind="file" language="C++">
    <compoundname>BaseCategory.h</compoundname>
    <includes refid="_types_8h" local="yes">Types.h</includes>
    <includes refid="_time_8h" local="yes">Time.h</includes>
    <includes refid="_vector_8h" local="yes">Vector.h</includes>
    <includes refid="_memory_8h" local="yes">Memory.h</includes>
    <includes refid="_util_8h" local="yes">Util.h</includes>
    <includedby refid="_console_8h" local="yes">TinyLib/Console/Console.h</includedby>
    <includedby refid="_rectangle_8h" local="yes">TinyLib/Graphics/Rectangle.h</includedby>
    <includedby refid="_text_8h" local="yes">TinyLib/Graphics/Text.h</includedby>
    <includedby refid="_window_8h" local="yes">TinyLib/Graphics/Window.h</includedby>
    <includedby refid="_file_8h" local="yes">TinyLib/System/File.h</includedby>
    <includedby refid="_mouse_8h" local="yes">TinyLib/System/Mouse.h</includedby>
    <includedby refid="_tiny_lib_8h" local="yes">TinyLib/TinyLib.h</includedby>
    <incdepgraph>
      <node id="1">
        <label>TinyLib/Base/BaseCategory.h</label>
        <link refid="_base_category_8h"/>
        <childnode refid="2" relation="include">
        </childnode>
        <childnode refid="3" relation="include">
        </childnode>
        <childnode refid="13" relation="include">
        </childnode>
        <childnode refid="14" relation="include">
        </childnode>
        <childnode refid="15" relation="include">
        </childnode>
      </node>
      <node id="14">
        <label>Memory.h</label>
        <link refid="_memory_8h"/>
        <childnode refid="4" relation="include">
        </childnode>
      </node>
      <node id="3">
        <label>Time.h</label>
        <link refid="_time_8h"/>
        <childnode refid="2" relation="include">
        </childnode>
        <childnode refid="4" relation="include">
        </childnode>
      </node>
      <node id="2">
        <label>Types.h</label>
        <link refid="_types_8h"/>
      </node>
      <node id="15">
        <label>Util.h</label>
        <link refid="_util_8h"/>
        <childnode refid="4" relation="include">
        </childnode>
        <childnode refid="2" relation="include">
        </childnode>
      </node>
      <node id="13">
        <label>Vector.h</label>
        <link refid="_vector_8h"/>
        <childnode refid="14" relation="include">
        </childnode>
      </node>
      <node id="4">
        <label>../Base/Win/WinAPI.h</label>
        <link refid="_win_a_p_i_8h"/>
        <childnode refid="5" relation="include">
        </childnode>
        <childnode refid="6" relation="include">
        </childnode>
        <childnode refid="7" relation="include">
        </childnode>
        <childnode refid="8" relation="include">
        </childnode>
        <childnode refid="9" relation="include">
        </childnode>
        <childnode refid="10" relation="include">
        </childnode>
        <childnode refid="11" relation="include">
        </childnode>
        <childnode refid="12" relation="include">
        </childnode>
      </node>
      <node id="9">
        <label>DirectXMath.h</label>
      </node>
      <node id="5">
        <label>Windows.h</label>
      </node>
      <node id="12">
        <label>d2d1.h</label>
      </node>
      <node id="6">
        <label>d3d11.h</label>
      </node>
      <node id="8">
        <label>d3dcompiler.h</label>
      </node>
      <node id="11">
        <label>dwrite.h</label>
      </node>
      <node id="7">
        <label>dxgi1_2.h</label>
      </node>
      <node id="10">
        <label>wrl/client.h</label>
      </node>
    </incdepgraph>
    <invincdepgraph>
      <node id="1">
        <label>TinyLib/Base/BaseCategory.h</label>
        <link refid="_base_category_8h"/>
        <childnode refid="2" relation="include">
        </childnode>
        <childnode refid="6" relation="include">
        </childnode>
        <childnode refid="12" relation="include">
        </childnode>
        <childnode refid="9" relation="include">
        </childnode>
        <childnode refid="14" relation="include">
        </childnode>
        <childnode refid="17" relation="include">
        </childnode>
        <childnode refid="5" relation="include">
        </childnode>
      </node>
      <node id="3">
        <label>TinyLib/Console/Console.cpp</label>
        <link refid="_console_8cpp"/>
      </node>
      <node id="2">
        <label>TinyLib/Console/Console.h</label>
        <link refid="_console_8h"/>
        <childnode refid="3" relation="include">
        </childnode>
        <childnode refid="4" relation="include">
        </childnode>
      </node>
      <node id="4">
        <label>TinyLib/Console/ConsoleCategory.h</label>
        <link refid="_console_category_8h"/>
        <childnode refid="5" relation="include">
        </childnode>
      </node>
      <node id="10">
        <label>TinyLib/Graphics/Drawable.cpp</label>
        <link refid="_drawable_8cpp"/>
      </node>
      <node id="7">
        <label>TinyLib/Graphics/GraphicsCategory.h</label>
        <link refid="_graphics_category_8h"/>
        <childnode refid="5" relation="include">
        </childnode>
      </node>
      <node id="8">
        <label>TinyLib/Graphics/Rectangle.cpp</label>
        <link refid="_rectangle_8cpp"/>
      </node>
      <node id="6">
        <label>TinyLib/Graphics/Rectangle.h</label>
        <link refid="_rectangle_8h"/>
        <childnode refid="7" relation="include">
        </childnode>
        <childnode refid="8" relation="include">
        </childnode>
        <childnode refid="9" relation="include">
        </childnode>
      </node>
      <node id="13">
        <label>TinyLib/Graphics/Text.cpp</label>
        <link refid="_text_8cpp"/>
      </node>
      <node id="12">
        <label>TinyLib/Graphics/Text.h</label>
        <link refid="_text_8h"/>
        <childnode refid="13" relation="include">
        </childnode>
        <childnode refid="9" relation="include">
        </childnode>
      </node>
      <node id="11">
        <label>TinyLib/Graphics/Window.cpp</label>
        <link refid="_window_8cpp"/>
      </node>
      <node id="9">
        <label>TinyLib/Graphics/Window.h</label>
        <link refid="_window_8h"/>
        <childnode refid="10" relation="include">
        </childnode>
        <childnode refid="7" relation="include">
        </childnode>
        <childnode refid="11" relation="include">
        </childnode>
      </node>
      <node id="15">
        <label>TinyLib/System/File.cpp</label>
        <link refid="_file_8cpp"/>
      </node>
      <node id="14">
        <label>TinyLib/System/File.h</label>
        <link refid="_file_8h"/>
        <childnode refid="15" relation="include">
        </childnode>
        <childnode refid="16" relation="include">
        </childnode>
      </node>
      <node id="18">
        <label>TinyLib/System/Mouse.cpp</label>
        <link refid="_mouse_8cpp"/>
      </node>
      <node id="17">
        <label>TinyLib/System/Mouse.h</label>
        <link refid="_mouse_8h"/>
        <childnode refid="18" relation="include">
        </childnode>
        <childnode refid="16" relation="include">
        </childnode>
      </node>
      <node id="16">
        <label>TinyLib/System/SystemCategory.h</label>
        <link refid="_system_category_8h"/>
        <childnode refid="5" relation="include">
        </childnode>
      </node>
      <node id="5">
        <label>TinyLib/TinyLib.h</label>
        <link refid="_tiny_lib_8h"/>
      </node>
    </invincdepgraph>
    <briefdescription>
    </briefdescription>
    <detaileddescription>
    </detaileddescription>
    <programlisting>
<codeline lineno="1"><highlight class="comment">//<sp/>The<sp/>base<sp/>category<sp/>contains<sp/>types<sp/>and<sp/>classes<sp/>that<sp/>are<sp/>very<sp/>often<sp/>used</highlight><highlight class="normal"></highlight></codeline>
<codeline lineno="2"><highlight class="normal"></highlight><highlight class="comment">//<sp/>through-out<sp/>the<sp/>entire<sp/>library<sp/>itself,<sp/>they<sp/>are<sp/>also<sp/>available<sp/>to<sp/>the<sp/>user.</highlight><highlight class="normal"></highlight></codeline>
<codeline lineno="3"><highlight class="normal"></highlight><highlight class="preprocessor">#pragma<sp/>once</highlight><highlight class="normal"></highlight></codeline>
<codeline lineno="4"><highlight class="normal"></highlight></codeline>
<codeline lineno="5"><highlight class="normal"></highlight><highlight class="preprocessor">#include<sp/>&quot;<ref refid="_types_8h" kindref="compound">Types.h</ref>&quot;</highlight><highlight class="normal"></highlight></codeline>
<codeline lineno="6"><highlight class="normal"></highlight><highlight class="preprocessor">#include<sp/>&quot;<ref refid="_time_8h" kindref="compound">Time.h</ref>&quot;</highlight><highlight class="normal"></highlight></codeline>
<codeline lineno="7"><highlight class="normal"></highlight><highlight class="preprocessor">#include<sp/>&quot;<ref refid="_vector_8h" kindref="compound">Vector.h</ref>&quot;</highlight><highlight class="normal"></highlight></codeline>
<codeline lineno="8"><highlight class="normal"></highlight><highlight class="preprocessor">#include<sp/>&quot;<ref refid="_memory_8h" kindref="compound">Memory.h</ref>&quot;</highlight><highlight class="normal"></highlight></codeline>
<codeline lineno="9"><highlight class="normal"></highlight><highlight class="preprocessor">#include<sp/>&quot;<ref refid="_util_8h" kindref="compound">Util.h</ref>&quot;</highlight><highlight class="normal"></highlight></codeline>
    </programlisting>
    <location file="TinyLib/Base/BaseCategory.h"/>
  </compounddef>
</doxygen>
