<?xml version='1.0' encoding='UTF-8' standalone='no'?>
<doxygen xmlns:xsi="http://www.w3.org/2001/XMLSchema-instance" xsi:noNamespaceSchemaLocation="compound.xsd" version="1.12.0" xml:lang="en-US">
  <compounddef id="_console_8h" kind="file" language="C++">
    <compoundname>Console.h</compoundname>
    <includes refid="_win_a_p_i_8h" local="yes">../Base/Win/WinAPI.h</includes>
    <includes refid="_base_category_8h" local="yes">../Base/BaseCategory.h</includes>
    <includedby refid="_console_8cpp" local="yes">TinyLib/Console/Console.cpp</includedby>
    <includedby refid="_console_category_8h" local="yes">TinyLib/Console/ConsoleCategory.h</includedby>
    <incdepgraph>
      <node id="11">
        <label>../Base/BaseCategory.h</label>
        <link refid="_base_category_8h"/>
        <childnode refid="12" relation="include">
        </childnode>
        <childnode refid="13" relation="include">
        </childnode>
        <childnode refid="14" relation="include">
        </childnode>
        <childnode refid="15" relation="include">
        </childnode>
        <childnode refid="16" relation="include">
        </childnode>
      </node>
      <node id="15">
        <label>Memory.h</label>
        <link refid="_memory_8h"/>
        <childnode refid="2" relation="include">
        </childnode>
      </node>
      <node id="13">
        <label>Time.h</label>
        <link refid="_time_8h"/>
        <childnode refid="12" relation="include">
        </childnode>
        <childnode refid="2" relation="include">
        </childnode>
      </node>
      <node id="12">
        <label>Types.h</label>
        <link refid="_types_8h"/>
      </node>
      <node id="16">
        <label>Util.h</label>
        <link refid="_util_8h"/>
        <childnode refid="2" relation="include">
        </childnode>
        <childnode refid="12" relation="include">
        </childnode>
      </node>
      <node id="14">
        <label>Vector.h</label>
        <link refid="_vector_8h"/>
        <childnode refid="15" relation="include">
        </childnode>
      </node>
      <node id="2">
        <label>../Base/Win/WinAPI.h</label>
        <link refid="_win_a_p_i_8h"/>
        <childnode refid="3" relation="include">
        </childnode>
        <childnode refid="4" relation="include">
        </childnode>
        <childnode refid="5" relation="include">
        </childnode>
        <childnode refid="6" relation="include">
        </childnode>
        <childnode refid="7" relation="include">
        </childnode>
        <childnode refid="8" relation="include">
        </childnode>
        <childnode refid="9" relation="include">
        </childnode>
        <childnode refid="10" relation="include">
        </childnode>
      </node>
      <node id="1">
        <label>TinyLib/Console/Console.h</label>
        <link refid="_console_8h"/>
        <childnode refid="2" relation="include">
        </childnode>
        <childnode refid="11" relation="include">
        </childnode>
      </node>
      <node id="7">
        <label>DirectXMath.h</label>
      </node>
      <node id="3">
        <label>Windows.h</label>
      </node>
      <node id="10">
        <label>d2d1.h</label>
      </node>
      <node id="4">
        <label>d3d11.h</label>
      </node>
      <node id="6">
        <label>d3dcompiler.h</label>
      </node>
      <node id="9">
        <label>dwrite.h</label>
      </node>
      <node id="5">
        <label>dxgi1_2.h</label>
      </node>
      <node id="8">
        <label>wrl/client.h</label>
      </node>
    </incdepgraph>
    <invincdepgraph>
      <node id="2">
        <label>TinyLib/Console/Console.cpp</label>
        <link refid="_console_8cpp"/>
      </node>
      <node id="1">
        <label>TinyLib/Console/Console.h</label>
        <link refid="_console_8h"/>
        <childnode refid="2" relation="include">
        </childnode>
        <childnode refid="3" relation="include">
        </childnode>
      </node>
      <node id="3">
        <label>TinyLib/Console/ConsoleCategory.h</label>
        <link refid="_console_category_8h"/>
        <childnode refid="4" relation="include">
        </childnode>
      </node>
      <node id="4">
        <label>TinyLib/TinyLib.h</label>
        <link refid="_tiny_lib_8h"/>
      </node>
    </invincdepgraph>
    <innerclass refid="classtl_1_1_console" prot="public">tl::Console</innerclass>
    <innernamespace refid="namespacetl">tl</innernamespace>
    <briefdescription>
    </briefdescription>
    <detaileddescription>
    </detaileddescription>
    <programlisting>
<codeline lineno="1"><highlight class="preprocessor">#pragma<sp/>once</highlight><highlight class="normal"></highlight></codeline>
<codeline lineno="2"><highlight class="normal"></highlight><highlight class="preprocessor">#include<sp/>&quot;<ref refid="_win_a_p_i_8h" kindref="compound">../Base/Win/WinAPI.h</ref>&quot;</highlight><highlight class="normal"></highlight></codeline>
<codeline lineno="3"><highlight class="normal"></highlight><highlight class="preprocessor">#include<sp/>&quot;<ref refid="_base_category_8h" kindref="compound">../Base/BaseCategory.h</ref>&quot;</highlight><highlight class="normal"></highlight></codeline>
<codeline lineno="4"><highlight class="normal"></highlight></codeline>
<codeline lineno="5"><highlight class="normal"></highlight></codeline>
<codeline lineno="6"><highlight class="normal"></highlight><highlight class="keyword">namespace<sp/></highlight><highlight class="normal"><ref refid="namespacetl" kindref="compound">tl</ref></highlight></codeline>
<codeline lineno="7"><highlight class="normal">{</highlight></codeline>
<codeline lineno="8" refid="classtl_1_1_console" refkind="compound"><highlight class="normal"><sp/><sp/><sp/><sp/></highlight><highlight class="keyword">class<sp/></highlight><highlight class="normal"><ref refid="classtl_1_1_console" kindref="compound">Console</ref></highlight></codeline>
<codeline lineno="9"><highlight class="normal"><sp/><sp/><sp/><sp/>{</highlight></codeline>
<codeline lineno="10"><highlight class="normal"><sp/><sp/><sp/><sp/></highlight><highlight class="keyword">public</highlight><highlight class="normal">:</highlight></codeline>
<codeline lineno="11"><highlight class="normal"><sp/><sp/><sp/><sp/><sp/><sp/><sp/><sp/><ref refid="classtl_1_1_console_1ac0c7008acd6d093950b86703b4b5de12" kindref="member">Console</ref>();</highlight></codeline>
<codeline lineno="12"><highlight class="normal"><sp/><sp/><sp/><sp/><sp/><sp/><sp/><sp/><ref refid="classtl_1_1_console_1a3a77a1046ea91222aea9725d64420bff" kindref="member">~Console</ref>();</highlight></codeline>
<codeline lineno="13"><highlight class="normal"></highlight></codeline>
<codeline lineno="14"><highlight class="normal"><sp/><sp/><sp/><sp/><sp/><sp/><sp/><sp/></highlight><highlight class="keywordtype">void</highlight><highlight class="normal"><sp/><ref refid="classtl_1_1_console_1a28cbea123d31ecac8d40bc7a85ba2038" kindref="member">create</ref>();</highlight></codeline>
<codeline lineno="15"><highlight class="normal"><sp/><sp/><sp/><sp/><sp/><sp/><sp/><sp/></highlight><highlight class="keywordtype">void</highlight><highlight class="normal"><sp/><ref refid="classtl_1_1_console_1ab3d7e7bb288351089364bd2f90087ba8" kindref="member">close</ref>();</highlight></codeline>
<codeline lineno="16"><highlight class="normal"><sp/><sp/><sp/><sp/><sp/><sp/><sp/><sp/></highlight><highlight class="keywordtype">void</highlight><highlight class="normal"><sp/><ref refid="classtl_1_1_console_1a2664a8eef4e6510ccd4890f2d0bc8d57" kindref="member">print</ref>(</highlight><highlight class="keyword">const</highlight><highlight class="normal"><sp/></highlight><highlight class="keywordtype">char</highlight><highlight class="normal">*);</highlight></codeline>
<codeline lineno="17"><highlight class="normal"><sp/><sp/><sp/><sp/><sp/><sp/><sp/><sp/></highlight><highlight class="keywordtype">void</highlight><highlight class="normal"><sp/><ref refid="classtl_1_1_console_1ab1b9665ba361a679f9c08ab4572d1669" kindref="member">println</ref>(</highlight><highlight class="keyword">const</highlight><highlight class="normal"><sp/></highlight><highlight class="keywordtype">char</highlight><highlight class="normal">*);</highlight></codeline>
<codeline lineno="18"><highlight class="normal"><sp/><sp/><sp/><sp/><sp/><sp/><sp/><sp/></highlight><highlight class="keywordtype">void</highlight><highlight class="normal"><sp/><ref refid="classtl_1_1_console_1a2664a8eef4e6510ccd4890f2d0bc8d57" kindref="member">print</ref>(<ref refid="namespacetl_1a027b49b4b1bb51bafeac7cac614cbf51" kindref="member">u32</ref>);</highlight></codeline>
<codeline lineno="19"><highlight class="normal"><sp/><sp/><sp/><sp/><sp/><sp/><sp/><sp/></highlight><highlight class="keywordtype">void</highlight><highlight class="normal"><sp/><ref refid="classtl_1_1_console_1ab1b9665ba361a679f9c08ab4572d1669" kindref="member">println</ref>(<ref refid="namespacetl_1a027b49b4b1bb51bafeac7cac614cbf51" kindref="member">u32</ref>);</highlight></codeline>
<codeline lineno="20"><highlight class="normal"><sp/><sp/><sp/><sp/><sp/><sp/><sp/><sp/></highlight><highlight class="keywordtype">void</highlight><highlight class="normal"><sp/><ref refid="classtl_1_1_console_1a0b4ecfd95f4b4d11f84a2ff8d2047c7d" kindref="member">clear</ref>();</highlight></codeline>
<codeline lineno="21"><highlight class="normal"><sp/><sp/><sp/><sp/><sp/><sp/><sp/><sp/></highlight><highlight class="keywordtype">void</highlight><highlight class="normal"><sp/><ref refid="classtl_1_1_console_1a4264551a1d9018934ffe9d3046a9b31c" kindref="member">set</ref>(<ref refid="namespacetl_1a7d0bc20d8f81c8896790b9438e88bfb9" kindref="member">u8</ref>);</highlight></codeline>
<codeline lineno="22"><highlight class="normal"><sp/><sp/><sp/><sp/><sp/><sp/><sp/><sp/><ref refid="namespacetl_1a4c8bdcbc2193d28b2c445bc8e895d6cd" kindref="member">bit</ref><sp/><ref refid="classtl_1_1_console_1ae4d0cfc755e22969589c1e746594333a" kindref="member">isOpen</ref>();</highlight></codeline>
<codeline lineno="23"><highlight class="normal"></highlight></codeline>
<codeline lineno="24"><highlight class="normal"><sp/><sp/><sp/><sp/><sp/><sp/><sp/><sp/></highlight><highlight class="keyword">enum</highlight><highlight class="normal"></highlight></codeline>
<codeline lineno="25"><highlight class="normal"><sp/><sp/><sp/><sp/><sp/><sp/><sp/><sp/>{</highlight></codeline>
<codeline lineno="26" refid="classtl_1_1_console_1a38a9fa2929a4729faaf8115beaf57247a3329fdffb6147c571e247eeac0d3df82" refkind="member"><highlight class="normal"><sp/><sp/><sp/><sp/><sp/><sp/><sp/><sp/><sp/><sp/><sp/><sp/><ref refid="classtl_1_1_console_1a38a9fa2929a4729faaf8115beaf57247a3329fdffb6147c571e247eeac0d3df82" kindref="member">Default</ref><sp/>=<sp/>0,</highlight></codeline>
<codeline lineno="27" refid="classtl_1_1_console_1a38a9fa2929a4729faaf8115beaf57247a64adb1d58c397edebef237f579be0364" refkind="member"><highlight class="normal"><sp/><sp/><sp/><sp/><sp/><sp/><sp/><sp/><sp/><sp/><sp/><sp/><ref refid="classtl_1_1_console_1a38a9fa2929a4729faaf8115beaf57247a64adb1d58c397edebef237f579be0364" kindref="member">Dec</ref><sp/>=<sp/>1,</highlight></codeline>
<codeline lineno="28"><highlight class="normal"><sp/><sp/><sp/><sp/><sp/><sp/><sp/><sp/><sp/><sp/><sp/><sp/><ref refid="classtl_1_1_console_1a38a9fa2929a4729faaf8115beaf57247a0e555b0fc424baadfbb68139c4553498" kindref="member">Hex</ref><sp/>=<sp/>2</highlight></codeline>
<codeline lineno="29" refid="classtl_1_1_console_1a38a9fa2929a4729faaf8115beaf57247a0e555b0fc424baadfbb68139c4553498" refkind="member"><highlight class="normal"><sp/><sp/><sp/><sp/><sp/><sp/><sp/><sp/>};</highlight></codeline>
<codeline lineno="30"><highlight class="normal"></highlight></codeline>
<codeline lineno="31"><highlight class="normal"><sp/><sp/><sp/><sp/></highlight><highlight class="keyword">private</highlight><highlight class="normal">:</highlight></codeline>
<codeline lineno="32"><highlight class="normal"><sp/><sp/><sp/><sp/><sp/><sp/><sp/><sp/>HANDLE<sp/>stdOut;</highlight></codeline>
<codeline lineno="33"><highlight class="normal"><sp/><sp/><sp/><sp/><sp/><sp/><sp/><sp/><ref refid="namespacetl_1a4c8bdcbc2193d28b2c445bc8e895d6cd" kindref="member">bit</ref><sp/>hexMode<sp/>=<sp/></highlight><highlight class="keyword">false</highlight><highlight class="normal">;</highlight></codeline>
<codeline lineno="34"><highlight class="normal"><sp/><sp/><sp/><sp/>};</highlight></codeline>
<codeline lineno="35"><highlight class="normal">}</highlight></codeline>
    </programlisting>
    <location file="TinyLib/Console/Console.h"/>
  </compounddef>
</doxygen>
