<?xml version='1.0' encoding='UTF-8' standalone='no'?>
<doxygen xmlns:xsi="http://www.w3.org/2001/XMLSchema-instance" xsi:noNamespaceSchemaLocation="compound.xsd" version="1.12.0" xml:lang="en-US">
  <compounddef id="_console_category_8h" kind="file" language="C++">
    <compoundname>ConsoleCategory.h</compoundname>
    <includes refid="_console_8h" local="yes">Console.h</includes>
    <includedby refid="_tiny_lib_8h" local="yes">TinyLib/TinyLib.h</includedby>
    <incdepgraph>
      <node id="12">
        <label>../Base/BaseCategory.h</label>
        <link refid="_base_category_8h"/>
        <childnode refid="13" relation="include">
        </childnode>
        <childnode refid="14" relation="include">
        </childnode>
        <childnode refid="15" relation="include">
        </childnode>
        <childnode refid="16" relation="include">
        </childnode>
        <childnode refid="17" relation="include">
        </childnode>
      </node>
      <node id="16">
        <label>Memory.h</label>
        <link refid="_memory_8h"/>
        <childnode refid="3" relation="include">
        </childnode>
      </node>
      <node id="14">
        <label>Time.h</label>
        <link refid="_time_8h"/>
        <childnode refid="13" relation="include">
        </childnode>
        <childnode refid="3" relation="include">
        </childnode>
      </node>
      <node id="13">
        <label>Types.h</label>
        <link refid="_types_8h"/>
      </node>
      <node id="17">
        <label>Util.h</label>
        <link refid="_util_8h"/>
        <childnode refid="3" relation="include">
        </childnode>
        <childnode refid="13" relation="include">
        </childnode>
      </node>
      <node id="15">
        <label>Vector.h</label>
        <link refid="_vector_8h"/>
        <childnode refid="16" relation="include">
        </childnode>
      </node>
      <node id="3">
        <label>../Base/Win/WinAPI.h</label>
        <link refid="_win_a_p_i_8h"/>
        <childnode refid="4" relation="include">
        </childnode>
        <childnode refid="5" relation="include">
        </childnode>
        <childnode refid="6" relation="include">
        </childnode>
        <childnode refid="7" relation="include">
        </childnode>
        <childnode refid="8" relation="include">
        </childnode>
        <childnode refid="9" relation="include">
        </childnode>
        <childnode refid="10" relation="include">
        </childnode>
        <childnode refid="11" relation="include">
        </childnode>
      </node>
      <node id="2">
        <label>Console.h</label>
        <link refid="_console_8h"/>
        <childnode refid="3" relation="include">
        </childnode>
        <childnode refid="12" relation="include">
        </childnode>
      </node>
      <node id="1">
        <label>TinyLib/Console/ConsoleCategory.h</label>
        <link refid="_console_category_8h"/>
        <childnode refid="2" relation="include">
        </childnode>
      </node>
      <node id="8">
        <label>DirectXMath.h</label>
      </node>
      <node id="4">
        <label>Windows.h</label>
      </node>
      <node id="11">
        <label>d2d1.h</label>
      </node>
      <node id="5">
        <label>d3d11.h</label>
      </node>
      <node id="7">
        <label>d3dcompiler.h</label>
      </node>
      <node id="10">
        <label>dwrite.h</label>
      </node>
      <node id="6">
        <label>dxgi1_2.h</label>
      </node>
      <node id="9">
        <label>wrl/client.h</label>
      </node>
    </incdepgraph>
    <invincdepgraph>
      <node id="1">
        <label>TinyLib/Console/ConsoleCategory.h</label>
        <link refid="_console_category_8h"/>
        <childnode refid="2" relation="include">
        </childnode>
      </node>
      <node id="2">
        <label>TinyLib/TinyLib.h</label>
        <link refid="_tiny_lib_8h"/>
      </node>
    </invincdepgraph>
    <briefdescription>
    </briefdescription>
    <detaileddescription>
    </detaileddescription>
    <programlisting>
<codeline lineno="1"><highlight class="preprocessor">#include<sp/>&quot;<ref refid="_console_8h" kindref="compound">Console.h</ref>&quot;</highlight><highlight class="normal"></highlight></codeline>
    </programlisting>
    <location file="TinyLib/Console/ConsoleCategory.h"/>
  </compounddef>
</doxygen>
