<?xml version='1.0' encoding='UTF-8' standalone='no'?>
<doxygen xmlns:xsi="http://www.w3.org/2001/XMLSchema-instance" xsi:noNamespaceSchemaLocation="compound.xsd" version="1.12.0" xml:lang="en-US">
  <compounddef id="_drawable_8cpp" kind="file" language="C++">
    <compoundname>Drawable.cpp</compoundname>
    <includes refid="_drawable_8h" local="yes">Drawable.h</includes>
    <includes refid="_window_8h" local="yes">Window.h</includes>
    <incdepgraph>
      <node id="15">
        <label>../Base/BaseCategory.h</label>
        <link refid="_base_category_8h"/>
        <childnode refid="3" relation="include">
        </childnode>
        <childnode refid="16" relation="include">
        </childnode>
        <childnode refid="17" relation="include">
        </childnode>
        <childnode refid="18" relation="include">
        </childnode>
        <childnode refid="19" relation="include">
        </childnode>
      </node>
      <node id="18">
        <label>Memory.h</label>
        <link refid="_memory_8h"/>
        <childnode refid="4" relation="include">
        </childnode>
      </node>
      <node id="16">
        <label>Time.h</label>
        <link refid="_time_8h"/>
        <childnode refid="3" relation="include">
        </childnode>
        <childnode refid="4" relation="include">
        </childnode>
      </node>
      <node id="3">
        <label>../Base/Types.h</label>
        <link refid="_types_8h"/>
      </node>
      <node id="19">
        <label>Util.h</label>
        <link refid="_util_8h"/>
        <childnode refid="4" relation="include">
        </childnode>
        <childnode refid="3" relation="include">
        </childnode>
      </node>
      <node id="17">
        <label>Vector.h</label>
        <link refid="_vector_8h"/>
        <childnode refid="18" relation="include">
        </childnode>
      </node>
      <node id="4">
        <label>../Base/Win/WinAPI.h</label>
        <link refid="_win_a_p_i_8h"/>
        <childnode refid="5" relation="include">
        </childnode>
        <childnode refid="6" relation="include">
        </childnode>
        <childnode refid="7" relation="include">
        </childnode>
        <childnode refid="8" relation="include">
        </childnode>
        <childnode refid="9" relation="include">
        </childnode>
        <childnode refid="10" relation="include">
        </childnode>
        <childnode refid="11" relation="include">
        </childnode>
        <childnode refid="12" relation="include">
        </childnode>
      </node>
      <node id="1">
        <label>TinyLib/Graphics/Drawable.cpp</label>
        <link refid="_drawable_8cpp"/>
        <childnode refid="2" relation="include">
        </childnode>
        <childnode refid="13" relation="include">
        </childnode>
      </node>
      <node id="2">
        <label>Drawable.h</label>
        <link refid="_drawable_8h"/>
        <childnode refid="3" relation="include">
        </childnode>
        <childnode refid="4" relation="include">
        </childnode>
      </node>
      <node id="14">
        <label>Rectangle.h</label>
        <link refid="_rectangle_8h"/>
        <childnode refid="2" relation="include">
        </childnode>
        <childnode refid="15" relation="include">
        </childnode>
        <childnode refid="4" relation="include">
        </childnode>
      </node>
      <node id="22">
        <label>Text.h</label>
        <link refid="_text_8h"/>
        <childnode refid="15" relation="include">
        </childnode>
        <childnode refid="2" relation="include">
        </childnode>
      </node>
      <node id="13">
        <label>Window.h</label>
        <link refid="_window_8h"/>
        <childnode refid="4" relation="include">
        </childnode>
        <childnode refid="2" relation="include">
        </childnode>
        <childnode refid="14" relation="include">
        </childnode>
        <childnode refid="20" relation="include">
        </childnode>
        <childnode refid="21" relation="include">
        </childnode>
        <childnode refid="22" relation="include">
        </childnode>
        <childnode refid="15" relation="include">
        </childnode>
      </node>
      <node id="9">
        <label>DirectXMath.h</label>
      </node>
      <node id="21">
        <label>GDI.h</label>
      </node>
      <node id="20">
        <label>Graphics.h</label>
      </node>
      <node id="5">
        <label>Windows.h</label>
      </node>
      <node id="12">
        <label>d2d1.h</label>
      </node>
      <node id="6">
        <label>d3d11.h</label>
      </node>
      <node id="8">
        <label>d3dcompiler.h</label>
      </node>
      <node id="11">
        <label>dwrite.h</label>
      </node>
      <node id="7">
        <label>dxgi1_2.h</label>
      </node>
      <node id="10">
        <label>wrl/client.h</label>
      </node>
    </incdepgraph>
    <innernamespace refid="namespacetl">tl</innernamespace>
    <briefdescription>
    </briefdescription>
    <detaileddescription>
    </detaileddescription>
    <programlisting>
<codeline lineno="1"><highlight class="preprocessor">#include<sp/>&quot;<ref refid="_drawable_8h" kindref="compound">Drawable.h</ref>&quot;</highlight><highlight class="normal"></highlight></codeline>
<codeline lineno="2"><highlight class="normal"></highlight><highlight class="preprocessor">#include<sp/>&quot;<ref refid="_window_8h" kindref="compound">Window.h</ref>&quot;</highlight><highlight class="normal"></highlight></codeline>
<codeline lineno="3"><highlight class="normal"></highlight></codeline>
<codeline lineno="4"><highlight class="normal"></highlight></codeline>
<codeline lineno="5"><highlight class="normal"></highlight><highlight class="keyword">namespace<sp/></highlight><highlight class="normal"><ref refid="namespacetl" kindref="compound">tl</ref></highlight></codeline>
<codeline lineno="6"><highlight class="normal">{</highlight></codeline>
<codeline lineno="9" refid="classtl_1_1_drawable_1a30ea7ef3cbe247eab261d2cda94dd09f" refkind="member"><highlight class="normal"><sp/><sp/><sp/><sp/><ref refid="classtl_1_1_drawable_1a30ea7ef3cbe247eab261d2cda94dd09f" kindref="member">Drawable::Drawable</ref>(<ref refid="structtl_1_1_vec4i" kindref="compound">Vec4i</ref><sp/>bounds)</highlight></codeline>
<codeline lineno="10"><highlight class="normal"><sp/><sp/><sp/><sp/>{</highlight></codeline>
<codeline lineno="11"><highlight class="normal"><sp/><sp/><sp/><sp/><sp/><sp/><sp/><sp/><ref refid="classtl_1_1_drawable_1a0bc453f3511224e52e15576ea835873b" kindref="member">setSize</ref>({<sp/>bounds.<ref refid="structtl_1_1_vec4i_1a17b2afb4b34536cbd6d91541b0bad6ae" kindref="member">width</ref>,<sp/>bounds.<ref refid="structtl_1_1_vec4i_1a2f496cf4013092926fe3f63ae95446bf" kindref="member">height</ref><sp/>});</highlight></codeline>
<codeline lineno="12"><highlight class="normal"><sp/><sp/><sp/><sp/><sp/><sp/><sp/><sp/><ref refid="classtl_1_1_drawable_1aaca2b652b94ac8c14c5e173d15595958" kindref="member">setPosition</ref>({bounds.<ref refid="structtl_1_1_vec4i_1ac6da38a573fbebae04faac771c05ed3c" kindref="member">left</ref>,<sp/>bounds.<ref refid="structtl_1_1_vec4i_1a12c7124e0b9fba766527872bb432ed98" kindref="member">top</ref>});</highlight></codeline>
<codeline lineno="13"><highlight class="normal"><sp/><sp/><sp/><sp/>}</highlight></codeline>
<codeline lineno="14"><highlight class="normal"></highlight></codeline>
<codeline lineno="15"><highlight class="normal"></highlight></codeline>
<codeline lineno="17" refid="classtl_1_1_drawable_1a2f8eb9b1fdb74f27a08659d19c58dffa" refkind="member"><highlight class="normal"><sp/><sp/><sp/><sp/><ref refid="classtl_1_1_drawable_1a2f8eb9b1fdb74f27a08659d19c58dffa" kindref="member">Drawable::~Drawable</ref>()</highlight></codeline>
<codeline lineno="18"><highlight class="normal"><sp/><sp/><sp/><sp/>{</highlight></codeline>
<codeline lineno="19"><highlight class="normal"></highlight></codeline>
<codeline lineno="20"><highlight class="normal"><sp/><sp/><sp/><sp/>}</highlight></codeline>
<codeline lineno="21"><highlight class="normal"></highlight></codeline>
<codeline lineno="22"><highlight class="normal"></highlight></codeline>
<codeline lineno="25" refid="classtl_1_1_drawable_1aaca2b652b94ac8c14c5e173d15595958" refkind="member"><highlight class="normal"><sp/><sp/><sp/><sp/></highlight><highlight class="keywordtype">void</highlight><highlight class="normal"><sp/><ref refid="classtl_1_1_drawable_1aaca2b652b94ac8c14c5e173d15595958" kindref="member">Drawable::setPosition</ref>(<ref refid="structtl_1_1_vec2i" kindref="compound">Vec2i</ref><sp/>pos)</highlight></codeline>
<codeline lineno="26"><highlight class="normal"><sp/><sp/><sp/><sp/>{</highlight></codeline>
<codeline lineno="27"><highlight class="normal"><sp/><sp/><sp/><sp/><sp/><sp/><sp/><sp/><ref refid="classtl_1_1_drawable_1a005875cab6106fa1c8983884ee3a7072" kindref="member">posX</ref><sp/>=<sp/>pos.<ref refid="structtl_1_1_vec2i_1a41e041952704574074609118c0427518" kindref="member">x</ref>,<sp/><ref refid="classtl_1_1_drawable_1adc938c28638d39be3c53207ee625611d" kindref="member">posY</ref><sp/>=<sp/>pos.<ref refid="structtl_1_1_vec2i_1a19708a6226be471f6c28cc04ebd16287" kindref="member">y</ref>;</highlight></codeline>
<codeline lineno="28"><highlight class="normal"><sp/><sp/><sp/><sp/>}</highlight></codeline>
<codeline lineno="29"><highlight class="normal"></highlight></codeline>
<codeline lineno="30"><highlight class="normal"></highlight></codeline>
<codeline lineno="33" refid="classtl_1_1_drawable_1a0bc453f3511224e52e15576ea835873b" refkind="member"><highlight class="normal"><sp/><sp/><sp/><sp/></highlight><highlight class="keywordtype">void</highlight><highlight class="normal"><sp/><ref refid="classtl_1_1_drawable_1a0bc453f3511224e52e15576ea835873b" kindref="member">Drawable::setSize</ref>(<ref refid="structtl_1_1_vec2i" kindref="compound">Vec2i</ref><sp/>size)</highlight></codeline>
<codeline lineno="34"><highlight class="normal"><sp/><sp/><sp/><sp/>{</highlight></codeline>
<codeline lineno="35"><highlight class="normal"><sp/><sp/><sp/><sp/><sp/><sp/><sp/><sp/><ref refid="classtl_1_1_drawable_1a06d58589b24ff1ba0d8a0c776a3a0eeb" kindref="member">sizeX</ref><sp/>=<sp/>size.<ref refid="structtl_1_1_vec2i_1a41e041952704574074609118c0427518" kindref="member">x</ref>,<sp/><ref refid="classtl_1_1_drawable_1ad9f165dbfcfff7a16d8e9e3862838675" kindref="member">sizeY</ref><sp/>=<sp/>size.<ref refid="structtl_1_1_vec2i_1a19708a6226be471f6c28cc04ebd16287" kindref="member">y</ref>;</highlight></codeline>
<codeline lineno="36"><highlight class="normal"><sp/><sp/><sp/><sp/>}</highlight></codeline>
<codeline lineno="37"><highlight class="normal"></highlight></codeline>
<codeline lineno="38"><highlight class="normal"></highlight></codeline>
<codeline lineno="41" refid="classtl_1_1_drawable_1ae72500b4134b8187966650dcfc07b27f" refkind="member"><highlight class="normal"><sp/><sp/><sp/><sp/><ref refid="structtl_1_1_vec2i" kindref="compound">Vec2i</ref><sp/><ref refid="classtl_1_1_drawable_1ae72500b4134b8187966650dcfc07b27f" kindref="member">Drawable::getPosition</ref>()</highlight><highlight class="keyword"><sp/>const</highlight></codeline>
<codeline lineno="42"><highlight class="keyword"><sp/><sp/><sp/><sp/></highlight><highlight class="normal">{</highlight></codeline>
<codeline lineno="43"><highlight class="normal"><sp/><sp/><sp/><sp/><sp/><sp/><sp/><sp/></highlight><highlight class="keywordflow">return</highlight><highlight class="normal"><sp/>{<sp/><ref refid="classtl_1_1_drawable_1a005875cab6106fa1c8983884ee3a7072" kindref="member">posX</ref>,<sp/><ref refid="classtl_1_1_drawable_1adc938c28638d39be3c53207ee625611d" kindref="member">posY</ref><sp/>};</highlight></codeline>
<codeline lineno="44"><highlight class="normal"><sp/><sp/><sp/><sp/>}</highlight></codeline>
<codeline lineno="45"><highlight class="normal"></highlight></codeline>
<codeline lineno="46"><highlight class="normal"></highlight></codeline>
<codeline lineno="49" refid="classtl_1_1_drawable_1a09bca9a11e2fc75ad5298f5bf0c6399f" refkind="member"><highlight class="normal"><sp/><sp/><sp/><sp/><ref refid="structtl_1_1_vec2i" kindref="compound">Vec2i</ref><sp/><ref refid="classtl_1_1_drawable_1a09bca9a11e2fc75ad5298f5bf0c6399f" kindref="member">Drawable::getSize</ref>()</highlight><highlight class="keyword"><sp/>const</highlight></codeline>
<codeline lineno="50"><highlight class="keyword"><sp/><sp/><sp/><sp/></highlight><highlight class="normal">{</highlight></codeline>
<codeline lineno="51"><highlight class="normal"><sp/><sp/><sp/><sp/><sp/><sp/><sp/><sp/></highlight><highlight class="keywordflow">return</highlight><highlight class="normal"><sp/>{<sp/><ref refid="classtl_1_1_drawable_1a06d58589b24ff1ba0d8a0c776a3a0eeb" kindref="member">sizeX</ref>,<sp/><ref refid="classtl_1_1_drawable_1ad9f165dbfcfff7a16d8e9e3862838675" kindref="member">sizeY</ref><sp/>};</highlight></codeline>
<codeline lineno="52"><highlight class="normal"><sp/><sp/><sp/><sp/>}</highlight></codeline>
<codeline lineno="53"><highlight class="normal"></highlight></codeline>
<codeline lineno="54"><highlight class="normal"></highlight></codeline>
<codeline lineno="59" refid="classtl_1_1_drawable_1ad680b7ea9995f1c20873d964e8748293" refkind="member"><highlight class="normal"><sp/><sp/><sp/><sp/></highlight><highlight class="keywordtype">void</highlight><highlight class="normal"><sp/><ref refid="classtl_1_1_drawable_1ad680b7ea9995f1c20873d964e8748293" kindref="member">Drawable::move</ref>(<ref refid="structtl_1_1_vec2i" kindref="compound">Vec2i</ref><sp/>pos)</highlight></codeline>
<codeline lineno="60"><highlight class="normal"><sp/><sp/><sp/><sp/>{</highlight></codeline>
<codeline lineno="61"><highlight class="normal"><sp/><sp/><sp/><sp/><sp/><sp/><sp/><sp/><ref refid="classtl_1_1_drawable_1a005875cab6106fa1c8983884ee3a7072" kindref="member">posX</ref><sp/>+=<sp/>pos.<ref refid="structtl_1_1_vec2i_1a41e041952704574074609118c0427518" kindref="member">x</ref>,<sp/><ref refid="classtl_1_1_drawable_1adc938c28638d39be3c53207ee625611d" kindref="member">posY</ref><sp/>+=<sp/>pos.<ref refid="structtl_1_1_vec2i_1a19708a6226be471f6c28cc04ebd16287" kindref="member">y</ref>;</highlight></codeline>
<codeline lineno="62"><highlight class="normal"><sp/><sp/><sp/><sp/>}</highlight></codeline>
<codeline lineno="63"><highlight class="normal"></highlight></codeline>
<codeline lineno="64"><highlight class="normal"></highlight></codeline>
<codeline lineno="67" refid="classtl_1_1_drawable_1ae4bea63524c914d624fe1c9f0ef4edd2" refkind="member"><highlight class="normal"><sp/><sp/><sp/><sp/></highlight><highlight class="keywordtype">void</highlight><highlight class="normal"><sp/><ref refid="classtl_1_1_drawable_1ae4bea63524c914d624fe1c9f0ef4edd2" kindref="member">Drawable::setColor</ref>(<ref refid="structtl_1_1_color" kindref="compound">Color</ref><sp/>color)</highlight></codeline>
<codeline lineno="68"><highlight class="normal"><sp/><sp/><sp/><sp/>{</highlight></codeline>
<codeline lineno="69"><highlight class="normal"><sp/><sp/><sp/><sp/><sp/><sp/><sp/><sp/><ref refid="classtl_1_1_drawable_1a848cc01cc9b0ff02528e3c287bcda9ad" kindref="member">r</ref><sp/>=<sp/>color.<ref refid="structtl_1_1_color_1a353edd65a9c14c9e9fc12b3a2bd8a8c8" kindref="member">r</ref>,<sp/><ref refid="classtl_1_1_drawable_1a4d46800e890cd5d5a62b500fe9c982f1" kindref="member">g</ref><sp/>=<sp/>color.<ref refid="structtl_1_1_color_1acabb8eda91ed6d102b19a6b74f43e206" kindref="member">g</ref>,<sp/><ref refid="classtl_1_1_drawable_1aec88d5f58549c9dedf31f09e684f4ff1" kindref="member">b</ref><sp/>=<sp/>color.<ref refid="structtl_1_1_color_1a3bf83204b4a0ed202d04f0c09fac4e95" kindref="member">b</ref>,<sp/><ref refid="classtl_1_1_drawable_1a2c5bec3ff2fde9d0316571f2ae374515" kindref="member">a</ref><sp/>=<sp/>color.<ref refid="structtl_1_1_color_1ab1a26f98553d0893174c15971de67a34" kindref="member">a</ref>;</highlight></codeline>
<codeline lineno="70"><highlight class="normal"><sp/><sp/><sp/><sp/>}</highlight></codeline>
<codeline lineno="71"><highlight class="normal"></highlight></codeline>
<codeline lineno="72"><highlight class="normal"></highlight></codeline>
<codeline lineno="75" refid="classtl_1_1_drawable_1acf6f9bbe46b4badaa8d4949a93c818ba" refkind="member"><highlight class="normal"><sp/><sp/><sp/><sp/><ref refid="structtl_1_1_color" kindref="compound">Color</ref><sp/><ref refid="classtl_1_1_drawable_1acf6f9bbe46b4badaa8d4949a93c818ba" kindref="member">Drawable::getColor</ref>()</highlight><highlight class="keyword"><sp/>const</highlight></codeline>
<codeline lineno="76"><highlight class="keyword"><sp/><sp/><sp/><sp/></highlight><highlight class="normal">{</highlight></codeline>
<codeline lineno="77"><highlight class="normal"><sp/><sp/><sp/><sp/><sp/><sp/><sp/><sp/></highlight><highlight class="keywordflow">return</highlight><highlight class="normal"><sp/>{<sp/><ref refid="classtl_1_1_drawable_1a848cc01cc9b0ff02528e3c287bcda9ad" kindref="member">r</ref>,<sp/><ref refid="classtl_1_1_drawable_1a4d46800e890cd5d5a62b500fe9c982f1" kindref="member">g</ref>,<sp/><ref refid="classtl_1_1_drawable_1aec88d5f58549c9dedf31f09e684f4ff1" kindref="member">b</ref>,<sp/><ref refid="classtl_1_1_drawable_1a2c5bec3ff2fde9d0316571f2ae374515" kindref="member">a</ref><sp/>};</highlight></codeline>
<codeline lineno="78"><highlight class="normal"><sp/><sp/><sp/><sp/>}</highlight></codeline>
<codeline lineno="79"><highlight class="normal"></highlight></codeline>
<codeline lineno="80"><highlight class="normal"></highlight></codeline>
<codeline lineno="87" refid="classtl_1_1_drawable_1ae17a89d83f64f26e01cb5b1371a110c5" refkind="member"><highlight class="normal"><sp/><sp/><sp/><sp/><ref refid="namespacetl_1a4c8bdcbc2193d28b2c445bc8e895d6cd" kindref="member">bit</ref><sp/><ref refid="classtl_1_1_drawable_1ae17a89d83f64f26e01cb5b1371a110c5" kindref="member">Drawable::intersects</ref>(<ref refid="classtl_1_1_drawable" kindref="compound">Drawable</ref>&amp;<sp/>other)</highlight><highlight class="keyword"><sp/>const</highlight></codeline>
<codeline lineno="88"><highlight class="keyword"><sp/><sp/><sp/><sp/></highlight><highlight class="normal">{</highlight></codeline>
<codeline lineno="89"><highlight class="normal"><sp/><sp/><sp/><sp/><sp/><sp/><sp/><sp/></highlight><highlight class="keywordflow">return</highlight><highlight class="normal"><sp/><ref refid="classtl_1_1_drawable_1a005875cab6106fa1c8983884ee3a7072" kindref="member">posX</ref><sp/>&lt;<sp/>other.<ref refid="classtl_1_1_drawable_1a005875cab6106fa1c8983884ee3a7072" kindref="member">posX</ref><sp/>+<sp/>other.<ref refid="classtl_1_1_drawable_1a06d58589b24ff1ba0d8a0c776a3a0eeb" kindref="member">sizeX</ref><sp/>&amp;&amp;</highlight></codeline>
<codeline lineno="90"><highlight class="normal"><sp/><sp/><sp/><sp/><sp/><sp/><sp/><sp/><sp/><sp/><sp/><sp/><ref refid="classtl_1_1_drawable_1a005875cab6106fa1c8983884ee3a7072" kindref="member">posX</ref><sp/>+<sp/><ref refid="classtl_1_1_drawable_1a06d58589b24ff1ba0d8a0c776a3a0eeb" kindref="member">sizeX</ref><sp/>&gt;<sp/>other.<ref refid="classtl_1_1_drawable_1a005875cab6106fa1c8983884ee3a7072" kindref="member">posX</ref><sp/>&amp;&amp;</highlight></codeline>
<codeline lineno="91"><highlight class="normal"><sp/><sp/><sp/><sp/><sp/><sp/><sp/><sp/><sp/><sp/><sp/><sp/><ref refid="classtl_1_1_drawable_1adc938c28638d39be3c53207ee625611d" kindref="member">posY</ref><sp/>&lt;<sp/>other.<ref refid="classtl_1_1_drawable_1adc938c28638d39be3c53207ee625611d" kindref="member">posY</ref><sp/>+<sp/>other.<ref refid="classtl_1_1_drawable_1ad9f165dbfcfff7a16d8e9e3862838675" kindref="member">sizeY</ref><sp/>&amp;&amp;</highlight></codeline>
<codeline lineno="92"><highlight class="normal"><sp/><sp/><sp/><sp/><sp/><sp/><sp/><sp/><sp/><sp/><sp/><sp/><ref refid="classtl_1_1_drawable_1adc938c28638d39be3c53207ee625611d" kindref="member">posY</ref><sp/>+<sp/><ref refid="classtl_1_1_drawable_1ad9f165dbfcfff7a16d8e9e3862838675" kindref="member">sizeY</ref><sp/>&gt;<sp/>other.<ref refid="classtl_1_1_drawable_1adc938c28638d39be3c53207ee625611d" kindref="member">posY</ref>;</highlight></codeline>
<codeline lineno="93"><highlight class="normal"><sp/><sp/><sp/><sp/>}</highlight></codeline>
<codeline lineno="94"><highlight class="normal"></highlight></codeline>
<codeline lineno="95"><highlight class="normal"></highlight></codeline>
<codeline lineno="102" refid="classtl_1_1_drawable_1afd87e8323f304ae6dacb8f06057a3963" refkind="member"><highlight class="normal"><sp/><sp/><sp/><sp/><ref refid="namespacetl_1a4c8bdcbc2193d28b2c445bc8e895d6cd" kindref="member">bit</ref><sp/><ref refid="classtl_1_1_drawable_1ae17a89d83f64f26e01cb5b1371a110c5" kindref="member">Drawable::intersects</ref>(<ref refid="classtl_1_1_window" kindref="compound">Window</ref>&amp;<sp/>window)</highlight><highlight class="keyword"><sp/>const</highlight></codeline>
<codeline lineno="103"><highlight class="keyword"><sp/><sp/><sp/><sp/></highlight><highlight class="normal">{</highlight></codeline>
<codeline lineno="104"><highlight class="normal"><sp/><sp/><sp/><sp/><sp/><sp/><sp/><sp/></highlight><highlight class="keywordflow">return</highlight><highlight class="normal"><sp/><ref refid="classtl_1_1_drawable_1a005875cab6106fa1c8983884ee3a7072" kindref="member">posX</ref><sp/>&lt;<sp/>window.<ref refid="classtl_1_1_window_1a2bcf4a5045beca6be155f7fe5063e12e" kindref="member">getSize</ref>().<ref refid="structtl_1_1_vec2i_1a41e041952704574074609118c0427518" kindref="member">x</ref><sp/>&amp;&amp;</highlight></codeline>
<codeline lineno="105"><highlight class="normal"><sp/><sp/><sp/><sp/><sp/><sp/><sp/><sp/><sp/><sp/><sp/><sp/><ref refid="classtl_1_1_drawable_1a005875cab6106fa1c8983884ee3a7072" kindref="member">posX</ref><sp/>+<sp/><ref refid="classtl_1_1_drawable_1a06d58589b24ff1ba0d8a0c776a3a0eeb" kindref="member">sizeX</ref><sp/>&gt;<sp/>0<sp/>&amp;&amp;</highlight></codeline>
<codeline lineno="106"><highlight class="normal"><sp/><sp/><sp/><sp/><sp/><sp/><sp/><sp/><sp/><sp/><sp/><sp/><ref refid="classtl_1_1_drawable_1adc938c28638d39be3c53207ee625611d" kindref="member">posY</ref><sp/>&lt;<sp/>window.<ref refid="classtl_1_1_window_1a2bcf4a5045beca6be155f7fe5063e12e" kindref="member">getSize</ref>().<ref refid="structtl_1_1_vec2i_1a19708a6226be471f6c28cc04ebd16287" kindref="member">y</ref><sp/>&amp;&amp;</highlight></codeline>
<codeline lineno="107"><highlight class="normal"><sp/><sp/><sp/><sp/><sp/><sp/><sp/><sp/><sp/><sp/><sp/><sp/><ref refid="classtl_1_1_drawable_1adc938c28638d39be3c53207ee625611d" kindref="member">posY</ref><sp/>+<sp/><ref refid="classtl_1_1_drawable_1ad9f165dbfcfff7a16d8e9e3862838675" kindref="member">sizeY</ref><sp/>&gt;<sp/>0;</highlight></codeline>
<codeline lineno="108"><highlight class="normal"><sp/><sp/><sp/><sp/>}</highlight></codeline>
<codeline lineno="109"><highlight class="normal">}</highlight></codeline>
    </programlisting>
    <location file="TinyLib/Graphics/Drawable.cpp"/>
  </compounddef>
</doxygen>
