<?xml version='1.0' encoding='UTF-8' standalone='no'?>
<doxygen xmlns:xsi="http://www.w3.org/2001/XMLSchema-instance" xsi:noNamespaceSchemaLocation="compound.xsd" version="1.12.0" xml:lang="en-US">
  <compounddef id="_drawable_8h" kind="file" language="C++">
    <compoundname>Drawable.h</compoundname>
    <includes refid="_types_8h" local="yes">../Base/Types.h</includes>
    <includes refid="_win_a_p_i_8h" local="yes">../Base/Win/WinAPI.h</includes>
    <includedby refid="_drawable_8cpp" local="yes">TinyLib/Graphics/Drawable.cpp</includedby>
    <includedby refid="_graphics_category_8h" local="yes">TinyLib/Graphics/GraphicsCategory.h</includedby>
    <includedby refid="_rectangle_8h" local="yes">TinyLib/Graphics/Rectangle.h</includedby>
    <includedby refid="_text_8h" local="yes">TinyLib/Graphics/Text.h</includedby>
    <includedby refid="_window_8h" local="yes">TinyLib/Graphics/Window.h</includedby>
    <includedby refid="_mouse_8h" local="yes">TinyLib/System/Mouse.h</includedby>
    <incdepgraph>
      <node id="2">
        <label>../Base/Types.h</label>
        <link refid="_types_8h"/>
      </node>
      <node id="3">
        <label>../Base/Win/WinAPI.h</label>
        <link refid="_win_a_p_i_8h"/>
        <childnode refid="4" relation="include">
        </childnode>
        <childnode refid="5" relation="include">
        </childnode>
        <childnode refid="6" relation="include">
        </childnode>
        <childnode refid="7" relation="include">
        </childnode>
        <childnode refid="8" relation="include">
        </childnode>
        <childnode refid="9" relation="include">
        </childnode>
        <childnode refid="10" relation="include">
        </childnode>
        <childnode refid="11" relation="include">
        </childnode>
      </node>
      <node id="1">
        <label>TinyLib/Graphics/Drawable.h</label>
        <link refid="_drawable_8h"/>
        <childnode refid="2" relation="include">
        </childnode>
        <childnode refid="3" relation="include">
        </childnode>
      </node>
      <node id="8">
        <label>DirectXMath.h</label>
      </node>
      <node id="4">
        <label>Windows.h</label>
      </node>
      <node id="11">
        <label>d2d1.h</label>
      </node>
      <node id="5">
        <label>d3d11.h</label>
      </node>
      <node id="7">
        <label>d3dcompiler.h</label>
      </node>
      <node id="10">
        <label>dwrite.h</label>
      </node>
      <node id="6">
        <label>dxgi1_2.h</label>
      </node>
      <node id="9">
        <label>wrl/client.h</label>
      </node>
    </incdepgraph>
    <invincdepgraph>
      <node id="2">
        <label>TinyLib/Graphics/Drawable.cpp</label>
        <link refid="_drawable_8cpp"/>
      </node>
      <node id="1">
        <label>TinyLib/Graphics/Drawable.h</label>
        <link refid="_drawable_8h"/>
        <childnode refid="2" relation="include">
        </childnode>
        <childnode refid="3" relation="include">
        </childnode>
        <childnode refid="5" relation="include">
        </childnode>
        <childnode refid="9" relation="include">
        </childnode>
        <childnode refid="7" relation="include">
        </childnode>
        <childnode refid="11" relation="include">
        </childnode>
      </node>
      <node id="3">
        <label>TinyLib/Graphics/GraphicsCategory.h</label>
        <link refid="_graphics_category_8h"/>
        <childnode refid="4" relation="include">
        </childnode>
      </node>
      <node id="6">
        <label>TinyLib/Graphics/Rectangle.cpp</label>
        <link refid="_rectangle_8cpp"/>
      </node>
      <node id="5">
        <label>TinyLib/Graphics/Rectangle.h</label>
        <link refid="_rectangle_8h"/>
        <childnode refid="3" relation="include">
        </childnode>
        <childnode refid="6" relation="include">
        </childnode>
        <childnode refid="7" relation="include">
        </childnode>
      </node>
      <node id="10">
        <label>TinyLib/Graphics/Text.cpp</label>
        <link refid="_text_8cpp"/>
      </node>
      <node id="9">
        <label>TinyLib/Graphics/Text.h</label>
        <link refid="_text_8h"/>
        <childnode refid="10" relation="include">
        </childnode>
        <childnode refid="7" relation="include">
        </childnode>
      </node>
      <node id="8">
        <label>TinyLib/Graphics/Window.cpp</label>
        <link refid="_window_8cpp"/>
      </node>
      <node id="7">
        <label>TinyLib/Graphics/Window.h</label>
        <link refid="_window_8h"/>
        <childnode refid="2" relation="include">
        </childnode>
        <childnode refid="3" relation="include">
        </childnode>
        <childnode refid="8" relation="include">
        </childnode>
      </node>
      <node id="12">
        <label>TinyLib/System/Mouse.cpp</label>
        <link refid="_mouse_8cpp"/>
      </node>
      <node id="11">
        <label>TinyLib/System/Mouse.h</label>
        <link refid="_mouse_8h"/>
        <childnode refid="12" relation="include">
        </childnode>
        <childnode refid="13" relation="include">
        </childnode>
      </node>
      <node id="13">
        <label>TinyLib/System/SystemCategory.h</label>
        <link refid="_system_category_8h"/>
        <childnode refid="4" relation="include">
        </childnode>
      </node>
      <node id="4">
        <label>TinyLib/TinyLib.h</label>
        <link refid="_tiny_lib_8h"/>
      </node>
    </invincdepgraph>
    <innerclass refid="classtl_1_1_drawable" prot="public">tl::Drawable</innerclass>
    <innernamespace refid="namespacetl">tl</innernamespace>
    <briefdescription>
    </briefdescription>
    <detaileddescription>
    </detaileddescription>
    <programlisting>
<codeline lineno="1"><highlight class="preprocessor">#pragma<sp/>once</highlight><highlight class="normal"></highlight></codeline>
<codeline lineno="2"><highlight class="normal"></highlight><highlight class="preprocessor">#include<sp/>&quot;<ref refid="_types_8h" kindref="compound">../Base/Types.h</ref>&quot;</highlight><highlight class="normal"></highlight></codeline>
<codeline lineno="3"><highlight class="normal"></highlight><highlight class="preprocessor">#include<sp/>&quot;<ref refid="_win_a_p_i_8h" kindref="compound">../Base/Win/WinAPI.h</ref>&quot;</highlight><highlight class="normal"></highlight></codeline>
<codeline lineno="4"><highlight class="normal"></highlight></codeline>
<codeline lineno="5"><highlight class="normal"></highlight></codeline>
<codeline lineno="6"><highlight class="normal"></highlight><highlight class="keyword">namespace<sp/></highlight><highlight class="normal"><ref refid="namespacetl" kindref="compound">tl</ref></highlight></codeline>
<codeline lineno="7"><highlight class="normal">{</highlight></codeline>
<codeline lineno="8"><highlight class="normal"><sp/><sp/></highlight><highlight class="comment">//<sp/>Forward<sp/>declaration<sp/>for<sp/>the<sp/>window<sp/>intersect.</highlight><highlight class="normal"></highlight></codeline>
<codeline lineno="9"><highlight class="normal"><sp/><sp/></highlight><highlight class="keyword">class<sp/></highlight><highlight class="normal">Window;</highlight></codeline>
<codeline lineno="10"><highlight class="normal"></highlight></codeline>
<codeline lineno="11" refid="classtl_1_1_drawable" refkind="compound"><highlight class="normal"><sp/><sp/></highlight><highlight class="keyword">class<sp/></highlight><highlight class="normal"><ref refid="classtl_1_1_drawable" kindref="compound">Drawable</ref></highlight></codeline>
<codeline lineno="12"><highlight class="normal"><sp/><sp/>{</highlight></codeline>
<codeline lineno="13"><highlight class="normal"><sp/><sp/><sp/><sp/></highlight><highlight class="keyword">public</highlight><highlight class="normal">:</highlight></codeline>
<codeline lineno="14"><highlight class="normal"><sp/><sp/><sp/><sp/><sp/><sp/><ref refid="classtl_1_1_drawable_1a30ea7ef3cbe247eab261d2cda94dd09f" kindref="member">Drawable</ref>(<ref refid="structtl_1_1_vec4i" kindref="compound">Vec4i</ref><sp/>bounds<sp/>=<sp/>{0,<sp/>0,<sp/>0,<sp/>0});</highlight></codeline>
<codeline lineno="15"><highlight class="normal"><sp/><sp/><sp/><sp/><sp/><sp/><ref refid="classtl_1_1_drawable_1a2f8eb9b1fdb74f27a08659d19c58dffa" kindref="member">~Drawable</ref>();</highlight></codeline>
<codeline lineno="16"><highlight class="normal"><sp/><sp/><sp/><sp/><sp/><sp/></highlight><highlight class="keywordtype">void</highlight><highlight class="normal"><sp/><ref refid="classtl_1_1_drawable_1aaca2b652b94ac8c14c5e173d15595958" kindref="member">setPosition</ref>(<ref refid="structtl_1_1_vec2i" kindref="compound">Vec2i</ref>);</highlight></codeline>
<codeline lineno="17"><highlight class="normal"><sp/><sp/><sp/><sp/><sp/><sp/></highlight><highlight class="keywordtype">void</highlight><highlight class="normal"><sp/><ref refid="classtl_1_1_drawable_1a0bc453f3511224e52e15576ea835873b" kindref="member">setSize</ref>(<ref refid="structtl_1_1_vec2i" kindref="compound">Vec2i</ref>);</highlight></codeline>
<codeline lineno="18"><highlight class="normal"><sp/><sp/><sp/><sp/><sp/><sp/><ref refid="structtl_1_1_vec2i" kindref="compound">Vec2i</ref><sp/><ref refid="classtl_1_1_drawable_1ae72500b4134b8187966650dcfc07b27f" kindref="member">getPosition</ref>()<sp/></highlight><highlight class="keyword">const</highlight><highlight class="normal">;</highlight></codeline>
<codeline lineno="19"><highlight class="normal"><sp/><sp/><sp/><sp/><sp/><sp/><ref refid="structtl_1_1_vec2i" kindref="compound">Vec2i</ref><sp/><ref refid="classtl_1_1_drawable_1a09bca9a11e2fc75ad5298f5bf0c6399f" kindref="member">getSize</ref>()<sp/></highlight><highlight class="keyword">const</highlight><highlight class="normal">;</highlight></codeline>
<codeline lineno="20"><highlight class="normal"><sp/><sp/><sp/><sp/><sp/><sp/><ref refid="structtl_1_1_color" kindref="compound">Color</ref><sp/><ref refid="classtl_1_1_drawable_1acf6f9bbe46b4badaa8d4949a93c818ba" kindref="member">getColor</ref>()<sp/></highlight><highlight class="keyword">const</highlight><highlight class="normal">;</highlight></codeline>
<codeline lineno="21"><highlight class="normal"><sp/><sp/><sp/><sp/><sp/><sp/></highlight><highlight class="keywordtype">void</highlight><highlight class="normal"><sp/><ref refid="classtl_1_1_drawable_1ad680b7ea9995f1c20873d964e8748293" kindref="member">move</ref>(<ref refid="structtl_1_1_vec2i" kindref="compound">Vec2i</ref>);</highlight></codeline>
<codeline lineno="22"><highlight class="normal"><sp/><sp/><sp/><sp/><sp/><sp/></highlight><highlight class="keywordtype">void</highlight><highlight class="normal"><sp/><ref refid="classtl_1_1_drawable_1ae4bea63524c914d624fe1c9f0ef4edd2" kindref="member">setColor</ref>(<ref refid="structtl_1_1_color" kindref="compound">Color</ref>);</highlight></codeline>
<codeline lineno="23"><highlight class="normal"><sp/><sp/><sp/><sp/><sp/><sp/><ref refid="namespacetl_1a4c8bdcbc2193d28b2c445bc8e895d6cd" kindref="member">bit</ref><sp/><ref refid="classtl_1_1_drawable_1ae17a89d83f64f26e01cb5b1371a110c5" kindref="member">intersects</ref>(<ref refid="classtl_1_1_drawable" kindref="compound">Drawable</ref>&amp;)<sp/></highlight><highlight class="keyword">const</highlight><highlight class="normal">;</highlight></codeline>
<codeline lineno="24"><highlight class="normal"><sp/><sp/><sp/><sp/><sp/><sp/><ref refid="namespacetl_1a4c8bdcbc2193d28b2c445bc8e895d6cd" kindref="member">bit</ref><sp/><ref refid="classtl_1_1_drawable_1ae17a89d83f64f26e01cb5b1371a110c5" kindref="member">intersects</ref>(<ref refid="classtl_1_1_window" kindref="compound">Window</ref>&amp;)<sp/></highlight><highlight class="keyword">const</highlight><highlight class="normal">;</highlight></codeline>
<codeline lineno="25"><highlight class="normal"></highlight></codeline>
<codeline lineno="26"><highlight class="normal"><sp/><sp/><sp/><sp/></highlight><highlight class="keyword">protected</highlight><highlight class="normal">:</highlight></codeline>
<codeline lineno="27" refid="classtl_1_1_drawable_1a005875cab6106fa1c8983884ee3a7072" refkind="member"><highlight class="normal"><sp/><sp/><sp/><sp/><sp/><sp/><ref refid="namespacetl_1a265a9f7c42ef723ea69373d72f9cf195" kindref="member">s32</ref><sp/><ref refid="classtl_1_1_drawable_1a005875cab6106fa1c8983884ee3a7072" kindref="member">posX</ref>,<sp/><ref refid="classtl_1_1_drawable_1adc938c28638d39be3c53207ee625611d" kindref="member">posY</ref>,<sp/><ref refid="classtl_1_1_drawable_1a06d58589b24ff1ba0d8a0c776a3a0eeb" kindref="member">sizeX</ref>,<sp/><ref refid="classtl_1_1_drawable_1ad9f165dbfcfff7a16d8e9e3862838675" kindref="member">sizeY</ref>;</highlight></codeline>
<codeline lineno="28" refid="classtl_1_1_drawable_1a2c5bec3ff2fde9d0316571f2ae374515" refkind="member"><highlight class="normal"><sp/><sp/><sp/><sp/><sp/><sp/><ref refid="namespacetl_1a7d0bc20d8f81c8896790b9438e88bfb9" kindref="member">u8</ref><sp/><ref refid="classtl_1_1_drawable_1a848cc01cc9b0ff02528e3c287bcda9ad" kindref="member">r</ref><sp/>=<sp/>0,<sp/><ref refid="classtl_1_1_drawable_1a4d46800e890cd5d5a62b500fe9c982f1" kindref="member">g</ref><sp/>=<sp/>0,<sp/><ref refid="classtl_1_1_drawable_1aec88d5f58549c9dedf31f09e684f4ff1" kindref="member">b</ref><sp/>=<sp/>0,<sp/><ref refid="classtl_1_1_drawable_1a2c5bec3ff2fde9d0316571f2ae374515" kindref="member">a</ref><sp/>=<sp/>0;</highlight></codeline>
<codeline lineno="29"><highlight class="normal"><sp/><sp/>};</highlight></codeline>
<codeline lineno="30"><highlight class="normal">}</highlight></codeline>
    </programlisting>
    <location file="TinyLib/Graphics/Drawable.h"/>
  </compounddef>
</doxygen>
