<?xml version='1.0' encoding='UTF-8' standalone='no'?>
<doxygen xmlns:xsi="http://www.w3.org/2001/XMLSchema-instance" xsi:noNamespaceSchemaLocation="compound.xsd" version="1.12.0" xml:lang="en-US">
  <compounddef id="_file_8h" kind="file" language="C++">
    <compoundname>File.h</compoundname>
    <includes refid="_win_a_p_i_8h" local="yes">../Base/Win/WinAPI.h</includes>
    <includes refid="_base_category_8h" local="yes">../Base/BaseCategory.h</includes>
    <includedby refid="_file_8cpp" local="yes">TinyLib/System/File.cpp</includedby>
    <includedby refid="_system_category_8h" local="yes">TinyLib/System/SystemCategory.h</includedby>
    <incdepgraph>
      <node id="11">
        <label>../Base/BaseCategory.h</label>
        <link refid="_base_category_8h"/>
        <childnode refid="12" relation="include">
        </childnode>
        <childnode refid="13" relation="include">
        </childnode>
        <childnode refid="14" relation="include">
        </childnode>
        <childnode refid="15" relation="include">
        </childnode>
        <childnode refid="16" relation="include">
        </childnode>
      </node>
      <node id="15">
        <label>Memory.h</label>
        <link refid="_memory_8h"/>
        <childnode refid="2" relation="include">
        </childnode>
      </node>
      <node id="13">
        <label>Time.h</label>
        <link refid="_time_8h"/>
        <childnode refid="12" relation="include">
        </childnode>
        <childnode refid="2" relation="include">
        </childnode>
      </node>
      <node id="12">
        <label>Types.h</label>
        <link refid="_types_8h"/>
      </node>
      <node id="16">
        <label>Util.h</label>
        <link refid="_util_8h"/>
        <childnode refid="2" relation="include">
        </childnode>
        <childnode refid="12" relation="include">
        </childnode>
      </node>
      <node id="14">
        <label>Vector.h</label>
        <link refid="_vector_8h"/>
        <childnode refid="15" relation="include">
        </childnode>
      </node>
      <node id="2">
        <label>../Base/Win/WinAPI.h</label>
        <link refid="_win_a_p_i_8h"/>
        <childnode refid="3" relation="include">
        </childnode>
        <childnode refid="4" relation="include">
        </childnode>
        <childnode refid="5" relation="include">
        </childnode>
        <childnode refid="6" relation="include">
        </childnode>
        <childnode refid="7" relation="include">
        </childnode>
        <childnode refid="8" relation="include">
        </childnode>
        <childnode refid="9" relation="include">
        </childnode>
        <childnode refid="10" relation="include">
        </childnode>
      </node>
      <node id="1">
        <label>TinyLib/System/File.h</label>
        <link refid="_file_8h"/>
        <childnode refid="2" relation="include">
        </childnode>
        <childnode refid="11" relation="include">
        </childnode>
      </node>
      <node id="7">
        <label>DirectXMath.h</label>
      </node>
      <node id="3">
        <label>Windows.h</label>
      </node>
      <node id="10">
        <label>d2d1.h</label>
      </node>
      <node id="4">
        <label>d3d11.h</label>
      </node>
      <node id="6">
        <label>d3dcompiler.h</label>
      </node>
      <node id="9">
        <label>dwrite.h</label>
      </node>
      <node id="5">
        <label>dxgi1_2.h</label>
      </node>
      <node id="8">
        <label>wrl/client.h</label>
      </node>
    </incdepgraph>
    <invincdepgraph>
      <node id="2">
        <label>TinyLib/System/File.cpp</label>
        <link refid="_file_8cpp"/>
      </node>
      <node id="1">
        <label>TinyLib/System/File.h</label>
        <link refid="_file_8h"/>
        <childnode refid="2" relation="include">
        </childnode>
        <childnode refid="3" relation="include">
        </childnode>
      </node>
      <node id="3">
        <label>TinyLib/System/SystemCategory.h</label>
        <link refid="_system_category_8h"/>
        <childnode refid="4" relation="include">
        </childnode>
      </node>
      <node id="4">
        <label>TinyLib/TinyLib.h</label>
        <link refid="_tiny_lib_8h"/>
      </node>
    </invincdepgraph>
    <innerclass refid="classtl_1_1_file" prot="public">tl::File</innerclass>
    <innernamespace refid="namespacetl">tl</innernamespace>
    <briefdescription>
    </briefdescription>
    <detaileddescription>
    </detaileddescription>
    <programlisting>
<codeline lineno="1"><highlight class="preprocessor">#pragma<sp/>once</highlight><highlight class="normal"></highlight></codeline>
<codeline lineno="2"><highlight class="normal"></highlight><highlight class="preprocessor">#include<sp/>&quot;<ref refid="_win_a_p_i_8h" kindref="compound">../Base/Win/WinAPI.h</ref>&quot;</highlight><highlight class="normal"></highlight></codeline>
<codeline lineno="3"><highlight class="normal"></highlight><highlight class="preprocessor">#include<sp/>&quot;<ref refid="_base_category_8h" kindref="compound">../Base/BaseCategory.h</ref>&quot;</highlight><highlight class="normal"></highlight></codeline>
<codeline lineno="4"><highlight class="normal"></highlight></codeline>
<codeline lineno="5"><highlight class="normal"></highlight></codeline>
<codeline lineno="6"><highlight class="normal"></highlight><highlight class="keyword">namespace<sp/></highlight><highlight class="normal"><ref refid="namespacetl" kindref="compound">tl</ref></highlight></codeline>
<codeline lineno="7"><highlight class="normal">{</highlight></codeline>
<codeline lineno="8" refid="classtl_1_1_file" refkind="compound"><highlight class="normal"><sp/><sp/><sp/><sp/></highlight><highlight class="keyword">class<sp/></highlight><highlight class="normal"><ref refid="classtl_1_1_file" kindref="compound">File</ref></highlight></codeline>
<codeline lineno="9"><highlight class="normal"><sp/><sp/><sp/><sp/>{</highlight></codeline>
<codeline lineno="10"><highlight class="normal"><sp/><sp/><sp/><sp/></highlight><highlight class="keyword">public</highlight><highlight class="normal">:</highlight></codeline>
<codeline lineno="11"><highlight class="normal"><sp/><sp/><sp/><sp/><sp/><sp/><sp/><sp/><ref refid="classtl_1_1_file_1aefe659f313e7467f1a4649f37b8a26b5" kindref="member">File</ref>();</highlight></codeline>
<codeline lineno="12"><highlight class="normal"><sp/><sp/><sp/><sp/><sp/><sp/><sp/><sp/><ref refid="classtl_1_1_file_1aefe659f313e7467f1a4649f37b8a26b5" kindref="member">File</ref>(</highlight><highlight class="keyword">const</highlight><highlight class="normal"><sp/></highlight><highlight class="keywordtype">char</highlight><highlight class="normal">*<sp/>path);</highlight></codeline>
<codeline lineno="13"><highlight class="normal"><sp/><sp/><sp/><sp/><sp/><sp/><sp/><sp/><ref refid="classtl_1_1_file_1a381c9a211bdca24b9ea4f9afec368de0" kindref="member">~File</ref>();</highlight></codeline>
<codeline lineno="14"><highlight class="normal"></highlight></codeline>
<codeline lineno="15"><highlight class="normal"><sp/><sp/><sp/><sp/><sp/><sp/><sp/><sp/></highlight><highlight class="keywordtype">void</highlight><highlight class="normal"><sp/><ref refid="classtl_1_1_file_1aac2f62b549de4a940b9d0c6aa82840b2" kindref="member">open</ref>(</highlight><highlight class="keyword">const</highlight><highlight class="normal"><sp/></highlight><highlight class="keywordtype">char</highlight><highlight class="normal">*<sp/>path);</highlight></codeline>
<codeline lineno="16"><highlight class="normal"><sp/><sp/><sp/><sp/><sp/><sp/><sp/><sp/></highlight><highlight class="keywordtype">void</highlight><highlight class="normal"><sp/><ref refid="classtl_1_1_file_1ad9a51d2780a1327c675a143b14bb4dd6" kindref="member">close</ref>();</highlight></codeline>
<codeline lineno="17"><highlight class="normal"><sp/><sp/><sp/><sp/><sp/><sp/><sp/><sp/></highlight><highlight class="keywordtype">void</highlight><highlight class="normal"><sp/><ref refid="classtl_1_1_file_1a78598d15c5088e079e024e13514774c7" kindref="member">read</ref>(</highlight><highlight class="keywordtype">char</highlight><highlight class="normal">**<sp/>data);</highlight></codeline>
<codeline lineno="18"><highlight class="normal"><sp/><sp/><sp/><sp/><sp/><sp/><sp/><sp/></highlight><highlight class="comment">//void<sp/>write();</highlight><highlight class="normal"></highlight></codeline>
<codeline lineno="19"><highlight class="normal"><sp/><sp/><sp/><sp/><sp/><sp/><sp/><sp/></highlight><highlight class="keywordtype">size_t</highlight><highlight class="normal"><sp/><ref refid="classtl_1_1_file_1a6b98c6fe3b1cb984ab6a74971ac265c9" kindref="member">length</ref>();</highlight></codeline>
<codeline lineno="20"><highlight class="normal"></highlight></codeline>
<codeline lineno="21"><highlight class="normal"><sp/><sp/><sp/><sp/></highlight><highlight class="keyword">private</highlight><highlight class="normal">:</highlight></codeline>
<codeline lineno="22"><highlight class="normal"><sp/><sp/><sp/><sp/><sp/><sp/><sp/><sp/></highlight><highlight class="keyword">const</highlight><highlight class="normal"><sp/></highlight><highlight class="keywordtype">char</highlight><highlight class="normal">*<sp/>path;</highlight></codeline>
<codeline lineno="23"><highlight class="normal"><sp/><sp/><sp/><sp/>};</highlight></codeline>
<codeline lineno="24"><highlight class="normal">}</highlight></codeline>
    </programlisting>
    <location file="TinyLib/System/File.h"/>
  </compounddef>
</doxygen>
