<?xml version='1.0' encoding='UTF-8' standalone='no'?>
<doxygen xmlns:xsi="http://www.w3.org/2001/XMLSchema-instance" xsi:noNamespaceSchemaLocation="compound.xsd" version="1.12.0" xml:lang="en-US">
  <compounddef id="_key_8cpp" kind="file" language="C++">
    <compoundname>Key.cpp</compoundname>
    <includes refid="_key_8h" local="yes">Key.h</includes>
    <incdepgraph>
      <node id="12">
        <label>../Base/Types.h</label>
        <link refid="_types_8h"/>
      </node>
      <node id="3">
        <label>../Base/Win/WinAPI.h</label>
        <link refid="_win_a_p_i_8h"/>
        <childnode refid="4" relation="include">
        </childnode>
        <childnode refid="5" relation="include">
        </childnode>
        <childnode refid="6" relation="include">
        </childnode>
        <childnode refid="7" relation="include">
        </childnode>
        <childnode refid="8" relation="include">
        </childnode>
        <childnode refid="9" relation="include">
        </childnode>
        <childnode refid="10" relation="include">
        </childnode>
        <childnode refid="11" relation="include">
        </childnode>
      </node>
      <node id="1">
        <label>TinyLib/System/Key.cpp</label>
        <link refid="_key_8cpp"/>
        <childnode refid="2" relation="include">
        </childnode>
      </node>
      <node id="2">
        <label>Key.h</label>
        <link refid="_key_8h"/>
        <childnode refid="3" relation="include">
        </childnode>
        <childnode refid="12" relation="include">
        </childnode>
      </node>
      <node id="8">
        <label>DirectXMath.h</label>
      </node>
      <node id="4">
        <label>Windows.h</label>
      </node>
      <node id="11">
        <label>d2d1.h</label>
      </node>
      <node id="5">
        <label>d3d11.h</label>
      </node>
      <node id="7">
        <label>d3dcompiler.h</label>
      </node>
      <node id="10">
        <label>dwrite.h</label>
      </node>
      <node id="6">
        <label>dxgi1_2.h</label>
      </node>
      <node id="9">
        <label>wrl/client.h</label>
      </node>
    </incdepgraph>
    <innernamespace refid="namespacetl">tl</innernamespace>
    <briefdescription>
    </briefdescription>
    <detaileddescription>
    </detaileddescription>
    <programlisting>
<codeline lineno="1"><highlight class="preprocessor">#include<sp/>&quot;<ref refid="_key_8h" kindref="compound">Key.h</ref>&quot;</highlight><highlight class="normal"></highlight></codeline>
<codeline lineno="2"><highlight class="normal"></highlight></codeline>
<codeline lineno="3"><highlight class="normal"></highlight></codeline>
<codeline lineno="4"><highlight class="normal"></highlight><highlight class="keyword">namespace<sp/></highlight><highlight class="normal"><ref refid="namespacetl" kindref="compound">tl</ref></highlight></codeline>
<codeline lineno="5"><highlight class="normal">{</highlight></codeline>
<codeline lineno="9" refid="classtl_1_1_key_1ab2b89f653b520a01e794c9f6a07ee07c" refkind="member"><highlight class="normal"><sp/><sp/><sp/><sp/><ref refid="namespacetl_1a4c8bdcbc2193d28b2c445bc8e895d6cd" kindref="member">bit</ref><sp/><ref refid="classtl_1_1_key_1ab2b89f653b520a01e794c9f6a07ee07c" kindref="member">Key::isHeld</ref>(<ref refid="namespacetl_1a7d0bc20d8f81c8896790b9438e88bfb9" kindref="member">u8</ref><sp/>key)</highlight></codeline>
<codeline lineno="10"><highlight class="normal"><sp/><sp/><sp/><sp/>{</highlight></codeline>
<codeline lineno="11"><highlight class="normal"><sp/><sp/><sp/><sp/><sp/><sp/><sp/><sp/></highlight><highlight class="keywordflow">return</highlight><highlight class="normal"><sp/>(GetAsyncKeyState(key)<sp/>&amp;<sp/>0x8000)<sp/>&gt;<sp/>0;</highlight></codeline>
<codeline lineno="12"><highlight class="normal"><sp/><sp/><sp/><sp/>}</highlight></codeline>
<codeline lineno="13"><highlight class="normal">}</highlight></codeline>
    </programlisting>
    <location file="TinyLib/System/Key.cpp"/>
  </compounddef>
</doxygen>
