<?xml version='1.0' encoding='UTF-8' standalone='no'?>
<doxygen xmlns:xsi="http://www.w3.org/2001/XMLSchema-instance" xsi:noNamespaceSchemaLocation="compound.xsd" version="1.12.0" xml:lang="en-US">
  <compounddef id="_mouse_8cpp" kind="file" language="C++">
    <compoundname>Mouse.cpp</compoundname>
    <includes refid="_mouse_8h" local="yes">Mouse.h</includes>
    <incdepgraph>
      <node id="3">
        <label>../Base/BaseCategory.h</label>
        <link refid="_base_category_8h"/>
        <childnode refid="4" relation="include">
        </childnode>
        <childnode refid="5" relation="include">
        </childnode>
        <childnode refid="15" relation="include">
        </childnode>
        <childnode refid="16" relation="include">
        </childnode>
        <childnode refid="17" relation="include">
        </childnode>
      </node>
      <node id="16">
        <label>Memory.h</label>
        <link refid="_memory_8h"/>
        <childnode refid="6" relation="include">
        </childnode>
      </node>
      <node id="5">
        <label>Time.h</label>
        <link refid="_time_8h"/>
        <childnode refid="4" relation="include">
        </childnode>
        <childnode refid="6" relation="include">
        </childnode>
      </node>
      <node id="4">
        <label>Types.h</label>
        <link refid="_types_8h"/>
      </node>
      <node id="17">
        <label>Util.h</label>
        <link refid="_util_8h"/>
        <childnode refid="6" relation="include">
        </childnode>
        <childnode refid="4" relation="include">
        </childnode>
      </node>
      <node id="15">
        <label>Vector.h</label>
        <link refid="_vector_8h"/>
        <childnode refid="16" relation="include">
        </childnode>
      </node>
      <node id="6">
        <label>../Base/Win/WinAPI.h</label>
        <link refid="_win_a_p_i_8h"/>
        <childnode refid="7" relation="include">
        </childnode>
        <childnode refid="8" relation="include">
        </childnode>
        <childnode refid="9" relation="include">
        </childnode>
        <childnode refid="10" relation="include">
        </childnode>
        <childnode refid="11" relation="include">
        </childnode>
        <childnode refid="12" relation="include">
        </childnode>
        <childnode refid="13" relation="include">
        </childnode>
        <childnode refid="14" relation="include">
        </childnode>
      </node>
      <node id="18">
        <label>../Graphics/Drawable.h</label>
        <link refid="_drawable_8h"/>
        <childnode refid="4" relation="include">
        </childnode>
        <childnode refid="6" relation="include">
        </childnode>
      </node>
      <node id="1">
        <label>TinyLib/System/Mouse.cpp</label>
        <link refid="_mouse_8cpp"/>
        <childnode refid="2" relation="include">
        </childnode>
      </node>
      <node id="2">
        <label>Mouse.h</label>
        <link refid="_mouse_8h"/>
        <childnode refid="3" relation="include">
        </childnode>
        <childnode refid="18" relation="include">
        </childnode>
        <childnode refid="6" relation="include">
        </childnode>
      </node>
      <node id="11">
        <label>DirectXMath.h</label>
      </node>
      <node id="7">
        <label>Windows.h</label>
      </node>
      <node id="14">
        <label>d2d1.h</label>
      </node>
      <node id="8">
        <label>d3d11.h</label>
      </node>
      <node id="10">
        <label>d3dcompiler.h</label>
      </node>
      <node id="13">
        <label>dwrite.h</label>
      </node>
      <node id="9">
        <label>dxgi1_2.h</label>
      </node>
      <node id="12">
        <label>wrl/client.h</label>
      </node>
    </incdepgraph>
    <innernamespace refid="namespacetl">tl</innernamespace>
    <briefdescription>
    </briefdescription>
    <detaileddescription>
    </detaileddescription>
    <programlisting>
<codeline lineno="1"><highlight class="preprocessor">#include<sp/>&quot;<ref refid="_mouse_8h" kindref="compound">Mouse.h</ref>&quot;</highlight><highlight class="normal"></highlight></codeline>
<codeline lineno="2"><highlight class="normal"></highlight></codeline>
<codeline lineno="3"><highlight class="normal"></highlight></codeline>
<codeline lineno="4"><highlight class="normal"></highlight><highlight class="keyword">namespace<sp/></highlight><highlight class="normal"><ref refid="namespacetl" kindref="compound">tl</ref></highlight></codeline>
<codeline lineno="5"><highlight class="normal">{</highlight></codeline>
<codeline lineno="11" refid="classtl_1_1_mouse_1a66ae27d1871cf18a5b4d527fa9e09121" refkind="member"><highlight class="normal"><sp/><sp/><sp/><sp/><ref refid="namespacetl_1a4c8bdcbc2193d28b2c445bc8e895d6cd" kindref="member">bit</ref><sp/><ref refid="classtl_1_1_mouse_1a66ae27d1871cf18a5b4d527fa9e09121" kindref="member">Mouse::isHeld</ref>(<ref refid="namespacetl_1a7d0bc20d8f81c8896790b9438e88bfb9" kindref="member">u8</ref><sp/>button)</highlight></codeline>
<codeline lineno="12"><highlight class="normal"><sp/><sp/><sp/><sp/>{</highlight></codeline>
<codeline lineno="13"><highlight class="normal"><sp/><sp/><sp/><sp/><sp/><sp/><sp/><sp/></highlight><highlight class="keywordflow">return</highlight><highlight class="normal"><sp/>(GetAsyncKeyState(button)<sp/>&amp;<sp/>0x8000)<sp/>!=<sp/>0;</highlight></codeline>
<codeline lineno="14"><highlight class="normal"><sp/><sp/><sp/><sp/>}</highlight></codeline>
<codeline lineno="15"><highlight class="normal"></highlight></codeline>
<codeline lineno="16"><highlight class="normal"></highlight></codeline>
<codeline lineno="19" refid="classtl_1_1_mouse_1a0414734ff08c547927abbcfd7f0a55e5" refkind="member"><highlight class="normal"><sp/><sp/><sp/><sp/><ref refid="structtl_1_1_vec2i" kindref="compound">Vec2i</ref><sp/><ref refid="classtl_1_1_mouse_1a0414734ff08c547927abbcfd7f0a55e5" kindref="member">Mouse::getPosition</ref>()</highlight></codeline>
<codeline lineno="20"><highlight class="normal"><sp/><sp/><sp/><sp/>{</highlight></codeline>
<codeline lineno="21"><highlight class="normal"><sp/><sp/><sp/><sp/><sp/><sp/><sp/><sp/>HWND<sp/>hwnd<sp/>=<sp/>GetForegroundWindow();</highlight></codeline>
<codeline lineno="22"><highlight class="normal"><sp/><sp/><sp/><sp/><sp/><sp/><sp/><sp/>POINT<sp/>cursorPos;</highlight></codeline>
<codeline lineno="23"><highlight class="normal"></highlight></codeline>
<codeline lineno="24"><highlight class="normal"><sp/><sp/><sp/><sp/><sp/><sp/><sp/><sp/>GetCursorPos(&amp;cursorPos);</highlight></codeline>
<codeline lineno="25"><highlight class="normal"><sp/><sp/><sp/><sp/><sp/><sp/><sp/><sp/>ScreenToClient(hwnd,<sp/>&amp;cursorPos);</highlight></codeline>
<codeline lineno="26"><highlight class="normal"></highlight></codeline>
<codeline lineno="27"><highlight class="normal"><sp/><sp/><sp/><sp/><sp/><sp/><sp/><sp/></highlight><highlight class="keywordflow">return</highlight><highlight class="normal"><sp/>{<sp/>cursorPos.x,<sp/>cursorPos.y<sp/>};</highlight></codeline>
<codeline lineno="28"><highlight class="normal"><sp/><sp/><sp/><sp/>}</highlight></codeline>
<codeline lineno="29"><highlight class="normal"></highlight></codeline>
<codeline lineno="30"><highlight class="normal"></highlight></codeline>
<codeline lineno="34" refid="classtl_1_1_mouse_1a53c02c329b76bbba0e8977b5ff58a397" refkind="member"><highlight class="normal"><sp/><sp/><sp/><sp/><ref refid="namespacetl_1a4c8bdcbc2193d28b2c445bc8e895d6cd" kindref="member">bit</ref><sp/><ref refid="classtl_1_1_mouse_1a53c02c329b76bbba0e8977b5ff58a397" kindref="member">Mouse::intersects</ref>(<ref refid="classtl_1_1_drawable" kindref="compound">Drawable</ref>&amp;<sp/>other)</highlight></codeline>
<codeline lineno="35"><highlight class="normal"><sp/><sp/><sp/><sp/>{</highlight></codeline>
<codeline lineno="36"><highlight class="normal"><sp/><sp/><sp/><sp/><sp/><sp/><sp/><sp/><ref refid="structtl_1_1_vec2i" kindref="compound">Vec2i</ref><sp/>cursorPos<sp/>=<sp/><ref refid="classtl_1_1_mouse_1a0414734ff08c547927abbcfd7f0a55e5" kindref="member">getPosition</ref>();</highlight></codeline>
<codeline lineno="37"><highlight class="normal"><sp/><sp/><sp/><sp/><sp/><sp/><sp/><sp/><ref refid="structtl_1_1_vec2i" kindref="compound">Vec2i</ref><sp/>drawablePos<sp/>=<sp/>other.<ref refid="classtl_1_1_drawable_1ae72500b4134b8187966650dcfc07b27f" kindref="member">getPosition</ref>();</highlight></codeline>
<codeline lineno="38"><highlight class="normal"><sp/><sp/><sp/><sp/><sp/><sp/><sp/><sp/><ref refid="structtl_1_1_vec2i" kindref="compound">Vec2i</ref><sp/>drawableSize<sp/>=<sp/>other.<ref refid="classtl_1_1_drawable_1a09bca9a11e2fc75ad5298f5bf0c6399f" kindref="member">getSize</ref>();</highlight></codeline>
<codeline lineno="39"><highlight class="normal"></highlight></codeline>
<codeline lineno="40"><highlight class="normal"><sp/><sp/><sp/><sp/><sp/><sp/><sp/><sp/></highlight><highlight class="keywordflow">return</highlight><highlight class="normal"><sp/>cursorPos.<ref refid="structtl_1_1_vec2i_1a41e041952704574074609118c0427518" kindref="member">x</ref><sp/>&gt;=<sp/>drawablePos.<ref refid="structtl_1_1_vec2i_1a41e041952704574074609118c0427518" kindref="member">x</ref><sp/>&amp;&amp;</highlight></codeline>
<codeline lineno="41"><highlight class="normal"><sp/><sp/><sp/><sp/><sp/><sp/><sp/><sp/><sp/><sp/><sp/><sp/>cursorPos.<ref refid="structtl_1_1_vec2i_1a41e041952704574074609118c0427518" kindref="member">x</ref><sp/>&lt;=<sp/>drawablePos.<ref refid="structtl_1_1_vec2i_1a41e041952704574074609118c0427518" kindref="member">x</ref><sp/>+<sp/>drawableSize.<ref refid="structtl_1_1_vec2i_1a41e041952704574074609118c0427518" kindref="member">x</ref><sp/>&amp;&amp;</highlight></codeline>
<codeline lineno="42"><highlight class="normal"><sp/><sp/><sp/><sp/><sp/><sp/><sp/><sp/><sp/><sp/><sp/><sp/>cursorPos.<ref refid="structtl_1_1_vec2i_1a19708a6226be471f6c28cc04ebd16287" kindref="member">y</ref><sp/>&gt;=<sp/>drawablePos.<ref refid="structtl_1_1_vec2i_1a19708a6226be471f6c28cc04ebd16287" kindref="member">y</ref><sp/>&amp;&amp;</highlight></codeline>
<codeline lineno="43"><highlight class="normal"><sp/><sp/><sp/><sp/><sp/><sp/><sp/><sp/><sp/><sp/><sp/><sp/>cursorPos.<ref refid="structtl_1_1_vec2i_1a19708a6226be471f6c28cc04ebd16287" kindref="member">y</ref><sp/>&lt;=<sp/>drawablePos.<ref refid="structtl_1_1_vec2i_1a19708a6226be471f6c28cc04ebd16287" kindref="member">y</ref><sp/>+<sp/>drawableSize.<ref refid="structtl_1_1_vec2i_1a19708a6226be471f6c28cc04ebd16287" kindref="member">y</ref>;</highlight></codeline>
<codeline lineno="44"><highlight class="normal"><sp/><sp/><sp/><sp/>}</highlight></codeline>
<codeline lineno="45"><highlight class="normal">}</highlight></codeline>
    </programlisting>
    <location file="TinyLib/System/Mouse.cpp"/>
  </compounddef>
</doxygen>
