<?xml version='1.0' encoding='UTF-8' standalone='no'?>
<doxygen xmlns:xsi="http://www.w3.org/2001/XMLSchema-instance" xsi:noNamespaceSchemaLocation="compound.xsd" version="1.12.0" xml:lang="en-US">
  <compounddef id="_mouse_8h" kind="file" language="C++">
    <compoundname>Mouse.h</compoundname>
    <includes refid="_base_category_8h" local="yes">../Base/BaseCategory.h</includes>
    <includes refid="_drawable_8h" local="yes">../Graphics/Drawable.h</includes>
    <includes refid="_win_a_p_i_8h" local="yes">../Base/Win/WinAPI.h</includes>
    <includedby refid="_mouse_8cpp" local="yes">TinyLib/System/Mouse.cpp</includedby>
    <includedby refid="_system_category_8h" local="yes">TinyLib/System/SystemCategory.h</includedby>
    <incdepgraph>
      <node id="2">
        <label>../Base/BaseCategory.h</label>
        <link refid="_base_category_8h"/>
        <childnode refid="3" relation="include">
        </childnode>
        <childnode refid="4" relation="include">
        </childnode>
        <childnode refid="14" relation="include">
        </childnode>
        <childnode refid="15" relation="include">
        </childnode>
        <childnode refid="16" relation="include">
        </childnode>
      </node>
      <node id="15">
        <label>Memory.h</label>
        <link refid="_memory_8h"/>
        <childnode refid="5" relation="include">
        </childnode>
      </node>
      <node id="4">
        <label>Time.h</label>
        <link refid="_time_8h"/>
        <childnode refid="3" relation="include">
        </childnode>
        <childnode refid="5" relation="include">
        </childnode>
      </node>
      <node id="3">
        <label>Types.h</label>
        <link refid="_types_8h"/>
      </node>
      <node id="16">
        <label>Util.h</label>
        <link refid="_util_8h"/>
        <childnode refid="5" relation="include">
        </childnode>
        <childnode refid="3" relation="include">
        </childnode>
      </node>
      <node id="14">
        <label>Vector.h</label>
        <link refid="_vector_8h"/>
        <childnode refid="15" relation="include">
        </childnode>
      </node>
      <node id="5">
        <label>../Base/Win/WinAPI.h</label>
        <link refid="_win_a_p_i_8h"/>
        <childnode refid="6" relation="include">
        </childnode>
        <childnode refid="7" relation="include">
        </childnode>
        <childnode refid="8" relation="include">
        </childnode>
        <childnode refid="9" relation="include">
        </childnode>
        <childnode refid="10" relation="include">
        </childnode>
        <childnode refid="11" relation="include">
        </childnode>
        <childnode refid="12" relation="include">
        </childnode>
        <childnode refid="13" relation="include">
        </childnode>
      </node>
      <node id="17">
        <label>../Graphics/Drawable.h</label>
        <link refid="_drawable_8h"/>
        <childnode refid="3" relation="include">
        </childnode>
        <childnode refid="5" relation="include">
        </childnode>
      </node>
      <node id="1">
        <label>TinyLib/System/Mouse.h</label>
        <link refid="_mouse_8h"/>
        <childnode refid="2" relation="include">
        </childnode>
        <childnode refid="17" relation="include">
        </childnode>
        <childnode refid="5" relation="include">
        </childnode>
      </node>
      <node id="10">
        <label>DirectXMath.h</label>
      </node>
      <node id="6">
        <label>Windows.h</label>
      </node>
      <node id="13">
        <label>d2d1.h</label>
      </node>
      <node id="7">
        <label>d3d11.h</label>
      </node>
      <node id="9">
        <label>d3dcompiler.h</label>
      </node>
      <node id="12">
        <label>dwrite.h</label>
      </node>
      <node id="8">
        <label>dxgi1_2.h</label>
      </node>
      <node id="11">
        <label>wrl/client.h</label>
      </node>
    </incdepgraph>
    <invincdepgraph>
      <node id="2">
        <label>TinyLib/System/Mouse.cpp</label>
        <link refid="_mouse_8cpp"/>
      </node>
      <node id="1">
        <label>TinyLib/System/Mouse.h</label>
        <link refid="_mouse_8h"/>
        <childnode refid="2" relation="include">
        </childnode>
        <childnode refid="3" relation="include">
        </childnode>
      </node>
      <node id="3">
        <label>TinyLib/System/SystemCategory.h</label>
        <link refid="_system_category_8h"/>
        <childnode refid="4" relation="include">
        </childnode>
      </node>
      <node id="4">
        <label>TinyLib/TinyLib.h</label>
        <link refid="_tiny_lib_8h"/>
      </node>
    </invincdepgraph>
    <innerclass refid="classtl_1_1_mouse" prot="public">tl::Mouse</innerclass>
    <innernamespace refid="namespacetl">tl</innernamespace>
    <briefdescription>
    </briefdescription>
    <detaileddescription>
    </detaileddescription>
    <programlisting>
<codeline lineno="1"><highlight class="preprocessor">#pragma<sp/>once</highlight><highlight class="normal"></highlight></codeline>
<codeline lineno="2"><highlight class="normal"></highlight><highlight class="preprocessor">#include<sp/>&quot;<ref refid="_base_category_8h" kindref="compound">../Base/BaseCategory.h</ref>&quot;</highlight><highlight class="normal"></highlight></codeline>
<codeline lineno="3"><highlight class="normal"></highlight><highlight class="preprocessor">#include<sp/>&quot;<ref refid="_drawable_8h" kindref="compound">../Graphics/Drawable.h</ref>&quot;</highlight><highlight class="normal"></highlight></codeline>
<codeline lineno="4"><highlight class="normal"></highlight><highlight class="preprocessor">#include<sp/>&quot;<ref refid="_win_a_p_i_8h" kindref="compound">../Base/Win/WinAPI.h</ref>&quot;</highlight><highlight class="normal"></highlight></codeline>
<codeline lineno="5"><highlight class="normal"></highlight></codeline>
<codeline lineno="6"><highlight class="normal"></highlight></codeline>
<codeline lineno="7"><highlight class="normal"></highlight><highlight class="keyword">namespace<sp/></highlight><highlight class="normal"><ref refid="namespacetl" kindref="compound">tl</ref></highlight></codeline>
<codeline lineno="8"><highlight class="normal">{</highlight></codeline>
<codeline lineno="9" refid="classtl_1_1_mouse" refkind="compound"><highlight class="normal"><sp/><sp/><sp/><sp/></highlight><highlight class="keyword">class<sp/></highlight><highlight class="normal"><ref refid="classtl_1_1_mouse" kindref="compound">Mouse</ref></highlight></codeline>
<codeline lineno="10"><highlight class="normal"><sp/><sp/><sp/><sp/>{</highlight></codeline>
<codeline lineno="11"><highlight class="normal"><sp/><sp/><sp/><sp/></highlight><highlight class="keyword">public</highlight><highlight class="normal">:</highlight></codeline>
<codeline lineno="12"><highlight class="normal"><sp/><sp/><sp/><sp/><sp/><sp/><sp/><sp/></highlight><highlight class="comment">//<sp/>Enum<sp/>for<sp/>different<sp/>mouse<sp/>buttons</highlight><highlight class="normal"></highlight></codeline>
<codeline lineno="13"><highlight class="normal"><sp/><sp/><sp/><sp/><sp/><sp/><sp/><sp/></highlight><highlight class="keyword">enum</highlight><highlight class="normal"></highlight></codeline>
<codeline lineno="14"><highlight class="normal"><sp/><sp/><sp/><sp/><sp/><sp/><sp/><sp/>{</highlight></codeline>
<codeline lineno="15" refid="classtl_1_1_mouse_1a877221c88693de70b3642f63d341596da23824b19a887d01b845bf8a8c5dd560d" refkind="member"><highlight class="normal"><sp/><sp/><sp/><sp/><sp/><sp/><sp/><sp/><sp/><sp/><sp/><sp/><ref refid="classtl_1_1_mouse_1a877221c88693de70b3642f63d341596da23824b19a887d01b845bf8a8c5dd560d" kindref="member">Left</ref><sp/>=<sp/>VK_LBUTTON,</highlight></codeline>
<codeline lineno="16" refid="classtl_1_1_mouse_1a877221c88693de70b3642f63d341596da5a066c49508975d1b13fb28dbbecf7ca" refkind="member"><highlight class="normal"><sp/><sp/><sp/><sp/><sp/><sp/><sp/><sp/><sp/><sp/><sp/><sp/><ref refid="classtl_1_1_mouse_1a877221c88693de70b3642f63d341596da5a066c49508975d1b13fb28dbbecf7ca" kindref="member">Right</ref><sp/>=<sp/>VK_RBUTTON,</highlight></codeline>
<codeline lineno="17"><highlight class="normal"><sp/><sp/><sp/><sp/><sp/><sp/><sp/><sp/><sp/><sp/><sp/><sp/><ref refid="classtl_1_1_mouse_1a877221c88693de70b3642f63d341596dab194fa310a596d66c184b5c24b108e68" kindref="member">Middle</ref><sp/>=<sp/>VK_MBUTTON</highlight></codeline>
<codeline lineno="18" refid="classtl_1_1_mouse_1a877221c88693de70b3642f63d341596dab194fa310a596d66c184b5c24b108e68" refkind="member"><highlight class="normal"><sp/><sp/><sp/><sp/><sp/><sp/><sp/><sp/>};</highlight></codeline>
<codeline lineno="19"><highlight class="normal"></highlight></codeline>
<codeline lineno="20"><highlight class="normal"><sp/><sp/><sp/><sp/><sp/><sp/><sp/><sp/></highlight><highlight class="keyword">static</highlight><highlight class="normal"><sp/><ref refid="namespacetl_1a4c8bdcbc2193d28b2c445bc8e895d6cd" kindref="member">bit</ref><sp/><ref refid="classtl_1_1_mouse_1a66ae27d1871cf18a5b4d527fa9e09121" kindref="member">isHeld</ref>(<ref refid="namespacetl_1a7d0bc20d8f81c8896790b9438e88bfb9" kindref="member">u8</ref>);</highlight></codeline>
<codeline lineno="21"><highlight class="normal"><sp/><sp/><sp/><sp/><sp/><sp/><sp/><sp/></highlight><highlight class="keyword">static</highlight><highlight class="normal"><sp/><ref refid="structtl_1_1_vec2i" kindref="compound">Vec2i</ref><sp/><ref refid="classtl_1_1_mouse_1a0414734ff08c547927abbcfd7f0a55e5" kindref="member">getPosition</ref>();</highlight></codeline>
<codeline lineno="22"><highlight class="normal"><sp/><sp/><sp/><sp/><sp/><sp/><sp/><sp/></highlight><highlight class="keyword">static</highlight><highlight class="normal"><sp/><ref refid="namespacetl_1a4c8bdcbc2193d28b2c445bc8e895d6cd" kindref="member">bit</ref><sp/><ref refid="classtl_1_1_mouse_1a53c02c329b76bbba0e8977b5ff58a397" kindref="member">intersects</ref>(<ref refid="classtl_1_1_drawable" kindref="compound">Drawable</ref>&amp;);</highlight></codeline>
<codeline lineno="23"><highlight class="normal"><sp/><sp/><sp/><sp/>};</highlight></codeline>
<codeline lineno="24"><highlight class="normal">}</highlight></codeline>
    </programlisting>
    <location file="TinyLib/System/Mouse.h"/>
  </compounddef>
</doxygen>
