<?xml version='1.0' encoding='UTF-8' standalone='no'?>
<doxygen xmlns:xsi="http://www.w3.org/2001/XMLSchema-instance" xsi:noNamespaceSchemaLocation="compound.xsd" version="1.12.0" xml:lang="en-US">
  <compounddef id="_rectangle_8h" kind="file" language="C++">
    <compoundname>Rectangle.h</compoundname>
    <includes refid="_drawable_8h" local="yes">Drawable.h</includes>
    <includes refid="_base_category_8h" local="yes">../Base/BaseCategory.h</includes>
    <includes refid="_win_a_p_i_8h" local="yes">../Base/Win/WinAPI.h</includes>
    <includedby refid="_graphics_category_8h" local="yes">TinyLib/Graphics/GraphicsCategory.h</includedby>
    <includedby refid="_rectangle_8cpp" local="yes">TinyLib/Graphics/Rectangle.cpp</includedby>
    <includedby refid="_window_8h" local="yes">TinyLib/Graphics/Window.h</includedby>
    <incdepgraph>
      <node id="13">
        <label>../Base/BaseCategory.h</label>
        <link refid="_base_category_8h"/>
        <childnode refid="3" relation="include">
        </childnode>
        <childnode refid="14" relation="include">
        </childnode>
        <childnode refid="15" relation="include">
        </childnode>
        <childnode refid="16" relation="include">
        </childnode>
        <childnode refid="17" relation="include">
        </childnode>
      </node>
      <node id="16">
        <label>Memory.h</label>
        <link refid="_memory_8h"/>
        <childnode refid="4" relation="include">
        </childnode>
      </node>
      <node id="14">
        <label>Time.h</label>
        <link refid="_time_8h"/>
        <childnode refid="3" relation="include">
        </childnode>
        <childnode refid="4" relation="include">
        </childnode>
      </node>
      <node id="3">
        <label>../Base/Types.h</label>
        <link refid="_types_8h"/>
      </node>
      <node id="17">
        <label>Util.h</label>
        <link refid="_util_8h"/>
        <childnode refid="4" relation="include">
        </childnode>
        <childnode refid="3" relation="include">
        </childnode>
      </node>
      <node id="15">
        <label>Vector.h</label>
        <link refid="_vector_8h"/>
        <childnode refid="16" relation="include">
        </childnode>
      </node>
      <node id="4">
        <label>../Base/Win/WinAPI.h</label>
        <link refid="_win_a_p_i_8h"/>
        <childnode refid="5" relation="include">
        </childnode>
        <childnode refid="6" relation="include">
        </childnode>
        <childnode refid="7" relation="include">
        </childnode>
        <childnode refid="8" relation="include">
        </childnode>
        <childnode refid="9" relation="include">
        </childnode>
        <childnode refid="10" relation="include">
        </childnode>
        <childnode refid="11" relation="include">
        </childnode>
        <childnode refid="12" relation="include">
        </childnode>
      </node>
      <node id="2">
        <label>Drawable.h</label>
        <link refid="_drawable_8h"/>
        <childnode refid="3" relation="include">
        </childnode>
        <childnode refid="4" relation="include">
        </childnode>
      </node>
      <node id="1">
        <label>TinyLib/Graphics/Rectangle.h</label>
        <link refid="_rectangle_8h"/>
        <childnode refid="2" relation="include">
        </childnode>
        <childnode refid="13" relation="include">
        </childnode>
        <childnode refid="4" relation="include">
        </childnode>
      </node>
      <node id="9">
        <label>DirectXMath.h</label>
      </node>
      <node id="5">
        <label>Windows.h</label>
      </node>
      <node id="12">
        <label>d2d1.h</label>
      </node>
      <node id="6">
        <label>d3d11.h</label>
      </node>
      <node id="8">
        <label>d3dcompiler.h</label>
      </node>
      <node id="11">
        <label>dwrite.h</label>
      </node>
      <node id="7">
        <label>dxgi1_2.h</label>
      </node>
      <node id="10">
        <label>wrl/client.h</label>
      </node>
    </incdepgraph>
    <invincdepgraph>
      <node id="6">
        <label>TinyLib/Graphics/Drawable.cpp</label>
        <link refid="_drawable_8cpp"/>
      </node>
      <node id="2">
        <label>TinyLib/Graphics/GraphicsCategory.h</label>
        <link refid="_graphics_category_8h"/>
        <childnode refid="3" relation="include">
        </childnode>
      </node>
      <node id="4">
        <label>TinyLib/Graphics/Rectangle.cpp</label>
        <link refid="_rectangle_8cpp"/>
      </node>
      <node id="1">
        <label>TinyLib/Graphics/Rectangle.h</label>
        <link refid="_rectangle_8h"/>
        <childnode refid="2" relation="include">
        </childnode>
        <childnode refid="4" relation="include">
        </childnode>
        <childnode refid="5" relation="include">
        </childnode>
      </node>
      <node id="7">
        <label>TinyLib/Graphics/Window.cpp</label>
        <link refid="_window_8cpp"/>
      </node>
      <node id="5">
        <label>TinyLib/Graphics/Window.h</label>
        <link refid="_window_8h"/>
        <childnode refid="6" relation="include">
        </childnode>
        <childnode refid="2" relation="include">
        </childnode>
        <childnode refid="7" relation="include">
        </childnode>
      </node>
      <node id="3">
        <label>TinyLib/TinyLib.h</label>
        <link refid="_tiny_lib_8h"/>
      </node>
    </invincdepgraph>
    <innerclass refid="classtl_1_1_rectangle" prot="public">tl::Rectangle</innerclass>
    <innernamespace refid="namespacetl">tl</innernamespace>
    <briefdescription>
    </briefdescription>
    <detaileddescription>
    </detaileddescription>
    <programlisting>
<codeline lineno="1"><highlight class="preprocessor">#pragma<sp/>once</highlight><highlight class="normal"></highlight></codeline>
<codeline lineno="2"><highlight class="normal"></highlight><highlight class="preprocessor">#include<sp/>&quot;<ref refid="_drawable_8h" kindref="compound">Drawable.h</ref>&quot;</highlight><highlight class="normal"></highlight></codeline>
<codeline lineno="3"><highlight class="normal"></highlight><highlight class="preprocessor">#include<sp/>&quot;<ref refid="_base_category_8h" kindref="compound">../Base/BaseCategory.h</ref>&quot;</highlight><highlight class="normal"></highlight></codeline>
<codeline lineno="4"><highlight class="normal"></highlight><highlight class="preprocessor">#include<sp/>&quot;<ref refid="_win_a_p_i_8h" kindref="compound">../Base/Win/WinAPI.h</ref>&quot;</highlight><highlight class="normal"></highlight></codeline>
<codeline lineno="5"><highlight class="normal"></highlight></codeline>
<codeline lineno="6"><highlight class="normal"></highlight></codeline>
<codeline lineno="7"><highlight class="normal"></highlight><highlight class="keyword">namespace<sp/></highlight><highlight class="normal"><ref refid="namespacetl" kindref="compound">tl</ref></highlight></codeline>
<codeline lineno="8"><highlight class="normal">{</highlight></codeline>
<codeline lineno="9"><highlight class="normal"><sp/><sp/><sp/><sp/></highlight><highlight class="comment">//<sp/>This<sp/>class<sp/>doesn&apos;t<sp/>do<sp/>much<sp/>aside<sp/>knowing<sp/>it&apos;s<sp/>a<sp/>rectangle<sp/>for<sp/>now.</highlight><highlight class="normal"></highlight></codeline>
<codeline lineno="10" refid="classtl_1_1_rectangle" refkind="compound"><highlight class="normal"><sp/><sp/></highlight><highlight class="keyword">class<sp/></highlight><highlight class="normal"><ref refid="classtl_1_1_rectangle" kindref="compound">Rectangle</ref><sp/>:<sp/></highlight><highlight class="keyword">public</highlight><highlight class="normal"><sp/><ref refid="classtl_1_1_drawable" kindref="compound">Drawable</ref></highlight></codeline>
<codeline lineno="11"><highlight class="normal"><sp/><sp/>{</highlight></codeline>
<codeline lineno="12"><highlight class="normal"><sp/><sp/><sp/><sp/></highlight><highlight class="keyword">public</highlight><highlight class="normal">:</highlight></codeline>
<codeline lineno="13"><highlight class="normal"><sp/><sp/><sp/><sp/><sp/><sp/><ref refid="classtl_1_1_rectangle_1a6d3da05eade9abd326dd2834da1e2c47" kindref="member">Rectangle</ref>(<ref refid="structtl_1_1_vec4i" kindref="compound">Vec4i</ref><sp/>bounds<sp/>=<sp/>{0,<sp/>0,<sp/>0,<sp/>0});</highlight></codeline>
<codeline lineno="14"><highlight class="normal"><sp/><sp/><sp/><sp/><sp/><sp/><ref refid="classtl_1_1_rectangle_1a08933cdce31f6b38b206007564474354" kindref="member">~Rectangle</ref>();</highlight></codeline>
<codeline lineno="15"><highlight class="normal"><sp/><sp/>};</highlight></codeline>
<codeline lineno="16"><highlight class="normal">}</highlight></codeline>
    </programlisting>
    <location file="TinyLib/Graphics/Rectangle.h"/>
  </compounddef>
</doxygen>
