<?xml version='1.0' encoding='UTF-8' standalone='no'?>
<doxygen xmlns:xsi="http://www.w3.org/2001/XMLSchema-instance" xsi:noNamespaceSchemaLocation="compound.xsd" version="1.12.0" xml:lang="en-US">
  <compounddef id="_text_8cpp" kind="file" language="C++">
    <compoundname>Text.cpp</compoundname>
    <includes refid="_text_8h" local="yes">Text.h</includes>
    <incdepgraph>
      <node id="3">
        <label>../Base/BaseCategory.h</label>
        <link refid="_base_category_8h"/>
        <childnode refid="4" relation="include">
        </childnode>
        <childnode refid="5" relation="include">
        </childnode>
        <childnode refid="15" relation="include">
        </childnode>
        <childnode refid="16" relation="include">
        </childnode>
        <childnode refid="17" relation="include">
        </childnode>
      </node>
      <node id="16">
        <label>Memory.h</label>
        <link refid="_memory_8h"/>
        <childnode refid="6" relation="include">
        </childnode>
      </node>
      <node id="5">
        <label>Time.h</label>
        <link refid="_time_8h"/>
        <childnode refid="4" relation="include">
        </childnode>
        <childnode refid="6" relation="include">
        </childnode>
      </node>
      <node id="4">
        <label>Types.h</label>
        <link refid="_types_8h"/>
      </node>
      <node id="17">
        <label>Util.h</label>
        <link refid="_util_8h"/>
        <childnode refid="6" relation="include">
        </childnode>
        <childnode refid="4" relation="include">
        </childnode>
      </node>
      <node id="15">
        <label>Vector.h</label>
        <link refid="_vector_8h"/>
        <childnode refid="16" relation="include">
        </childnode>
      </node>
      <node id="6">
        <label>../Base/Win/WinAPI.h</label>
        <link refid="_win_a_p_i_8h"/>
        <childnode refid="7" relation="include">
        </childnode>
        <childnode refid="8" relation="include">
        </childnode>
        <childnode refid="9" relation="include">
        </childnode>
        <childnode refid="10" relation="include">
        </childnode>
        <childnode refid="11" relation="include">
        </childnode>
        <childnode refid="12" relation="include">
        </childnode>
        <childnode refid="13" relation="include">
        </childnode>
        <childnode refid="14" relation="include">
        </childnode>
      </node>
      <node id="18">
        <label>Drawable.h</label>
        <link refid="_drawable_8h"/>
        <childnode refid="4" relation="include">
        </childnode>
        <childnode refid="6" relation="include">
        </childnode>
      </node>
      <node id="1">
        <label>TinyLib/Graphics/Text.cpp</label>
        <link refid="_text_8cpp"/>
        <childnode refid="2" relation="include">
        </childnode>
      </node>
      <node id="2">
        <label>Text.h</label>
        <link refid="_text_8h"/>
        <childnode refid="3" relation="include">
        </childnode>
        <childnode refid="18" relation="include">
        </childnode>
      </node>
      <node id="11">
        <label>DirectXMath.h</label>
      </node>
      <node id="7">
        <label>Windows.h</label>
      </node>
      <node id="14">
        <label>d2d1.h</label>
      </node>
      <node id="8">
        <label>d3d11.h</label>
      </node>
      <node id="10">
        <label>d3dcompiler.h</label>
      </node>
      <node id="13">
        <label>dwrite.h</label>
      </node>
      <node id="9">
        <label>dxgi1_2.h</label>
      </node>
      <node id="12">
        <label>wrl/client.h</label>
      </node>
    </incdepgraph>
    <innernamespace refid="namespacetl">tl</innernamespace>
    <briefdescription>
    </briefdescription>
    <detaileddescription>
    </detaileddescription>
    <programlisting>
<codeline lineno="1"><highlight class="preprocessor">#include<sp/>&quot;<ref refid="_text_8h" kindref="compound">Text.h</ref>&quot;</highlight><highlight class="normal"></highlight></codeline>
<codeline lineno="2"><highlight class="normal"></highlight></codeline>
<codeline lineno="3"><highlight class="normal"></highlight></codeline>
<codeline lineno="4"><highlight class="normal"></highlight><highlight class="keyword">namespace<sp/></highlight><highlight class="normal"><ref refid="namespacetl" kindref="compound">tl</ref></highlight></codeline>
<codeline lineno="5"><highlight class="normal">{</highlight></codeline>
<codeline lineno="13" refid="classtl_1_1_text_1aead89526f1134efdbb683662d503ecce" refkind="member"><highlight class="normal"><sp/><sp/><sp/><sp/><ref refid="classtl_1_1_text_1aead89526f1134efdbb683662d503ecce" kindref="member">Text::Text</ref>(</highlight><highlight class="keyword">const</highlight><highlight class="normal"><sp/><ref refid="namespacetl_1a7e58a76ef30d76bdb4c2a4678b875597" kindref="member">ascii</ref>*<sp/>str,<sp/><ref refid="namespacetl_1a027b49b4b1bb51bafeac7cac614cbf51" kindref="member">u32</ref><sp/>fontSize,<sp/><ref refid="structtl_1_1_vec2i" kindref="compound">Vec2i</ref><sp/>pos)</highlight></codeline>
<codeline lineno="14"><highlight class="normal"><sp/><sp/><sp/><sp/>{</highlight></codeline>
<codeline lineno="15"><highlight class="normal"><sp/><sp/><sp/><sp/><sp/><sp/><sp/><sp/><ref refid="classtl_1_1_text_1a32191037254d9cf575cb9677be4536ae" kindref="member">setString</ref>(str);</highlight></codeline>
<codeline lineno="16"><highlight class="normal"><sp/><sp/><sp/><sp/><sp/><sp/><sp/><sp/><ref refid="classtl_1_1_text_1af448df96815b0aa650eec8a2cf5bcc0d" kindref="member">setFontSize</ref>(fontSize);</highlight></codeline>
<codeline lineno="17"><highlight class="normal"><sp/><sp/><sp/><sp/><sp/><sp/><sp/><sp/><ref refid="classtl_1_1_drawable_1aaca2b652b94ac8c14c5e173d15595958" kindref="member">setPosition</ref>(pos);</highlight></codeline>
<codeline lineno="18"><highlight class="normal"><sp/><sp/><sp/><sp/>}</highlight></codeline>
<codeline lineno="19"><highlight class="normal"></highlight></codeline>
<codeline lineno="20"><highlight class="normal"></highlight></codeline>
<codeline lineno="22" refid="classtl_1_1_text_1a12cfa88d0cea89d2e553d8cbde046f41" refkind="member"><highlight class="normal"><sp/><sp/><sp/><sp/><ref refid="classtl_1_1_text_1a12cfa88d0cea89d2e553d8cbde046f41" kindref="member">Text::~Text</ref>()</highlight></codeline>
<codeline lineno="23"><highlight class="normal"><sp/><sp/><sp/><sp/>{</highlight></codeline>
<codeline lineno="24"><highlight class="normal"><sp/><sp/><sp/><sp/><sp/><sp/><sp/><sp/></highlight><highlight class="keyword">delete</highlight><highlight class="normal">[]<sp/>string;</highlight></codeline>
<codeline lineno="25"><highlight class="normal"><sp/><sp/><sp/><sp/>}</highlight></codeline>
<codeline lineno="26"><highlight class="normal"></highlight></codeline>
<codeline lineno="27"><highlight class="normal"></highlight></codeline>
<codeline lineno="30" refid="classtl_1_1_text_1a32191037254d9cf575cb9677be4536ae" refkind="member"><highlight class="normal"><sp/><sp/><sp/><sp/></highlight><highlight class="keywordtype">void</highlight><highlight class="normal"><sp/><ref refid="classtl_1_1_text_1a32191037254d9cf575cb9677be4536ae" kindref="member">Text::setString</ref>(</highlight><highlight class="keyword">const</highlight><highlight class="normal"><sp/><ref refid="namespacetl_1a7e58a76ef30d76bdb4c2a4678b875597" kindref="member">ascii</ref>*<sp/>str)</highlight></codeline>
<codeline lineno="31"><highlight class="normal"><sp/><sp/><sp/><sp/>{</highlight></codeline>
<codeline lineno="32"><highlight class="normal"><sp/><sp/><sp/><sp/><sp/><sp/><sp/><sp/></highlight><highlight class="keyword">delete</highlight><highlight class="normal">[]<sp/>string;</highlight></codeline>
<codeline lineno="33"><highlight class="normal"><sp/><sp/><sp/><sp/><sp/><sp/><sp/><sp/></highlight><highlight class="keywordtype">string</highlight><highlight class="normal"><sp/>=<sp/></highlight><highlight class="keyword">nullptr</highlight><highlight class="normal">;</highlight></codeline>
<codeline lineno="34"><highlight class="normal"></highlight></codeline>
<codeline lineno="35"><highlight class="normal"><sp/><sp/><sp/><sp/><sp/><sp/><sp/><sp/></highlight><highlight class="keywordflow">if</highlight><highlight class="normal"><sp/>(str)</highlight></codeline>
<codeline lineno="36"><highlight class="normal"><sp/><sp/><sp/><sp/><sp/><sp/><sp/><sp/>{</highlight></codeline>
<codeline lineno="37"><highlight class="normal"><sp/><sp/><sp/><sp/><sp/><sp/><sp/><sp/><sp/><sp/><sp/><sp/><ref refid="namespacetl_1a027b49b4b1bb51bafeac7cac614cbf51" kindref="member">u32</ref><sp/>length<sp/>=<sp/>strlen(str);</highlight></codeline>
<codeline lineno="38"><highlight class="normal"></highlight></codeline>
<codeline lineno="39"><highlight class="normal"><sp/><sp/><sp/><sp/><sp/><sp/><sp/><sp/><sp/><sp/><sp/><sp/></highlight><highlight class="comment">//<sp/>Allocate<sp/>new<sp/>memory<sp/>and<sp/>copy<sp/>the<sp/>string</highlight><highlight class="normal"></highlight></codeline>
<codeline lineno="40"><highlight class="normal"><sp/><sp/><sp/><sp/><sp/><sp/><sp/><sp/><sp/><sp/><sp/><sp/></highlight><highlight class="keywordtype">string</highlight><highlight class="normal"><sp/>=<sp/></highlight><highlight class="keyword">new</highlight><highlight class="normal"><sp/><ref refid="namespacetl_1a7e58a76ef30d76bdb4c2a4678b875597" kindref="member">ascii</ref>[length<sp/>+<sp/>1];</highlight></codeline>
<codeline lineno="41"><highlight class="normal"><sp/><sp/><sp/><sp/><sp/><sp/><sp/><sp/><sp/><sp/><sp/><sp/></highlight><highlight class="keywordflow">for</highlight><highlight class="normal"><sp/>(<ref refid="namespacetl_1a027b49b4b1bb51bafeac7cac614cbf51" kindref="member">u32</ref><sp/>i<sp/>=<sp/>0;<sp/>i<sp/>&lt;=<sp/>length;<sp/>i++)</highlight></codeline>
<codeline lineno="42"><highlight class="normal"><sp/><sp/><sp/><sp/><sp/><sp/><sp/><sp/><sp/><sp/><sp/><sp/>{</highlight></codeline>
<codeline lineno="43"><highlight class="normal"><sp/><sp/><sp/><sp/><sp/><sp/><sp/><sp/><sp/><sp/><sp/><sp/><sp/><sp/><sp/><sp/></highlight><highlight class="keywordtype">string</highlight><highlight class="normal">[i]<sp/>=<sp/>str[i];</highlight></codeline>
<codeline lineno="44"><highlight class="normal"><sp/><sp/><sp/><sp/><sp/><sp/><sp/><sp/><sp/><sp/><sp/><sp/>}</highlight></codeline>
<codeline lineno="45"><highlight class="normal"><sp/><sp/><sp/><sp/><sp/><sp/><sp/><sp/>}</highlight></codeline>
<codeline lineno="46"><highlight class="normal"><sp/><sp/><sp/><sp/>}</highlight></codeline>
<codeline lineno="47"><highlight class="normal"></highlight></codeline>
<codeline lineno="48"><highlight class="normal"></highlight></codeline>
<codeline lineno="51" refid="classtl_1_1_text_1a342716a8b9b9f950fed58d3e73eb1035" refkind="member"><highlight class="normal"><sp/><sp/><sp/><sp/><ref refid="namespacetl_1a7e58a76ef30d76bdb4c2a4678b875597" kindref="member">ascii</ref>*<sp/><ref refid="classtl_1_1_text_1a342716a8b9b9f950fed58d3e73eb1035" kindref="member">Text::getString</ref>()</highlight><highlight class="keyword"><sp/>const</highlight></codeline>
<codeline lineno="52"><highlight class="keyword"><sp/><sp/><sp/><sp/></highlight><highlight class="normal">{</highlight></codeline>
<codeline lineno="53"><highlight class="normal"><sp/><sp/><sp/><sp/><sp/><sp/><sp/><sp/></highlight><highlight class="keywordflow">return</highlight><highlight class="normal"><sp/>string;</highlight></codeline>
<codeline lineno="54"><highlight class="normal"><sp/><sp/><sp/><sp/>}</highlight></codeline>
<codeline lineno="55"><highlight class="normal"></highlight></codeline>
<codeline lineno="56"><highlight class="normal"></highlight></codeline>
<codeline lineno="62" refid="classtl_1_1_text_1af448df96815b0aa650eec8a2cf5bcc0d" refkind="member"><highlight class="normal"><sp/><sp/><sp/><sp/></highlight><highlight class="keywordtype">void</highlight><highlight class="normal"><sp/><ref refid="classtl_1_1_text_1af448df96815b0aa650eec8a2cf5bcc0d" kindref="member">Text::setFontSize</ref>(<ref refid="namespacetl_1a265a9f7c42ef723ea69373d72f9cf195" kindref="member">s32</ref><sp/>size)</highlight></codeline>
<codeline lineno="63"><highlight class="normal"><sp/><sp/><sp/><sp/>{</highlight></codeline>
<codeline lineno="64"><highlight class="normal"><sp/><sp/><sp/><sp/><sp/><sp/><sp/><sp/><ref refid="classtl_1_1_drawable_1a0bc453f3511224e52e15576ea835873b" kindref="member">setSize</ref>({<sp/>2000,<sp/>size<sp/>*<sp/>2<sp/>});</highlight></codeline>
<codeline lineno="65"><highlight class="normal"><sp/><sp/><sp/><sp/>}</highlight></codeline>
<codeline lineno="66"><highlight class="normal">}</highlight></codeline>
    </programlisting>
    <location file="TinyLib/Graphics/Text.cpp"/>
  </compounddef>
</doxygen>
