<?xml version='1.0' encoding='UTF-8' standalone='no'?>
<doxygen xmlns:xsi="http://www.w3.org/2001/XMLSchema-instance" xsi:noNamespaceSchemaLocation="compound.xsd" version="1.12.0" xml:lang="en-US">
  <compounddef id="_text_8h" kind="file" language="C++">
    <compoundname>Text.h</compoundname>
    <includes refid="_base_category_8h" local="yes">../Base/BaseCategory.h</includes>
    <includes refid="_drawable_8h" local="yes">Drawable.h</includes>
    <includedby refid="_text_8cpp" local="yes">TinyLib/Graphics/Text.cpp</includedby>
    <includedby refid="_window_8h" local="yes">TinyLib/Graphics/Window.h</includedby>
    <incdepgraph>
      <node id="2">
        <label>../Base/BaseCategory.h</label>
        <link refid="_base_category_8h"/>
        <childnode refid="3" relation="include">
        </childnode>
        <childnode refid="4" relation="include">
        </childnode>
        <childnode refid="14" relation="include">
        </childnode>
        <childnode refid="15" relation="include">
        </childnode>
        <childnode refid="16" relation="include">
        </childnode>
      </node>
      <node id="15">
        <label>Memory.h</label>
        <link refid="_memory_8h"/>
        <childnode refid="5" relation="include">
        </childnode>
      </node>
      <node id="4">
        <label>Time.h</label>
        <link refid="_time_8h"/>
        <childnode refid="3" relation="include">
        </childnode>
        <childnode refid="5" relation="include">
        </childnode>
      </node>
      <node id="3">
        <label>Types.h</label>
        <link refid="_types_8h"/>
      </node>
      <node id="16">
        <label>Util.h</label>
        <link refid="_util_8h"/>
        <childnode refid="5" relation="include">
        </childnode>
        <childnode refid="3" relation="include">
        </childnode>
      </node>
      <node id="14">
        <label>Vector.h</label>
        <link refid="_vector_8h"/>
        <childnode refid="15" relation="include">
        </childnode>
      </node>
      <node id="5">
        <label>../Base/Win/WinAPI.h</label>
        <link refid="_win_a_p_i_8h"/>
        <childnode refid="6" relation="include">
        </childnode>
        <childnode refid="7" relation="include">
        </childnode>
        <childnode refid="8" relation="include">
        </childnode>
        <childnode refid="9" relation="include">
        </childnode>
        <childnode refid="10" relation="include">
        </childnode>
        <childnode refid="11" relation="include">
        </childnode>
        <childnode refid="12" relation="include">
        </childnode>
        <childnode refid="13" relation="include">
        </childnode>
      </node>
      <node id="17">
        <label>Drawable.h</label>
        <link refid="_drawable_8h"/>
        <childnode refid="3" relation="include">
        </childnode>
        <childnode refid="5" relation="include">
        </childnode>
      </node>
      <node id="1">
        <label>TinyLib/Graphics/Text.h</label>
        <link refid="_text_8h"/>
        <childnode refid="2" relation="include">
        </childnode>
        <childnode refid="17" relation="include">
        </childnode>
      </node>
      <node id="10">
        <label>DirectXMath.h</label>
      </node>
      <node id="6">
        <label>Windows.h</label>
      </node>
      <node id="13">
        <label>d2d1.h</label>
      </node>
      <node id="7">
        <label>d3d11.h</label>
      </node>
      <node id="9">
        <label>d3dcompiler.h</label>
      </node>
      <node id="12">
        <label>dwrite.h</label>
      </node>
      <node id="8">
        <label>dxgi1_2.h</label>
      </node>
      <node id="11">
        <label>wrl/client.h</label>
      </node>
    </incdepgraph>
    <invincdepgraph>
      <node id="4">
        <label>TinyLib/Graphics/Drawable.cpp</label>
        <link refid="_drawable_8cpp"/>
      </node>
      <node id="5">
        <label>TinyLib/Graphics/GraphicsCategory.h</label>
        <link refid="_graphics_category_8h"/>
        <childnode refid="6" relation="include">
        </childnode>
      </node>
      <node id="2">
        <label>TinyLib/Graphics/Text.cpp</label>
        <link refid="_text_8cpp"/>
      </node>
      <node id="1">
        <label>TinyLib/Graphics/Text.h</label>
        <link refid="_text_8h"/>
        <childnode refid="2" relation="include">
        </childnode>
        <childnode refid="3" relation="include">
        </childnode>
      </node>
      <node id="7">
        <label>TinyLib/Graphics/Window.cpp</label>
        <link refid="_window_8cpp"/>
      </node>
      <node id="3">
        <label>TinyLib/Graphics/Window.h</label>
        <link refid="_window_8h"/>
        <childnode refid="4" relation="include">
        </childnode>
        <childnode refid="5" relation="include">
        </childnode>
        <childnode refid="7" relation="include">
        </childnode>
      </node>
      <node id="6">
        <label>TinyLib/TinyLib.h</label>
        <link refid="_tiny_lib_8h"/>
      </node>
    </invincdepgraph>
    <innerclass refid="classtl_1_1_text" prot="public">tl::Text</innerclass>
    <innernamespace refid="namespacetl">tl</innernamespace>
    <briefdescription>
    </briefdescription>
    <detaileddescription>
    </detaileddescription>
    <programlisting>
<codeline lineno="1"><highlight class="preprocessor">#pragma<sp/>once</highlight><highlight class="normal"></highlight></codeline>
<codeline lineno="2"><highlight class="normal"></highlight><highlight class="preprocessor">#include<sp/>&quot;<ref refid="_base_category_8h" kindref="compound">../Base/BaseCategory.h</ref>&quot;</highlight><highlight class="normal"></highlight></codeline>
<codeline lineno="3"><highlight class="normal"></highlight><highlight class="preprocessor">#include<sp/>&quot;<ref refid="_drawable_8h" kindref="compound">Drawable.h</ref>&quot;</highlight><highlight class="normal"></highlight></codeline>
<codeline lineno="4"><highlight class="normal"></highlight></codeline>
<codeline lineno="5"><highlight class="normal"></highlight></codeline>
<codeline lineno="6"><highlight class="normal"></highlight><highlight class="keyword">namespace<sp/></highlight><highlight class="normal"><ref refid="namespacetl" kindref="compound">tl</ref></highlight></codeline>
<codeline lineno="7"><highlight class="normal">{</highlight></codeline>
<codeline lineno="8" refid="classtl_1_1_text" refkind="compound"><highlight class="normal"><sp/><sp/><sp/><sp/></highlight><highlight class="keyword">class<sp/></highlight><highlight class="normal"><ref refid="classtl_1_1_text" kindref="compound">Text</ref><sp/>:<sp/></highlight><highlight class="keyword">public</highlight><highlight class="normal"><sp/><ref refid="classtl_1_1_drawable" kindref="compound">Drawable</ref></highlight></codeline>
<codeline lineno="9"><highlight class="normal"><sp/><sp/><sp/><sp/>{</highlight></codeline>
<codeline lineno="10"><highlight class="normal"><sp/><sp/><sp/><sp/></highlight><highlight class="keyword">public</highlight><highlight class="normal">:</highlight></codeline>
<codeline lineno="11"><highlight class="normal"><sp/><sp/><sp/><sp/><sp/><sp/><sp/><sp/><ref refid="classtl_1_1_text_1aead89526f1134efdbb683662d503ecce" kindref="member">Text</ref>(</highlight><highlight class="keyword">const</highlight><highlight class="normal"><sp/><ref refid="namespacetl_1a7e58a76ef30d76bdb4c2a4678b875597" kindref="member">ascii</ref>*<sp/>=<sp/></highlight><highlight class="keyword">nullptr</highlight><highlight class="normal">,<sp/><ref refid="namespacetl_1a027b49b4b1bb51bafeac7cac614cbf51" kindref="member">u32</ref><sp/>=<sp/>12,<sp/><ref refid="structtl_1_1_vec2i" kindref="compound">Vec2i</ref><sp/>=<sp/>{<sp/>0,<sp/>0<sp/>});</highlight></codeline>
<codeline lineno="12"><highlight class="normal"><sp/><sp/><sp/><sp/><sp/><sp/><sp/><sp/><ref refid="classtl_1_1_text_1a12cfa88d0cea89d2e553d8cbde046f41" kindref="member">~Text</ref>();</highlight></codeline>
<codeline lineno="13"><highlight class="normal"></highlight></codeline>
<codeline lineno="14"><highlight class="normal"><sp/><sp/><sp/><sp/><sp/><sp/><sp/><sp/></highlight><highlight class="keywordtype">void</highlight><highlight class="normal"><sp/><ref refid="classtl_1_1_text_1a32191037254d9cf575cb9677be4536ae" kindref="member">setString</ref>(</highlight><highlight class="keyword">const</highlight><highlight class="normal"><sp/><ref refid="namespacetl_1a7e58a76ef30d76bdb4c2a4678b875597" kindref="member">ascii</ref>*);</highlight></codeline>
<codeline lineno="15"><highlight class="normal"><sp/><sp/><sp/><sp/><sp/><sp/><sp/><sp/><ref refid="namespacetl_1a7e58a76ef30d76bdb4c2a4678b875597" kindref="member">ascii</ref>*<sp/><ref refid="classtl_1_1_text_1a342716a8b9b9f950fed58d3e73eb1035" kindref="member">getString</ref>()<sp/></highlight><highlight class="keyword">const</highlight><highlight class="normal">;</highlight></codeline>
<codeline lineno="16"><highlight class="normal"><sp/><sp/><sp/><sp/><sp/><sp/><sp/><sp/></highlight><highlight class="keywordtype">void</highlight><highlight class="normal"><sp/><ref refid="classtl_1_1_text_1af448df96815b0aa650eec8a2cf5bcc0d" kindref="member">setFontSize</ref>(<ref refid="namespacetl_1a265a9f7c42ef723ea69373d72f9cf195" kindref="member">s32</ref>);</highlight></codeline>
<codeline lineno="17"><highlight class="normal"></highlight></codeline>
<codeline lineno="18"><highlight class="normal"><sp/><sp/><sp/><sp/></highlight><highlight class="keyword">private</highlight><highlight class="normal">:</highlight></codeline>
<codeline lineno="19"><highlight class="normal"><sp/><sp/><sp/><sp/><sp/><sp/><sp/><sp/><ref refid="namespacetl_1a7e58a76ef30d76bdb4c2a4678b875597" kindref="member">ascii</ref>*<sp/>string;</highlight></codeline>
<codeline lineno="20"><highlight class="normal"><sp/><sp/><sp/><sp/>};</highlight></codeline>
<codeline lineno="21"><highlight class="normal">}</highlight></codeline>
    </programlisting>
    <location file="TinyLib/Graphics/Text.h"/>
  </compounddef>
</doxygen>
