<?xml version='1.0' encoding='UTF-8' standalone='no'?>
<doxygen xmlns:xsi="http://www.w3.org/2001/XMLSchema-instance" xsi:noNamespaceSchemaLocation="compound.xsd" version="1.12.0" xml:lang="en-US">
  <compounddef id="_time_8cpp" kind="file" language="C++">
    <compoundname>Time.cpp</compoundname>
    <includes refid="_time_8h" local="yes">Time.h</includes>
    <incdepgraph>
      <node id="1">
        <label>TinyLib/Base/Time.cpp</label>
        <link refid="_time_8cpp"/>
        <childnode refid="2" relation="include">
        </childnode>
      </node>
      <node id="2">
        <label>Time.h</label>
        <link refid="_time_8h"/>
        <childnode refid="3" relation="include">
        </childnode>
        <childnode refid="4" relation="include">
        </childnode>
      </node>
      <node id="3">
        <label>Types.h</label>
        <link refid="_types_8h"/>
      </node>
      <node id="4">
        <label>../Base/Win/WinAPI.h</label>
        <link refid="_win_a_p_i_8h"/>
        <childnode refid="5" relation="include">
        </childnode>
        <childnode refid="6" relation="include">
        </childnode>
        <childnode refid="7" relation="include">
        </childnode>
        <childnode refid="8" relation="include">
        </childnode>
        <childnode refid="9" relation="include">
        </childnode>
        <childnode refid="10" relation="include">
        </childnode>
        <childnode refid="11" relation="include">
        </childnode>
        <childnode refid="12" relation="include">
        </childnode>
      </node>
      <node id="9">
        <label>DirectXMath.h</label>
      </node>
      <node id="5">
        <label>Windows.h</label>
      </node>
      <node id="12">
        <label>d2d1.h</label>
      </node>
      <node id="6">
        <label>d3d11.h</label>
      </node>
      <node id="8">
        <label>d3dcompiler.h</label>
      </node>
      <node id="11">
        <label>dwrite.h</label>
      </node>
      <node id="7">
        <label>dxgi1_2.h</label>
      </node>
      <node id="10">
        <label>wrl/client.h</label>
      </node>
    </incdepgraph>
    <innernamespace refid="namespacetl">tl</innernamespace>
    <briefdescription>
    </briefdescription>
    <detaileddescription>
    </detaileddescription>
    <programlisting>
<codeline lineno="1"><highlight class="preprocessor">#include<sp/>&quot;<ref refid="_time_8h" kindref="compound">Time.h</ref>&quot;</highlight><highlight class="normal"></highlight></codeline>
<codeline lineno="2"><highlight class="normal"></highlight></codeline>
<codeline lineno="3"><highlight class="normal"></highlight></codeline>
<codeline lineno="4"><highlight class="normal"></highlight><highlight class="keyword">namespace<sp/></highlight><highlight class="normal"><ref refid="namespacetl" kindref="compound">tl</ref></highlight></codeline>
<codeline lineno="5"><highlight class="normal">{</highlight></codeline>
<codeline lineno="7" refid="classtl_1_1_time_1a34f8675ccfa9e803c9ce72a837ecfe51" refkind="member"><highlight class="normal"><sp/><sp/><sp/><sp/><ref refid="classtl_1_1_time_1a34f8675ccfa9e803c9ce72a837ecfe51" kindref="member">Time::Time</ref>()</highlight></codeline>
<codeline lineno="8"><highlight class="normal"><sp/><sp/><sp/><sp/>{</highlight></codeline>
<codeline lineno="9"><highlight class="normal"><sp/><sp/><sp/><sp/><sp/><sp/><sp/><sp/><ref refid="classtl_1_1_time_1ac23bdcb12fe6d39a370f2d35c588ef30" kindref="member">update</ref>();</highlight></codeline>
<codeline lineno="10"><highlight class="normal"><sp/><sp/><sp/><sp/>}</highlight></codeline>
<codeline lineno="11"><highlight class="normal"></highlight></codeline>
<codeline lineno="12"><highlight class="normal"></highlight></codeline>
<codeline lineno="15" refid="classtl_1_1_time_1a3e69fca7e1810f6c904dd66a8045d743" refkind="member"><highlight class="normal"><sp/><sp/><sp/><sp/><ref refid="classtl_1_1_time_1a34f8675ccfa9e803c9ce72a837ecfe51" kindref="member">Time::Time</ref>(<ref refid="namespacetl_1a904241d60278f00c7d91b31161237d62" kindref="member">u64</ref><sp/>timeValue)</highlight></codeline>
<codeline lineno="16"><highlight class="normal"><sp/><sp/><sp/><sp/>{</highlight></codeline>
<codeline lineno="17"><highlight class="normal"><sp/><sp/><sp/><sp/><sp/><sp/><sp/><sp/>time<sp/>=<sp/>timeValue;</highlight></codeline>
<codeline lineno="18"><highlight class="normal"><sp/><sp/><sp/><sp/>}</highlight></codeline>
<codeline lineno="19"><highlight class="normal"></highlight></codeline>
<codeline lineno="20"><highlight class="normal"></highlight></codeline>
<codeline lineno="22" refid="classtl_1_1_time_1afaed444aa23b96b0c0070e55e9821d9a" refkind="member"><highlight class="normal"><sp/><sp/><sp/><sp/><ref refid="classtl_1_1_time_1afaed444aa23b96b0c0070e55e9821d9a" kindref="member">Time::~Time</ref>()</highlight></codeline>
<codeline lineno="23"><highlight class="normal"><sp/><sp/><sp/><sp/>{</highlight></codeline>
<codeline lineno="24"><highlight class="normal"></highlight></codeline>
<codeline lineno="25"><highlight class="normal"><sp/><sp/><sp/><sp/>}</highlight></codeline>
<codeline lineno="26"><highlight class="normal"></highlight></codeline>
<codeline lineno="27"><highlight class="normal"></highlight></codeline>
<codeline lineno="30" refid="classtl_1_1_time_1a69a320e7414645c62a9f63d52d907a02" refkind="member"><highlight class="normal"><sp/><sp/><sp/><sp/><ref refid="namespacetl_1a904241d60278f00c7d91b31161237d62" kindref="member">u64</ref><sp/><ref refid="classtl_1_1_time_1a69a320e7414645c62a9f63d52d907a02" kindref="member">Time::getTime</ref>()</highlight></codeline>
<codeline lineno="31"><highlight class="normal"><sp/><sp/><sp/><sp/>{</highlight></codeline>
<codeline lineno="32"><highlight class="normal"><sp/><sp/><sp/><sp/><sp/><sp/><sp/><sp/></highlight><highlight class="keywordflow">return</highlight><highlight class="normal"><sp/>time;</highlight></codeline>
<codeline lineno="33"><highlight class="normal"><sp/><sp/><sp/><sp/>}</highlight></codeline>
<codeline lineno="34"><highlight class="normal"></highlight></codeline>
<codeline lineno="35"><highlight class="normal"></highlight></codeline>
<codeline lineno="37" refid="classtl_1_1_time_1ac23bdcb12fe6d39a370f2d35c588ef30" refkind="member"><highlight class="normal"><sp/><sp/><sp/><sp/></highlight><highlight class="keywordtype">void</highlight><highlight class="normal"><sp/><ref refid="classtl_1_1_time_1ac23bdcb12fe6d39a370f2d35c588ef30" kindref="member">Time::update</ref>()</highlight></codeline>
<codeline lineno="38"><highlight class="normal"><sp/><sp/><sp/><sp/>{</highlight></codeline>
<codeline lineno="39"><highlight class="normal"><sp/><sp/><sp/><sp/><sp/><sp/><sp/><sp/>time<sp/>=<sp/>GetTickCount();</highlight></codeline>
<codeline lineno="40"><highlight class="normal"><sp/><sp/><sp/><sp/>}</highlight></codeline>
<codeline lineno="41"><highlight class="normal"></highlight></codeline>
<codeline lineno="42"><highlight class="normal"></highlight></codeline>
<codeline lineno="45" refid="classtl_1_1_time_1a4cc3ff829d334cf59c3aacb0ab181c0e" refkind="member"><highlight class="normal"><sp/><sp/><sp/><sp/><ref refid="namespacetl_1a904241d60278f00c7d91b31161237d62" kindref="member">u64</ref><sp/><ref refid="classtl_1_1_time_1a4cc3ff829d334cf59c3aacb0ab181c0e" kindref="member">Time::currentTime</ref>()</highlight></codeline>
<codeline lineno="46"><highlight class="normal"><sp/><sp/><sp/><sp/>{</highlight></codeline>
<codeline lineno="47"><highlight class="normal"><sp/><sp/><sp/><sp/><sp/><sp/><sp/><sp/></highlight><highlight class="keywordflow">return</highlight><highlight class="normal"><sp/>GetTickCount();</highlight></codeline>
<codeline lineno="48"><highlight class="normal"><sp/><sp/><sp/><sp/>}</highlight></codeline>
<codeline lineno="49"><highlight class="normal">}</highlight></codeline>
    </programlisting>
    <location file="TinyLib/Base/Time.cpp"/>
  </compounddef>
</doxygen>
