<?xml version='1.0' encoding='UTF-8' standalone='no'?>
<doxygen xmlns:xsi="http://www.w3.org/2001/XMLSchema-instance" xsi:noNamespaceSchemaLocation="compound.xsd" version="1.12.0" xml:lang="en-US">
  <compounddef id="_time_8h" kind="file" language="C++">
    <compoundname>Time.h</compoundname>
    <includes refid="_types_8h" local="yes">Types.h</includes>
    <includes refid="_win_a_p_i_8h" local="yes">../Base/Win/WinAPI.h</includes>
    <includedby refid="_base_category_8h" local="yes">TinyLib/Base/BaseCategory.h</includedby>
    <includedby refid="_time_8cpp" local="yes">TinyLib/Base/Time.cpp</includedby>
    <incdepgraph>
      <node id="1">
        <label>TinyLib/Base/Time.h</label>
        <link refid="_time_8h"/>
        <childnode refid="2" relation="include">
        </childnode>
        <childnode refid="3" relation="include">
        </childnode>
      </node>
      <node id="2">
        <label>Types.h</label>
        <link refid="_types_8h"/>
      </node>
      <node id="3">
        <label>../Base/Win/WinAPI.h</label>
        <link refid="_win_a_p_i_8h"/>
        <childnode refid="4" relation="include">
        </childnode>
        <childnode refid="5" relation="include">
        </childnode>
        <childnode refid="6" relation="include">
        </childnode>
        <childnode refid="7" relation="include">
        </childnode>
        <childnode refid="8" relation="include">
        </childnode>
        <childnode refid="9" relation="include">
        </childnode>
        <childnode refid="10" relation="include">
        </childnode>
        <childnode refid="11" relation="include">
        </childnode>
      </node>
      <node id="8">
        <label>DirectXMath.h</label>
      </node>
      <node id="4">
        <label>Windows.h</label>
      </node>
      <node id="11">
        <label>d2d1.h</label>
      </node>
      <node id="5">
        <label>d3d11.h</label>
      </node>
      <node id="7">
        <label>d3dcompiler.h</label>
      </node>
      <node id="10">
        <label>dwrite.h</label>
      </node>
      <node id="6">
        <label>dxgi1_2.h</label>
      </node>
      <node id="9">
        <label>wrl/client.h</label>
      </node>
    </incdepgraph>
    <invincdepgraph>
      <node id="2">
        <label>TinyLib/Base/BaseCategory.h</label>
        <link refid="_base_category_8h"/>
        <childnode refid="3" relation="include">
        </childnode>
        <childnode refid="7" relation="include">
        </childnode>
        <childnode refid="13" relation="include">
        </childnode>
        <childnode refid="10" relation="include">
        </childnode>
        <childnode refid="15" relation="include">
        </childnode>
        <childnode refid="18" relation="include">
        </childnode>
        <childnode refid="6" relation="include">
        </childnode>
      </node>
      <node id="20">
        <label>TinyLib/Base/Time.cpp</label>
        <link refid="_time_8cpp"/>
      </node>
      <node id="1">
        <label>TinyLib/Base/Time.h</label>
        <link refid="_time_8h"/>
        <childnode refid="2" relation="include">
        </childnode>
        <childnode refid="20" relation="include">
        </childnode>
      </node>
      <node id="4">
        <label>TinyLib/Console/Console.cpp</label>
        <link refid="_console_8cpp"/>
      </node>
      <node id="3">
        <label>TinyLib/Console/Console.h</label>
        <link refid="_console_8h"/>
        <childnode refid="4" relation="include">
        </childnode>
        <childnode refid="5" relation="include">
        </childnode>
      </node>
      <node id="5">
        <label>TinyLib/Console/ConsoleCategory.h</label>
        <link refid="_console_category_8h"/>
        <childnode refid="6" relation="include">
        </childnode>
      </node>
      <node id="11">
        <label>TinyLib/Graphics/Drawable.cpp</label>
        <link refid="_drawable_8cpp"/>
      </node>
      <node id="8">
        <label>TinyLib/Graphics/GraphicsCategory.h</label>
        <link refid="_graphics_category_8h"/>
        <childnode refid="6" relation="include">
        </childnode>
      </node>
      <node id="9">
        <label>TinyLib/Graphics/Rectangle.cpp</label>
        <link refid="_rectangle_8cpp"/>
      </node>
      <node id="7">
        <label>TinyLib/Graphics/Rectangle.h</label>
        <link refid="_rectangle_8h"/>
        <childnode refid="8" relation="include">
        </childnode>
        <childnode refid="9" relation="include">
        </childnode>
        <childnode refid="10" relation="include">
        </childnode>
      </node>
      <node id="14">
        <label>TinyLib/Graphics/Text.cpp</label>
        <link refid="_text_8cpp"/>
      </node>
      <node id="13">
        <label>TinyLib/Graphics/Text.h</label>
        <link refid="_text_8h"/>
        <childnode refid="14" relation="include">
        </childnode>
        <childnode refid="10" relation="include">
        </childnode>
      </node>
      <node id="12">
        <label>TinyLib/Graphics/Window.cpp</label>
        <link refid="_window_8cpp"/>
      </node>
      <node id="10">
        <label>TinyLib/Graphics/Window.h</label>
        <link refid="_window_8h"/>
        <childnode refid="11" relation="include">
        </childnode>
        <childnode refid="8" relation="include">
        </childnode>
        <childnode refid="12" relation="include">
        </childnode>
      </node>
      <node id="16">
        <label>TinyLib/System/File.cpp</label>
        <link refid="_file_8cpp"/>
      </node>
      <node id="15">
        <label>TinyLib/System/File.h</label>
        <link refid="_file_8h"/>
        <childnode refid="16" relation="include">
        </childnode>
        <childnode refid="17" relation="include">
        </childnode>
      </node>
      <node id="19">
        <label>TinyLib/System/Mouse.cpp</label>
        <link refid="_mouse_8cpp"/>
      </node>
      <node id="18">
        <label>TinyLib/System/Mouse.h</label>
        <link refid="_mouse_8h"/>
        <childnode refid="19" relation="include">
        </childnode>
        <childnode refid="17" relation="include">
        </childnode>
      </node>
      <node id="17">
        <label>TinyLib/System/SystemCategory.h</label>
        <link refid="_system_category_8h"/>
        <childnode refid="6" relation="include">
        </childnode>
      </node>
      <node id="6">
        <label>TinyLib/TinyLib.h</label>
        <link refid="_tiny_lib_8h"/>
      </node>
    </invincdepgraph>
    <innerclass refid="classtl_1_1_time" prot="public">tl::Time</innerclass>
    <innernamespace refid="namespacetl">tl</innernamespace>
    <briefdescription>
    </briefdescription>
    <detaileddescription>
    </detaileddescription>
    <programlisting>
<codeline lineno="1"><highlight class="preprocessor">#pragma<sp/>once</highlight><highlight class="normal"></highlight></codeline>
<codeline lineno="2"><highlight class="normal"></highlight><highlight class="preprocessor">#include<sp/>&quot;<ref refid="_types_8h" kindref="compound">Types.h</ref>&quot;</highlight><highlight class="normal"></highlight></codeline>
<codeline lineno="3"><highlight class="normal"></highlight><highlight class="preprocessor">#include<sp/>&quot;<ref refid="_win_a_p_i_8h" kindref="compound">../Base/Win/WinAPI.h</ref>&quot;</highlight><highlight class="normal"></highlight></codeline>
<codeline lineno="4"><highlight class="normal"></highlight></codeline>
<codeline lineno="5"><highlight class="normal"></highlight></codeline>
<codeline lineno="6"><highlight class="normal"></highlight><highlight class="keyword">namespace<sp/></highlight><highlight class="normal"><ref refid="namespacetl" kindref="compound">tl</ref></highlight></codeline>
<codeline lineno="7"><highlight class="normal">{</highlight></codeline>
<codeline lineno="8" refid="classtl_1_1_time" refkind="compound"><highlight class="normal"><sp/><sp/><sp/><sp/></highlight><highlight class="keyword">class<sp/></highlight><highlight class="normal"><ref refid="classtl_1_1_time" kindref="compound">Time</ref></highlight></codeline>
<codeline lineno="9"><highlight class="normal"><sp/><sp/><sp/><sp/>{</highlight></codeline>
<codeline lineno="10"><highlight class="normal"><sp/><sp/><sp/><sp/></highlight><highlight class="keyword">public</highlight><highlight class="normal">:</highlight></codeline>
<codeline lineno="11"><highlight class="normal"><sp/><sp/><sp/><sp/><sp/><sp/><sp/><sp/><ref refid="classtl_1_1_time_1a34f8675ccfa9e803c9ce72a837ecfe51" kindref="member">Time</ref>();</highlight></codeline>
<codeline lineno="12"><highlight class="normal"><sp/><sp/><sp/><sp/><sp/><sp/><sp/><sp/><ref refid="classtl_1_1_time_1a34f8675ccfa9e803c9ce72a837ecfe51" kindref="member">Time</ref>(<ref refid="namespacetl_1a904241d60278f00c7d91b31161237d62" kindref="member">u64</ref><sp/>timeValue);</highlight></codeline>
<codeline lineno="13"><highlight class="normal"><sp/><sp/><sp/><sp/><sp/><sp/><sp/><sp/><ref refid="classtl_1_1_time_1afaed444aa23b96b0c0070e55e9821d9a" kindref="member">~Time</ref>();</highlight></codeline>
<codeline lineno="14"><highlight class="normal"></highlight></codeline>
<codeline lineno="15"><highlight class="normal"><sp/><sp/><sp/><sp/><sp/><sp/><sp/><sp/><ref refid="namespacetl_1a904241d60278f00c7d91b31161237d62" kindref="member">u64</ref><sp/><ref refid="classtl_1_1_time_1a69a320e7414645c62a9f63d52d907a02" kindref="member">getTime</ref>();</highlight></codeline>
<codeline lineno="16"><highlight class="normal"><sp/><sp/><sp/><sp/><sp/><sp/><sp/><sp/></highlight><highlight class="keywordtype">void</highlight><highlight class="normal"><sp/><ref refid="classtl_1_1_time_1ac23bdcb12fe6d39a370f2d35c588ef30" kindref="member">update</ref>();</highlight></codeline>
<codeline lineno="17"><highlight class="normal"></highlight></codeline>
<codeline lineno="18"><highlight class="normal"><sp/><sp/><sp/><sp/><sp/><sp/><sp/><sp/></highlight><highlight class="keyword">static</highlight><highlight class="normal"><sp/><ref refid="namespacetl_1a904241d60278f00c7d91b31161237d62" kindref="member">u64</ref><sp/><ref refid="classtl_1_1_time_1a4cc3ff829d334cf59c3aacb0ab181c0e" kindref="member">currentTime</ref>();</highlight></codeline>
<codeline lineno="19"><highlight class="normal"></highlight></codeline>
<codeline lineno="20"><highlight class="normal"><sp/><sp/><sp/><sp/></highlight><highlight class="keyword">private</highlight><highlight class="normal">:</highlight></codeline>
<codeline lineno="21"><highlight class="normal"><sp/><sp/><sp/><sp/><sp/><sp/><sp/><sp/><ref refid="namespacetl_1a904241d60278f00c7d91b31161237d62" kindref="member">u64</ref><sp/>time;</highlight></codeline>
<codeline lineno="22"><highlight class="normal"><sp/><sp/><sp/><sp/>};</highlight></codeline>
<codeline lineno="23"><highlight class="normal">}</highlight></codeline>
    </programlisting>
    <location file="TinyLib/Base/Time.h"/>
  </compounddef>
</doxygen>
