<?xml version='1.0' encoding='UTF-8' standalone='no'?>
<doxygen xmlns:xsi="http://www.w3.org/2001/XMLSchema-instance" xsi:noNamespaceSchemaLocation="compound.xsd" version="1.12.0" xml:lang="en-US">
  <compounddef id="_tiny_lib_8h" kind="file" language="C++">
    <compoundname>TinyLib.h</compoundname>
    <includes refid="_base_category_8h" local="yes">Base/BaseCategory.h</includes>
    <includes refid="_graphics_category_8h" local="yes">Graphics/GraphicsCategory.h</includes>
    <includes refid="_system_category_8h" local="yes">System/SystemCategory.h</includes>
    <includes refid="_console_category_8h" local="yes">Console/ConsoleCategory.h</includes>
    <incdepgraph>
      <node id="2">
        <label>Base/BaseCategory.h</label>
        <link refid="_base_category_8h"/>
        <childnode refid="3" relation="include">
        </childnode>
        <childnode refid="4" relation="include">
        </childnode>
        <childnode refid="14" relation="include">
        </childnode>
        <childnode refid="15" relation="include">
        </childnode>
        <childnode refid="16" relation="include">
        </childnode>
      </node>
      <node id="15">
        <label>Memory.h</label>
        <link refid="_memory_8h"/>
        <childnode refid="5" relation="include">
        </childnode>
      </node>
      <node id="4">
        <label>Time.h</label>
        <link refid="_time_8h"/>
        <childnode refid="3" relation="include">
        </childnode>
        <childnode refid="5" relation="include">
        </childnode>
      </node>
      <node id="3">
        <label>Types.h</label>
        <link refid="_types_8h"/>
      </node>
      <node id="16">
        <label>Util.h</label>
        <link refid="_util_8h"/>
        <childnode refid="5" relation="include">
        </childnode>
        <childnode refid="3" relation="include">
        </childnode>
      </node>
      <node id="14">
        <label>Vector.h</label>
        <link refid="_vector_8h"/>
        <childnode refid="15" relation="include">
        </childnode>
      </node>
      <node id="5">
        <label>../Base/Win/WinAPI.h</label>
        <link refid="_win_a_p_i_8h"/>
        <childnode refid="6" relation="include">
        </childnode>
        <childnode refid="7" relation="include">
        </childnode>
        <childnode refid="8" relation="include">
        </childnode>
        <childnode refid="9" relation="include">
        </childnode>
        <childnode refid="10" relation="include">
        </childnode>
        <childnode refid="11" relation="include">
        </childnode>
        <childnode refid="12" relation="include">
        </childnode>
        <childnode refid="13" relation="include">
        </childnode>
      </node>
      <node id="29">
        <label>Console.h</label>
        <link refid="_console_8h"/>
        <childnode refid="5" relation="include">
        </childnode>
        <childnode refid="2" relation="include">
        </childnode>
      </node>
      <node id="28">
        <label>Console/ConsoleCategory.h</label>
        <link refid="_console_category_8h"/>
        <childnode refid="29" relation="include">
        </childnode>
      </node>
      <node id="19">
        <label>Drawable.h</label>
        <link refid="_drawable_8h"/>
        <childnode refid="3" relation="include">
        </childnode>
        <childnode refid="5" relation="include">
        </childnode>
      </node>
      <node id="17">
        <label>Graphics/GraphicsCategory.h</label>
        <link refid="_graphics_category_8h"/>
        <childnode refid="18" relation="include">
        </childnode>
        <childnode refid="19" relation="include">
        </childnode>
        <childnode refid="20" relation="include">
        </childnode>
        <childnode refid="21" relation="include">
        </childnode>
        <childnode refid="22" relation="include">
        </childnode>
      </node>
      <node id="20">
        <label>Rectangle.h</label>
        <link refid="_rectangle_8h"/>
        <childnode refid="19" relation="include">
        </childnode>
        <childnode refid="2" relation="include">
        </childnode>
        <childnode refid="5" relation="include">
        </childnode>
      </node>
      <node id="23">
        <label>Text.h</label>
        <link refid="_text_8h"/>
        <childnode refid="2" relation="include">
        </childnode>
        <childnode refid="19" relation="include">
        </childnode>
      </node>
      <node id="18">
        <label>Window.h</label>
        <link refid="_window_8h"/>
        <childnode refid="5" relation="include">
        </childnode>
        <childnode refid="19" relation="include">
        </childnode>
        <childnode refid="20" relation="include">
        </childnode>
        <childnode refid="21" relation="include">
        </childnode>
        <childnode refid="22" relation="include">
        </childnode>
        <childnode refid="23" relation="include">
        </childnode>
        <childnode refid="2" relation="include">
        </childnode>
      </node>
      <node id="25">
        <label>File.h</label>
        <link refid="_file_8h"/>
        <childnode refid="5" relation="include">
        </childnode>
        <childnode refid="2" relation="include">
        </childnode>
      </node>
      <node id="26">
        <label>Key.h</label>
        <link refid="_key_8h"/>
        <childnode refid="5" relation="include">
        </childnode>
        <childnode refid="3" relation="include">
        </childnode>
      </node>
      <node id="27">
        <label>Mouse.h</label>
        <link refid="_mouse_8h"/>
        <childnode refid="2" relation="include">
        </childnode>
        <childnode refid="19" relation="include">
        </childnode>
        <childnode refid="5" relation="include">
        </childnode>
      </node>
      <node id="24">
        <label>System/SystemCategory.h</label>
        <link refid="_system_category_8h"/>
        <childnode refid="25" relation="include">
        </childnode>
        <childnode refid="26" relation="include">
        </childnode>
        <childnode refid="27" relation="include">
        </childnode>
      </node>
      <node id="1">
        <label>TinyLib/TinyLib.h</label>
        <link refid="_tiny_lib_8h"/>
        <childnode refid="2" relation="include">
        </childnode>
        <childnode refid="17" relation="include">
        </childnode>
        <childnode refid="24" relation="include">
        </childnode>
        <childnode refid="28" relation="include">
        </childnode>
      </node>
      <node id="10">
        <label>DirectXMath.h</label>
      </node>
      <node id="22">
        <label>GDI.h</label>
      </node>
      <node id="21">
        <label>Graphics.h</label>
      </node>
      <node id="6">
        <label>Windows.h</label>
      </node>
      <node id="13">
        <label>d2d1.h</label>
      </node>
      <node id="7">
        <label>d3d11.h</label>
      </node>
      <node id="9">
        <label>d3dcompiler.h</label>
      </node>
      <node id="12">
        <label>dwrite.h</label>
      </node>
      <node id="8">
        <label>dxgi1_2.h</label>
      </node>
      <node id="11">
        <label>wrl/client.h</label>
      </node>
    </incdepgraph>
    <briefdescription>
    </briefdescription>
    <detaileddescription>
    </detaileddescription>
    <programlisting>
<codeline lineno="1"><highlight class="preprocessor">#include<sp/>&quot;<ref refid="_base_category_8h" kindref="compound">Base/BaseCategory.h</ref>&quot;</highlight><highlight class="normal"></highlight></codeline>
<codeline lineno="2"><highlight class="normal"></highlight><highlight class="preprocessor">#include<sp/>&quot;<ref refid="_graphics_category_8h" kindref="compound">Graphics/GraphicsCategory.h</ref>&quot;</highlight><highlight class="normal"></highlight></codeline>
<codeline lineno="3"><highlight class="normal"></highlight><highlight class="preprocessor">#include<sp/>&quot;<ref refid="_system_category_8h" kindref="compound">System/SystemCategory.h</ref>&quot;</highlight><highlight class="normal"></highlight></codeline>
<codeline lineno="4"><highlight class="normal"></highlight><highlight class="preprocessor">#include<sp/>&quot;<ref refid="_console_category_8h" kindref="compound">Console/ConsoleCategory.h</ref>&quot;</highlight><highlight class="normal"></highlight></codeline>
    </programlisting>
    <location file="TinyLib/TinyLib.h"/>
  </compounddef>
</doxygen>
