<?xml version='1.0' encoding='UTF-8' standalone='no'?>
<doxygen xmlns:xsi="http://www.w3.org/2001/XMLSchema-instance" xsi:noNamespaceSchemaLocation="compound.xsd" version="1.12.0" xml:lang="en-US">
  <compounddef id="_util_8h" kind="file" language="C++">
    <compoundname>Util.h</compoundname>
    <includes refid="_win_a_p_i_8h" local="yes">../Base/Win/WinAPI.h</includes>
    <includes refid="_types_8h" local="yes">Types.h</includes>
    <includedby refid="_base_category_8h" local="yes">TinyLib/Base/BaseCategory.h</includedby>
    <incdepgraph>
      <node id="11">
        <label>Types.h</label>
        <link refid="_types_8h"/>
      </node>
      <node id="1">
        <label>TinyLib/Base/Util.h</label>
        <link refid="_util_8h"/>
        <childnode refid="2" relation="include">
        </childnode>
        <childnode refid="11" relation="include">
        </childnode>
      </node>
      <node id="2">
        <label>../Base/Win/WinAPI.h</label>
        <link refid="_win_a_p_i_8h"/>
        <childnode refid="3" relation="include">
        </childnode>
        <childnode refid="4" relation="include">
        </childnode>
        <childnode refid="5" relation="include">
        </childnode>
        <childnode refid="6" relation="include">
        </childnode>
        <childnode refid="7" relation="include">
        </childnode>
        <childnode refid="8" relation="include">
        </childnode>
        <childnode refid="9" relation="include">
        </childnode>
        <childnode refid="10" relation="include">
        </childnode>
      </node>
      <node id="7">
        <label>DirectXMath.h</label>
      </node>
      <node id="3">
        <label>Windows.h</label>
      </node>
      <node id="10">
        <label>d2d1.h</label>
      </node>
      <node id="4">
        <label>d3d11.h</label>
      </node>
      <node id="6">
        <label>d3dcompiler.h</label>
      </node>
      <node id="9">
        <label>dwrite.h</label>
      </node>
      <node id="5">
        <label>dxgi1_2.h</label>
      </node>
      <node id="8">
        <label>wrl/client.h</label>
      </node>
    </incdepgraph>
    <invincdepgraph>
      <node id="2">
        <label>TinyLib/Base/BaseCategory.h</label>
        <link refid="_base_category_8h"/>
        <childnode refid="3" relation="include">
        </childnode>
        <childnode refid="7" relation="include">
        </childnode>
        <childnode refid="13" relation="include">
        </childnode>
        <childnode refid="10" relation="include">
        </childnode>
        <childnode refid="15" relation="include">
        </childnode>
        <childnode refid="18" relation="include">
        </childnode>
        <childnode refid="6" relation="include">
        </childnode>
      </node>
      <node id="1">
        <label>TinyLib/Base/Util.h</label>
        <link refid="_util_8h"/>
        <childnode refid="2" relation="include">
        </childnode>
      </node>
      <node id="4">
        <label>TinyLib/Console/Console.cpp</label>
        <link refid="_console_8cpp"/>
      </node>
      <node id="3">
        <label>TinyLib/Console/Console.h</label>
        <link refid="_console_8h"/>
        <childnode refid="4" relation="include">
        </childnode>
        <childnode refid="5" relation="include">
        </childnode>
      </node>
      <node id="5">
        <label>TinyLib/Console/ConsoleCategory.h</label>
        <link refid="_console_category_8h"/>
        <childnode refid="6" relation="include">
        </childnode>
      </node>
      <node id="11">
        <label>TinyLib/Graphics/Drawable.cpp</label>
        <link refid="_drawable_8cpp"/>
      </node>
      <node id="8">
        <label>TinyLib/Graphics/GraphicsCategory.h</label>
        <link refid="_graphics_category_8h"/>
        <childnode refid="6" relation="include">
        </childnode>
      </node>
      <node id="9">
        <label>TinyLib/Graphics/Rectangle.cpp</label>
        <link refid="_rectangle_8cpp"/>
      </node>
      <node id="7">
        <label>TinyLib/Graphics/Rectangle.h</label>
        <link refid="_rectangle_8h"/>
        <childnode refid="8" relation="include">
        </childnode>
        <childnode refid="9" relation="include">
        </childnode>
        <childnode refid="10" relation="include">
        </childnode>
      </node>
      <node id="14">
        <label>TinyLib/Graphics/Text.cpp</label>
        <link refid="_text_8cpp"/>
      </node>
      <node id="13">
        <label>TinyLib/Graphics/Text.h</label>
        <link refid="_text_8h"/>
        <childnode refid="14" relation="include">
        </childnode>
        <childnode refid="10" relation="include">
        </childnode>
      </node>
      <node id="12">
        <label>TinyLib/Graphics/Window.cpp</label>
        <link refid="_window_8cpp"/>
      </node>
      <node id="10">
        <label>TinyLib/Graphics/Window.h</label>
        <link refid="_window_8h"/>
        <childnode refid="11" relation="include">
        </childnode>
        <childnode refid="8" relation="include">
        </childnode>
        <childnode refid="12" relation="include">
        </childnode>
      </node>
      <node id="16">
        <label>TinyLib/System/File.cpp</label>
        <link refid="_file_8cpp"/>
      </node>
      <node id="15">
        <label>TinyLib/System/File.h</label>
        <link refid="_file_8h"/>
        <childnode refid="16" relation="include">
        </childnode>
        <childnode refid="17" relation="include">
        </childnode>
      </node>
      <node id="19">
        <label>TinyLib/System/Mouse.cpp</label>
        <link refid="_mouse_8cpp"/>
      </node>
      <node id="18">
        <label>TinyLib/System/Mouse.h</label>
        <link refid="_mouse_8h"/>
        <childnode refid="19" relation="include">
        </childnode>
        <childnode refid="17" relation="include">
        </childnode>
      </node>
      <node id="17">
        <label>TinyLib/System/SystemCategory.h</label>
        <link refid="_system_category_8h"/>
        <childnode refid="6" relation="include">
        </childnode>
      </node>
      <node id="6">
        <label>TinyLib/TinyLib.h</label>
        <link refid="_tiny_lib_8h"/>
      </node>
    </invincdepgraph>
    <innernamespace refid="namespacetl">tl</innernamespace>
    <briefdescription>
    </briefdescription>
    <detaileddescription>
    </detaileddescription>
    <programlisting>
<codeline lineno="1"><highlight class="preprocessor">#pragma<sp/>once</highlight><highlight class="normal"></highlight></codeline>
<codeline lineno="2"><highlight class="normal"></highlight><highlight class="preprocessor">#include<sp/>&quot;<ref refid="_win_a_p_i_8h" kindref="compound">../Base/Win/WinAPI.h</ref>&quot;</highlight><highlight class="normal"></highlight></codeline>
<codeline lineno="3"><highlight class="normal"></highlight><highlight class="preprocessor">#include<sp/>&quot;<ref refid="_types_8h" kindref="compound">Types.h</ref>&quot;</highlight><highlight class="normal"></highlight></codeline>
<codeline lineno="4"><highlight class="normal"></highlight></codeline>
<codeline lineno="5"><highlight class="normal"></highlight></codeline>
<codeline lineno="6"><highlight class="normal"></highlight><highlight class="keyword">namespace<sp/></highlight><highlight class="normal"><ref refid="namespacetl" kindref="compound">tl</ref></highlight></codeline>
<codeline lineno="7"><highlight class="normal">{</highlight></codeline>
<codeline lineno="10"><highlight class="normal"><sp/><sp/><sp/><sp/></highlight><highlight class="keyword">static</highlight><highlight class="normal"><sp/></highlight><highlight class="keywordtype">size_t</highlight><highlight class="normal"><sp/>random()</highlight></codeline>
<codeline lineno="11"><highlight class="normal"><sp/><sp/><sp/><sp/>{</highlight></codeline>
<codeline lineno="12"><highlight class="normal"><sp/><sp/><sp/><sp/><sp/><sp/><sp/><sp/><ref refid="namespacetl_1a027b49b4b1bb51bafeac7cac614cbf51" kindref="member">u32</ref><sp/>number<sp/>=<sp/>0;</highlight></codeline>
<codeline lineno="13"><highlight class="normal"><sp/><sp/><sp/><sp/><sp/><sp/><sp/><sp/>HCRYPTPROV<sp/>hProv;</highlight></codeline>
<codeline lineno="14"><highlight class="normal"></highlight></codeline>
<codeline lineno="15"><highlight class="normal"><sp/><sp/><sp/><sp/><sp/><sp/><sp/><sp/></highlight><highlight class="keywordflow">if</highlight><highlight class="normal"><sp/>(CryptAcquireContextA(&amp;hProv,<sp/>NULL,<sp/>NULL,<sp/>PROV_RSA_FULL,<sp/>CRYPT_VERIFYCONTEXT))</highlight></codeline>
<codeline lineno="16"><highlight class="normal"><sp/><sp/><sp/><sp/><sp/><sp/><sp/><sp/><sp/><sp/><sp/><sp/>CryptGenRandom(hProv,<sp/></highlight><highlight class="keyword">sizeof</highlight><highlight class="normal">(number),<sp/></highlight><highlight class="keyword">reinterpret_cast&lt;</highlight><highlight class="normal">BYTE*</highlight><highlight class="keyword">&gt;</highlight><highlight class="normal">(&amp;number));</highlight></codeline>
<codeline lineno="17"><highlight class="normal"></highlight></codeline>
<codeline lineno="18"><highlight class="normal"><sp/><sp/><sp/><sp/><sp/><sp/><sp/><sp/>CryptReleaseContext(hProv,<sp/>0);</highlight></codeline>
<codeline lineno="19"><highlight class="normal"></highlight></codeline>
<codeline lineno="20"><highlight class="normal"><sp/><sp/><sp/><sp/><sp/><sp/><sp/><sp/></highlight><highlight class="keywordflow">return</highlight><highlight class="normal"><sp/>number;</highlight></codeline>
<codeline lineno="21"><highlight class="normal"><sp/><sp/><sp/><sp/>}</highlight></codeline>
<codeline lineno="22"><highlight class="normal"></highlight></codeline>
<codeline lineno="23"><highlight class="normal"></highlight></codeline>
<codeline lineno="27"><highlight class="normal"><sp/><sp/><sp/><sp/></highlight><highlight class="keyword">static</highlight><highlight class="normal"><sp/></highlight><highlight class="keywordtype">size_t</highlight><highlight class="normal"><sp/>strlen(</highlight><highlight class="keyword">const</highlight><highlight class="normal"><sp/><ref refid="namespacetl_1a7e58a76ef30d76bdb4c2a4678b875597" kindref="member">ascii</ref>*<sp/>str)</highlight></codeline>
<codeline lineno="28"><highlight class="normal"><sp/><sp/><sp/><sp/>{</highlight></codeline>
<codeline lineno="29"><highlight class="normal"><sp/><sp/><sp/><sp/><sp/><sp/><sp/><sp/></highlight><highlight class="keywordflow">if</highlight><highlight class="normal"><sp/>(str<sp/>==<sp/></highlight><highlight class="keyword">nullptr</highlight><highlight class="normal">)</highlight></codeline>
<codeline lineno="30"><highlight class="normal"><sp/><sp/><sp/><sp/><sp/><sp/><sp/><sp/><sp/><sp/><sp/><sp/></highlight><highlight class="keywordflow">return</highlight><highlight class="normal"><sp/>0;</highlight></codeline>
<codeline lineno="31"><highlight class="normal"></highlight></codeline>
<codeline lineno="32"><highlight class="normal"><sp/><sp/><sp/><sp/><sp/><sp/><sp/><sp/></highlight><highlight class="keywordtype">size_t</highlight><highlight class="normal"><sp/>length<sp/>=<sp/>0;</highlight></codeline>
<codeline lineno="33"><highlight class="normal"><sp/><sp/><sp/><sp/><sp/><sp/><sp/><sp/></highlight><highlight class="keywordflow">while</highlight><highlight class="normal"><sp/>(str[length]<sp/>!=<sp/></highlight><highlight class="charliteral">&apos;\0&apos;</highlight><highlight class="normal">)</highlight></codeline>
<codeline lineno="34"><highlight class="normal"><sp/><sp/><sp/><sp/><sp/><sp/><sp/><sp/><sp/><sp/><sp/><sp/>length++;</highlight></codeline>
<codeline lineno="35"><highlight class="normal"></highlight></codeline>
<codeline lineno="36"><highlight class="normal"><sp/><sp/><sp/><sp/><sp/><sp/><sp/><sp/></highlight><highlight class="keywordflow">return</highlight><highlight class="normal"><sp/>length;</highlight></codeline>
<codeline lineno="37"><highlight class="normal"><sp/><sp/><sp/><sp/>}</highlight></codeline>
<codeline lineno="38"><highlight class="normal">}</highlight></codeline>
    </programlisting>
    <location file="TinyLib/Base/Util.h"/>
  </compounddef>
</doxygen>
