<?xml version='1.0' encoding='UTF-8' standalone='no'?>
<doxygen xmlns:xsi="http://www.w3.org/2001/XMLSchema-instance" xsi:noNamespaceSchemaLocation="compound.xsd" version="1.12.0" xml:lang="en-US">
  <compounddef id="_window_8h" kind="file" language="C++">
    <compoundname>Window.h</compoundname>
    <includes refid="_win_a_p_i_8h" local="yes">../Base/Win/WinAPI.h</includes>
    <includes refid="_drawable_8h" local="yes">Drawable.h</includes>
    <includes refid="_rectangle_8h" local="yes">Rectangle.h</includes>
    <includes local="yes">Graphics.h</includes>
    <includes local="yes">GDI.h</includes>
    <includes refid="_text_8h" local="yes">Text.h</includes>
    <includes refid="_base_category_8h" local="yes">../Base/BaseCategory.h</includes>
    <includedby refid="_drawable_8cpp" local="yes">TinyLib/Graphics/Drawable.cpp</includedby>
    <includedby refid="_graphics_category_8h" local="yes">TinyLib/Graphics/GraphicsCategory.h</includedby>
    <includedby refid="_window_8cpp" local="yes">TinyLib/Graphics/Window.cpp</includedby>
    <incdepgraph>
      <node id="14">
        <label>../Base/BaseCategory.h</label>
        <link refid="_base_category_8h"/>
        <childnode refid="12" relation="include">
        </childnode>
        <childnode refid="15" relation="include">
        </childnode>
        <childnode refid="16" relation="include">
        </childnode>
        <childnode refid="17" relation="include">
        </childnode>
        <childnode refid="18" relation="include">
        </childnode>
      </node>
      <node id="17">
        <label>Memory.h</label>
        <link refid="_memory_8h"/>
        <childnode refid="2" relation="include">
        </childnode>
      </node>
      <node id="15">
        <label>Time.h</label>
        <link refid="_time_8h"/>
        <childnode refid="12" relation="include">
        </childnode>
        <childnode refid="2" relation="include">
        </childnode>
      </node>
      <node id="12">
        <label>../Base/Types.h</label>
        <link refid="_types_8h"/>
      </node>
      <node id="18">
        <label>Util.h</label>
        <link refid="_util_8h"/>
        <childnode refid="2" relation="include">
        </childnode>
        <childnode refid="12" relation="include">
        </childnode>
      </node>
      <node id="16">
        <label>Vector.h</label>
        <link refid="_vector_8h"/>
        <childnode refid="17" relation="include">
        </childnode>
      </node>
      <node id="2">
        <label>../Base/Win/WinAPI.h</label>
        <link refid="_win_a_p_i_8h"/>
        <childnode refid="3" relation="include">
        </childnode>
        <childnode refid="4" relation="include">
        </childnode>
        <childnode refid="5" relation="include">
        </childnode>
        <childnode refid="6" relation="include">
        </childnode>
        <childnode refid="7" relation="include">
        </childnode>
        <childnode refid="8" relation="include">
        </childnode>
        <childnode refid="9" relation="include">
        </childnode>
        <childnode refid="10" relation="include">
        </childnode>
      </node>
      <node id="11">
        <label>Drawable.h</label>
        <link refid="_drawable_8h"/>
        <childnode refid="12" relation="include">
        </childnode>
        <childnode refid="2" relation="include">
        </childnode>
      </node>
      <node id="13">
        <label>Rectangle.h</label>
        <link refid="_rectangle_8h"/>
        <childnode refid="11" relation="include">
        </childnode>
        <childnode refid="14" relation="include">
        </childnode>
        <childnode refid="2" relation="include">
        </childnode>
      </node>
      <node id="21">
        <label>Text.h</label>
        <link refid="_text_8h"/>
        <childnode refid="14" relation="include">
        </childnode>
        <childnode refid="11" relation="include">
        </childnode>
      </node>
      <node id="1">
        <label>TinyLib/Graphics/Window.h</label>
        <link refid="_window_8h"/>
        <childnode refid="2" relation="include">
        </childnode>
        <childnode refid="11" relation="include">
        </childnode>
        <childnode refid="13" relation="include">
        </childnode>
        <childnode refid="19" relation="include">
        </childnode>
        <childnode refid="20" relation="include">
        </childnode>
        <childnode refid="21" relation="include">
        </childnode>
        <childnode refid="14" relation="include">
        </childnode>
      </node>
      <node id="7">
        <label>DirectXMath.h</label>
      </node>
      <node id="20">
        <label>GDI.h</label>
      </node>
      <node id="19">
        <label>Graphics.h</label>
      </node>
      <node id="3">
        <label>Windows.h</label>
      </node>
      <node id="10">
        <label>d2d1.h</label>
      </node>
      <node id="4">
        <label>d3d11.h</label>
      </node>
      <node id="6">
        <label>d3dcompiler.h</label>
      </node>
      <node id="9">
        <label>dwrite.h</label>
      </node>
      <node id="5">
        <label>dxgi1_2.h</label>
      </node>
      <node id="8">
        <label>wrl/client.h</label>
      </node>
    </incdepgraph>
    <invincdepgraph>
      <node id="2">
        <label>TinyLib/Graphics/Drawable.cpp</label>
        <link refid="_drawable_8cpp"/>
      </node>
      <node id="3">
        <label>TinyLib/Graphics/GraphicsCategory.h</label>
        <link refid="_graphics_category_8h"/>
        <childnode refid="4" relation="include">
        </childnode>
      </node>
      <node id="5">
        <label>TinyLib/Graphics/Window.cpp</label>
        <link refid="_window_8cpp"/>
      </node>
      <node id="1">
        <label>TinyLib/Graphics/Window.h</label>
        <link refid="_window_8h"/>
        <childnode refid="2" relation="include">
        </childnode>
        <childnode refid="3" relation="include">
        </childnode>
        <childnode refid="5" relation="include">
        </childnode>
      </node>
      <node id="4">
        <label>TinyLib/TinyLib.h</label>
        <link refid="_tiny_lib_8h"/>
      </node>
    </invincdepgraph>
    <innerclass refid="classtl_1_1_window" prot="public">tl::Window</innerclass>
    <innernamespace refid="namespacetl">tl</innernamespace>
    <briefdescription>
    </briefdescription>
    <detaileddescription>
    </detaileddescription>
    <programlisting>
<codeline lineno="1"><highlight class="preprocessor">#pragma<sp/>once</highlight><highlight class="normal"></highlight></codeline>
<codeline lineno="2"><highlight class="normal"></highlight><highlight class="preprocessor">#include<sp/>&quot;<ref refid="_win_a_p_i_8h" kindref="compound">../Base/Win/WinAPI.h</ref>&quot;</highlight><highlight class="normal"></highlight></codeline>
<codeline lineno="3"><highlight class="normal"></highlight><highlight class="preprocessor">#include<sp/>&quot;<ref refid="_drawable_8h" kindref="compound">Drawable.h</ref>&quot;</highlight><highlight class="normal"></highlight></codeline>
<codeline lineno="4"><highlight class="normal"></highlight><highlight class="preprocessor">#include<sp/>&quot;<ref refid="_rectangle_8h" kindref="compound">Rectangle.h</ref>&quot;</highlight><highlight class="normal"></highlight></codeline>
<codeline lineno="5"><highlight class="normal"></highlight><highlight class="preprocessor">#include<sp/>&quot;Graphics.h&quot;</highlight><highlight class="normal"></highlight></codeline>
<codeline lineno="6"><highlight class="normal"></highlight><highlight class="preprocessor">#include<sp/>&quot;GDI.h&quot;</highlight><highlight class="normal"></highlight></codeline>
<codeline lineno="7"><highlight class="normal"></highlight><highlight class="preprocessor">#include<sp/>&quot;<ref refid="_text_8h" kindref="compound">Text.h</ref>&quot;</highlight><highlight class="normal"></highlight></codeline>
<codeline lineno="8"><highlight class="normal"></highlight><highlight class="preprocessor">#include<sp/>&quot;<ref refid="_base_category_8h" kindref="compound">../Base/BaseCategory.h</ref>&quot;</highlight><highlight class="normal"></highlight></codeline>
<codeline lineno="9"><highlight class="normal"></highlight></codeline>
<codeline lineno="10"><highlight class="normal"></highlight></codeline>
<codeline lineno="11"><highlight class="normal"></highlight><highlight class="keyword">namespace<sp/></highlight><highlight class="normal"><ref refid="namespacetl" kindref="compound">tl</ref></highlight></codeline>
<codeline lineno="12"><highlight class="normal">{</highlight></codeline>
<codeline lineno="13" refid="namespacetl_1a7e2989f2c8039c3f533555e5255c654d" refkind="member"><highlight class="normal"><sp/><sp/><sp/><sp/></highlight><highlight class="keyword">enum</highlight><highlight class="normal"><sp/><ref refid="namespacetl_1a7e2989f2c8039c3f533555e5255c654d" kindref="member">Event</ref></highlight></codeline>
<codeline lineno="14"><highlight class="normal"><sp/><sp/><sp/><sp/>{</highlight></codeline>
<codeline lineno="15" refid="namespacetl_1a7e2989f2c8039c3f533555e5255c654da5be4e5d266410d4098330ef298d0a590" refkind="member"><highlight class="normal"><sp/><sp/><sp/><sp/><sp/><sp/><sp/><sp/><ref refid="namespacetl_1a7e2989f2c8039c3f533555e5255c654da5be4e5d266410d4098330ef298d0a590" kindref="member">Closed</ref><sp/>=<sp/>0b1,</highlight></codeline>
<codeline lineno="16" refid="namespacetl_1a7e2989f2c8039c3f533555e5255c654daed0acb15944cd2abce85da77065f7ba0" refkind="member"><highlight class="normal"><sp/><sp/><sp/><sp/><sp/><sp/><sp/><sp/><ref refid="namespacetl_1a7e2989f2c8039c3f533555e5255c654daed0acb15944cd2abce85da77065f7ba0" kindref="member">Moved</ref><sp/>=<sp/>0b10,</highlight></codeline>
<codeline lineno="17"><highlight class="normal"><sp/><sp/><sp/><sp/><sp/><sp/><sp/><sp/><ref refid="namespacetl_1a7e2989f2c8039c3f533555e5255c654da60573197598e5aa232348f6efb3f7066" kindref="member">Resized</ref><sp/>=<sp/>0b100</highlight></codeline>
<codeline lineno="18" refid="namespacetl_1a7e2989f2c8039c3f533555e5255c654da60573197598e5aa232348f6efb3f7066" refkind="member"><highlight class="normal"><sp/><sp/><sp/><sp/>};</highlight></codeline>
<codeline lineno="19"><highlight class="normal"></highlight></codeline>
<codeline lineno="20"><highlight class="normal"></highlight></codeline>
<codeline lineno="21" refid="namespacetl_1a36ce4a17d54a1939d694bf6d68cf0308" refkind="member"><highlight class="normal"><sp/><sp/><sp/><sp/></highlight><highlight class="keyword">enum</highlight><highlight class="normal"><sp/><ref refid="namespacetl_1a36ce4a17d54a1939d694bf6d68cf0308" kindref="member">Style</ref></highlight></codeline>
<codeline lineno="22"><highlight class="normal"><sp/><sp/><sp/><sp/>{</highlight></codeline>
<codeline lineno="23" refid="namespacetl_1a36ce4a17d54a1939d694bf6d68cf0308ac470c51a77675dff2188539f3dd814d1" refkind="member"><highlight class="normal"><sp/><sp/><sp/><sp/><sp/><sp/><sp/><sp/><ref refid="namespacetl_1a36ce4a17d54a1939d694bf6d68cf0308ac470c51a77675dff2188539f3dd814d1" kindref="member">Border</ref><sp/>=<sp/>WS_BORDER,</highlight></codeline>
<codeline lineno="24" refid="namespacetl_1a36ce4a17d54a1939d694bf6d68cf0308a36aa6aca3d046b2750e31acd37ca341b" refkind="member"><highlight class="normal"><sp/><sp/><sp/><sp/><sp/><sp/><sp/><sp/><ref refid="namespacetl_1a36ce4a17d54a1939d694bf6d68cf0308a36aa6aca3d046b2750e31acd37ca341b" kindref="member">Title</ref><sp/>=<sp/>WS_CAPTION,</highlight></codeline>
<codeline lineno="25"><highlight class="normal"><sp/><sp/><sp/><sp/><sp/><sp/><sp/><sp/></highlight><highlight class="comment">//HScroll<sp/>=<sp/>WS_HSCROLL,</highlight><highlight class="normal"></highlight></codeline>
<codeline lineno="26"><highlight class="normal"><sp/><sp/><sp/><sp/><sp/><sp/><sp/><sp/></highlight><highlight class="comment">//VScroll<sp/>=<sp/>WS_VSCROLL,</highlight><highlight class="normal"></highlight></codeline>
<codeline lineno="27" refid="namespacetl_1a36ce4a17d54a1939d694bf6d68cf0308a7c7515c26f63d97a9f392debb0affa9c" refkind="member"><highlight class="normal"><sp/><sp/><sp/><sp/><sp/><sp/><sp/><sp/><ref refid="namespacetl_1a36ce4a17d54a1939d694bf6d68cf0308a7c7515c26f63d97a9f392debb0affa9c" kindref="member">Background</ref><sp/>=<sp/>WS_MINIMIZE,</highlight></codeline>
<codeline lineno="28" refid="namespacetl_1a36ce4a17d54a1939d694bf6d68cf0308ad03932612fa61f868ab83759cf89f8bd" refkind="member"><highlight class="normal"><sp/><sp/><sp/><sp/><sp/><sp/><sp/><sp/><ref refid="namespacetl_1a36ce4a17d54a1939d694bf6d68cf0308ad03932612fa61f868ab83759cf89f8bd" kindref="member">Fullscreen</ref><sp/>=<sp/>WS_MAXIMIZE,</highlight></codeline>
<codeline lineno="29" refid="namespacetl_1a36ce4a17d54a1939d694bf6d68cf0308afe4367e3cf35673f041e46ddcf641c58" refkind="member"><highlight class="normal"><sp/><sp/><sp/><sp/><sp/><sp/><sp/><sp/><ref refid="namespacetl_1a36ce4a17d54a1939d694bf6d68cf0308afe4367e3cf35673f041e46ddcf641c58" kindref="member">Minimize</ref><sp/>=<sp/>WS_MINIMIZEBOX,</highlight></codeline>
<codeline lineno="30" refid="namespacetl_1a36ce4a17d54a1939d694bf6d68cf0308aabdd212e2b4673d041c8d9bdf192a6da" refkind="member"><highlight class="normal"><sp/><sp/><sp/><sp/><sp/><sp/><sp/><sp/><ref refid="namespacetl_1a36ce4a17d54a1939d694bf6d68cf0308aabdd212e2b4673d041c8d9bdf192a6da" kindref="member">Maximize</ref><sp/>=<sp/>WS_MAXIMIZEBOX,</highlight></codeline>
<codeline lineno="31" refid="namespacetl_1a36ce4a17d54a1939d694bf6d68cf0308a96d5232c5dacb561d06868bddd8662cc" refkind="member"><highlight class="normal"><sp/><sp/><sp/><sp/><sp/><sp/><sp/><sp/><ref refid="namespacetl_1a36ce4a17d54a1939d694bf6d68cf0308a96d5232c5dacb561d06868bddd8662cc" kindref="member">Resize</ref><sp/>=<sp/>WS_SIZEBOX,</highlight></codeline>
<codeline lineno="32"><highlight class="normal"><sp/><sp/><sp/><sp/><sp/><sp/><sp/><sp/><ref refid="namespacetl_1a36ce4a17d54a1939d694bf6d68cf0308a37707492d112fc66861dba3bda903db8" kindref="member">Default</ref><sp/>=<sp/>WS_OVERLAPPEDWINDOW</highlight></codeline>
<codeline lineno="33" refid="namespacetl_1a36ce4a17d54a1939d694bf6d68cf0308a37707492d112fc66861dba3bda903db8" refkind="member"><highlight class="normal"><sp/><sp/><sp/><sp/>};</highlight></codeline>
<codeline lineno="34"><highlight class="normal"></highlight></codeline>
<codeline lineno="35" refid="classtl_1_1_window" refkind="compound"><highlight class="normal"><sp/><sp/><sp/><sp/></highlight><highlight class="keyword">class<sp/></highlight><highlight class="normal"><ref refid="classtl_1_1_window" kindref="compound">Window</ref></highlight></codeline>
<codeline lineno="36"><highlight class="normal"><sp/><sp/><sp/><sp/>{</highlight></codeline>
<codeline lineno="37"><highlight class="normal"><sp/><sp/><sp/><sp/></highlight><highlight class="keyword">public</highlight><highlight class="normal">:</highlight></codeline>
<codeline lineno="38"><highlight class="normal"><sp/><sp/><sp/><sp/><sp/><sp/><sp/><sp/><ref refid="classtl_1_1_window_1af7f03b9993b5f71524d989d41c3b429a" kindref="member">Window</ref>(<ref refid="structtl_1_1_vec2i" kindref="compound">Vec2i</ref><sp/>=<sp/>{800,<sp/>600},<sp/></highlight><highlight class="keyword">const</highlight><highlight class="normal"><sp/></highlight><highlight class="keywordtype">char</highlight><highlight class="normal">*<sp/>=<sp/></highlight><highlight class="stringliteral">&quot;Window&quot;</highlight><highlight class="normal">,<sp/>LONG<sp/>style<sp/>=<sp/>WS_OVERLAPPEDWINDOW);</highlight></codeline>
<codeline lineno="39"><highlight class="normal"><sp/><sp/><sp/><sp/><sp/><sp/><sp/><sp/><ref refid="classtl_1_1_window_1a3b64b0fe1dea00402c96b692d0014064" kindref="member">~Window</ref>();</highlight></codeline>
<codeline lineno="40"><highlight class="normal"></highlight></codeline>
<codeline lineno="41"><highlight class="normal"><sp/><sp/><sp/><sp/><sp/><sp/><sp/><sp/></highlight><highlight class="keywordtype">void</highlight><highlight class="normal"><sp/><ref refid="classtl_1_1_window_1a23b3c5ad850d5bfb99c2bc720a38646d" kindref="member">create</ref>(<ref refid="structtl_1_1_vec2i" kindref="compound">Vec2i</ref><sp/>=<sp/>{800,<sp/>600},<sp/></highlight><highlight class="keyword">const</highlight><highlight class="normal"><sp/></highlight><highlight class="keywordtype">char</highlight><highlight class="normal">*<sp/>=<sp/></highlight><highlight class="stringliteral">&quot;Window&quot;</highlight><highlight class="normal">,<sp/>LONG<sp/>style<sp/>=<sp/>WS_OVERLAPPEDWINDOW);</highlight></codeline>
<codeline lineno="42"><highlight class="normal"><sp/><sp/><sp/><sp/><sp/><sp/><sp/><sp/></highlight><highlight class="keywordtype">bool</highlight><highlight class="normal"><sp/><ref refid="classtl_1_1_window_1acc9900250b03144262deb12fbdb61378" kindref="member">isOpen</ref>();</highlight></codeline>
<codeline lineno="43"><highlight class="normal"><sp/><sp/><sp/><sp/><sp/><sp/><sp/><sp/></highlight><highlight class="keywordtype">void</highlight><highlight class="normal"><sp/><ref refid="classtl_1_1_window_1a6eea31ce5f9396a8761bac6ab2024532" kindref="member">draw</ref>(<ref refid="classtl_1_1_rectangle" kindref="compound">Rectangle</ref>&amp;<sp/>rectangle);</highlight></codeline>
<codeline lineno="44"><highlight class="normal"><sp/><sp/><sp/><sp/><sp/><sp/><sp/><sp/></highlight><highlight class="keywordtype">void</highlight><highlight class="normal"><sp/><ref refid="classtl_1_1_window_1a6eea31ce5f9396a8761bac6ab2024532" kindref="member">draw</ref>(<ref refid="classtl_1_1_text" kindref="compound">Text</ref>&amp;<sp/>text);</highlight></codeline>
<codeline lineno="45"><highlight class="normal"><sp/><sp/><sp/><sp/><sp/><sp/><sp/><sp/></highlight><highlight class="keywordtype">void</highlight><highlight class="normal"><sp/><ref refid="classtl_1_1_window_1a26241beb4219594aabbe85cc23db868e" kindref="member">close</ref>();</highlight></codeline>
<codeline lineno="46"><highlight class="normal"><sp/><sp/><sp/><sp/><sp/><sp/><sp/><sp/></highlight><highlight class="keywordtype">void</highlight><highlight class="normal"><sp/><ref refid="classtl_1_1_window_1a0898a946e4f5e6b7351ee99bb5aff7a1" kindref="member">clear</ref>(<ref refid="structtl_1_1_color" kindref="compound">Color</ref><sp/>color<sp/>=<sp/><ref refid="structtl_1_1_color" kindref="compound">Color</ref>(255,<sp/>255,<sp/>255,<sp/>255));</highlight></codeline>
<codeline lineno="47"><highlight class="normal"><sp/><sp/><sp/><sp/><sp/><sp/><sp/><sp/><ref refid="structtl_1_1_vec2i" kindref="compound">Vec2i</ref><sp/><ref refid="classtl_1_1_window_1a2bcf4a5045beca6be155f7fe5063e12e" kindref="member">getSize</ref>()<sp/></highlight><highlight class="keyword">const</highlight><highlight class="normal">;</highlight></codeline>
<codeline lineno="48"><highlight class="normal"><sp/><sp/><sp/><sp/><sp/><sp/><sp/><sp/></highlight><highlight class="keywordtype">void</highlight><highlight class="normal"><sp/><ref refid="classtl_1_1_window_1aeda865c38f3820ce125fe9a7219cc15b" kindref="member">setSize</ref>(<ref refid="structtl_1_1_vec2i" kindref="compound">Vec2i</ref>);</highlight></codeline>
<codeline lineno="49"><highlight class="normal"><sp/><sp/><sp/><sp/><sp/><sp/><sp/><sp/></highlight><highlight class="keywordtype">void</highlight><highlight class="normal"><sp/><ref refid="classtl_1_1_window_1a11bed767345d14978dd12cc82e8c8d84" kindref="member">setTitle</ref>(</highlight><highlight class="keyword">const</highlight><highlight class="normal"><sp/></highlight><highlight class="keywordtype">char</highlight><highlight class="normal">*<sp/>title);</highlight></codeline>
<codeline lineno="50"><highlight class="normal"><sp/><sp/><sp/><sp/><sp/><sp/><sp/><sp/></highlight><highlight class="keywordtype">void</highlight><highlight class="normal"><sp/><ref refid="classtl_1_1_window_1a9efb2affce62623dec72f2267704412b" kindref="member">setPosition</ref>(<ref refid="structtl_1_1_vec2i" kindref="compound">Vec2i</ref>);</highlight></codeline>
<codeline lineno="51"><highlight class="normal"><sp/><sp/><sp/><sp/><sp/><sp/><sp/><sp/></highlight><highlight class="keywordtype">void</highlight><highlight class="normal"><sp/><ref refid="classtl_1_1_window_1a0d292d8450a90683c9fd1414cccae12c" kindref="member">move</ref>(<ref refid="structtl_1_1_vec2i" kindref="compound">Vec2i</ref>);</highlight></codeline>
<codeline lineno="52"><highlight class="normal"><sp/><sp/><sp/><sp/><sp/><sp/><sp/><sp/><ref refid="structtl_1_1_vec2i" kindref="compound">Vec2i</ref><sp/><ref refid="classtl_1_1_window_1a622a8eaf9557f44baa439e47133e0b8c" kindref="member">getPosition</ref>()<sp/></highlight><highlight class="keyword">const</highlight><highlight class="normal">;</highlight></codeline>
<codeline lineno="53"><highlight class="normal"><sp/><sp/><sp/><sp/><sp/><sp/><sp/><sp/></highlight><highlight class="keywordtype">void</highlight><highlight class="normal"><sp/><ref refid="classtl_1_1_window_1a8c1af3d08005bd7bffdf6ddde719303b" kindref="member">display</ref>();</highlight></codeline>
<codeline lineno="54"><highlight class="normal"><sp/><sp/><sp/><sp/><sp/><sp/><sp/><sp/></highlight><highlight class="keywordtype">void</highlight><highlight class="normal"><sp/><ref refid="classtl_1_1_window_1a375d826c0ad895b2430a99f6e8f5b11d" kindref="member">limitFPS</ref>(<ref refid="namespacetl_1a027b49b4b1bb51bafeac7cac614cbf51" kindref="member">u32</ref><sp/>fps);</highlight></codeline>
<codeline lineno="55"><highlight class="normal"><sp/><sp/><sp/><sp/><sp/><sp/><sp/><sp/><ref refid="namespacetl_1a4c8bdcbc2193d28b2c445bc8e895d6cd" kindref="member">bit</ref><sp/><ref refid="classtl_1_1_window_1a7f8a9802a81f62d796bae1d0b91ab885" kindref="member">checkEvent</ref>(<ref refid="namespacetl_1a7d0bc20d8f81c8896790b9438e88bfb9" kindref="member">u8</ref><sp/>event);</highlight></codeline>
<codeline lineno="56"><highlight class="normal"><sp/><sp/><sp/><sp/><sp/><sp/><sp/><sp/></highlight><highlight class="comment">//void<sp/>setScroll(Vec2i<sp/>=<sp/>{<sp/>0,<sp/>0<sp/>});</highlight><highlight class="normal"></highlight></codeline>
<codeline lineno="57"><highlight class="normal"><sp/><sp/><sp/><sp/><sp/><sp/><sp/><sp/></highlight><highlight class="comment">//Vec2i<sp/>getScroll();</highlight><highlight class="normal"></highlight></codeline>
<codeline lineno="58"><highlight class="normal"></highlight></codeline>
<codeline lineno="59"><highlight class="normal"><sp/><sp/><sp/><sp/></highlight><highlight class="keyword">private</highlight><highlight class="normal">:</highlight></codeline>
<codeline lineno="60"><highlight class="normal"><sp/><sp/><sp/><sp/><sp/><sp/><sp/><sp/>HWND<sp/>hwnd;</highlight></codeline>
<codeline lineno="61"><highlight class="normal"><sp/><sp/><sp/><sp/><sp/><sp/><sp/><sp/></highlight><highlight class="keywordtype">bool</highlight><highlight class="normal"><sp/>windowOpen;</highlight></codeline>
<codeline lineno="62"><highlight class="normal"><sp/><sp/><sp/><sp/><sp/><sp/><sp/><sp/></highlight><highlight class="keyword">static</highlight><highlight class="normal"><sp/>LRESULT<sp/>CALLBACK<sp/>WndProc(HWND<sp/>hwnd,<sp/>UINT<sp/>msg,<sp/>WPARAM<sp/>wParam,<sp/>LPARAM<sp/>lParam);</highlight></codeline>
<codeline lineno="63"><highlight class="normal"><sp/><sp/><sp/><sp/><sp/><sp/><sp/><sp/><ref refid="namespacetl_1a413c6dc972e88526a668913ce1b06b29" kindref="member">u16</ref><sp/>maxFps<sp/>=<sp/>0;</highlight></codeline>
<codeline lineno="64"><highlight class="normal"><sp/><sp/><sp/><sp/><sp/><sp/><sp/><sp/><ref refid="namespacetl_1a904241d60278f00c7d91b31161237d62" kindref="member">u64</ref><sp/>lastFrameTime;</highlight></codeline>
<codeline lineno="65"><highlight class="normal"><sp/><sp/><sp/><sp/><sp/><sp/><sp/><sp/><ref refid="namespacetl_1a7d0bc20d8f81c8896790b9438e88bfb9" kindref="member">u8</ref><sp/>currentEvents;</highlight></codeline>
<codeline lineno="66"><highlight class="normal"></highlight><highlight class="preprocessor">#ifdef<sp/>GDI_GRAPHICS</highlight><highlight class="normal"></highlight></codeline>
<codeline lineno="67"><highlight class="normal"><sp/><sp/><sp/><sp/><sp/><sp/><sp/><sp/>_GraphicsGDI*<sp/>graphics<sp/>=<sp/></highlight><highlight class="keyword">nullptr</highlight><highlight class="normal">;</highlight></codeline>
<codeline lineno="68"><highlight class="normal"></highlight><highlight class="preprocessor">#else</highlight><highlight class="normal"></highlight></codeline>
<codeline lineno="69"><highlight class="normal"><sp/><sp/><sp/><sp/><sp/><sp/><sp/><sp/>_Graphics*<sp/>graphics<sp/>=<sp/></highlight><highlight class="keyword">nullptr</highlight><highlight class="normal">;</highlight></codeline>
<codeline lineno="70"><highlight class="normal"></highlight><highlight class="preprocessor">#endif</highlight><highlight class="normal"></highlight></codeline>
<codeline lineno="71"><highlight class="normal"><sp/><sp/><sp/><sp/>};</highlight></codeline>
<codeline lineno="72"><highlight class="normal">}</highlight></codeline>
    </programlisting>
    <location file="TinyLib/Graphics/Window.h"/>
  </compounddef>
</doxygen>
