<?xml version='1.0' encoding='UTF-8' standalone='no'?>
<doxygen xmlns:xsi="http://www.w3.org/2001/XMLSchema-instance" xsi:noNamespaceSchemaLocation="compound.xsd" version="1.12.0" xml:lang="en-US">
  <compounddef id="_window_8cpp" kind="file" language="C++">
    <compoundname>Window.cpp</compoundname>
    <includes refid="_window_8h" local="yes">Window.h</includes>
    <incdepgraph>
      <node id="15">
        <label>../Base/BaseCategory.h</label>
        <link refid="_base_category_8h"/>
        <childnode refid="13" relation="include">
        </childnode>
        <childnode refid="16" relation="include">
        </childnode>
        <childnode refid="17" relation="include">
        </childnode>
        <childnode refid="18" relation="include">
        </childnode>
        <childnode refid="19" relation="include">
        </childnode>
      </node>
      <node id="18">
        <label>Memory.h</label>
        <link refid="_memory_8h"/>
        <childnode refid="3" relation="include">
        </childnode>
      </node>
      <node id="16">
        <label>Time.h</label>
        <link refid="_time_8h"/>
        <childnode refid="13" relation="include">
        </childnode>
        <childnode refid="3" relation="include">
        </childnode>
      </node>
      <node id="13">
        <label>../Base/Types.h</label>
        <link refid="_types_8h"/>
      </node>
      <node id="19">
        <label>Util.h</label>
        <link refid="_util_8h"/>
        <childnode refid="3" relation="include">
        </childnode>
        <childnode refid="13" relation="include">
        </childnode>
      </node>
      <node id="17">
        <label>Vector.h</label>
        <link refid="_vector_8h"/>
        <childnode refid="18" relation="include">
        </childnode>
      </node>
      <node id="3">
        <label>../Base/Win/WinAPI.h</label>
        <link refid="_win_a_p_i_8h"/>
        <childnode refid="4" relation="include">
        </childnode>
        <childnode refid="5" relation="include">
        </childnode>
        <childnode refid="6" relation="include">
        </childnode>
        <childnode refid="7" relation="include">
        </childnode>
        <childnode refid="8" relation="include">
        </childnode>
        <childnode refid="9" relation="include">
        </childnode>
        <childnode refid="10" relation="include">
        </childnode>
        <childnode refid="11" relation="include">
        </childnode>
      </node>
      <node id="12">
        <label>Drawable.h</label>
        <link refid="_drawable_8h"/>
        <childnode refid="13" relation="include">
        </childnode>
        <childnode refid="3" relation="include">
        </childnode>
      </node>
      <node id="14">
        <label>Rectangle.h</label>
        <link refid="_rectangle_8h"/>
        <childnode refid="12" relation="include">
        </childnode>
        <childnode refid="15" relation="include">
        </childnode>
        <childnode refid="3" relation="include">
        </childnode>
      </node>
      <node id="22">
        <label>Text.h</label>
        <link refid="_text_8h"/>
        <childnode refid="15" relation="include">
        </childnode>
        <childnode refid="12" relation="include">
        </childnode>
      </node>
      <node id="1">
        <label>TinyLib/Graphics/Window.cpp</label>
        <link refid="_window_8cpp"/>
        <childnode refid="2" relation="include">
        </childnode>
      </node>
      <node id="2">
        <label>Window.h</label>
        <link refid="_window_8h"/>
        <childnode refid="3" relation="include">
        </childnode>
        <childnode refid="12" relation="include">
        </childnode>
        <childnode refid="14" relation="include">
        </childnode>
        <childnode refid="20" relation="include">
        </childnode>
        <childnode refid="21" relation="include">
        </childnode>
        <childnode refid="22" relation="include">
        </childnode>
        <childnode refid="15" relation="include">
        </childnode>
      </node>
      <node id="8">
        <label>DirectXMath.h</label>
      </node>
      <node id="21">
        <label>GDI.h</label>
      </node>
      <node id="20">
        <label>Graphics.h</label>
      </node>
      <node id="4">
        <label>Windows.h</label>
      </node>
      <node id="11">
        <label>d2d1.h</label>
      </node>
      <node id="5">
        <label>d3d11.h</label>
      </node>
      <node id="7">
        <label>d3dcompiler.h</label>
      </node>
      <node id="10">
        <label>dwrite.h</label>
      </node>
      <node id="6">
        <label>dxgi1_2.h</label>
      </node>
      <node id="9">
        <label>wrl/client.h</label>
      </node>
    </incdepgraph>
    <innernamespace refid="namespacetl">tl</innernamespace>
    <briefdescription>
    </briefdescription>
    <detaileddescription>
    </detaileddescription>
    <programlisting>
<codeline lineno="1"><highlight class="preprocessor">#include<sp/>&quot;<ref refid="_window_8h" kindref="compound">Window.h</ref>&quot;</highlight><highlight class="normal"></highlight></codeline>
<codeline lineno="2"><highlight class="normal"></highlight></codeline>
<codeline lineno="3"><highlight class="normal"></highlight></codeline>
<codeline lineno="4"><highlight class="normal"></highlight><highlight class="keyword">namespace<sp/></highlight><highlight class="normal"><ref refid="namespacetl" kindref="compound">tl</ref></highlight></codeline>
<codeline lineno="5"><highlight class="normal">{</highlight></codeline>
<codeline lineno="15"><highlight class="normal"><sp/><sp/><sp/><sp/>LRESULT<sp/>CALLBACK<sp/>Window::WndProc(HWND<sp/>hwnd,<sp/>UINT<sp/>msg,<sp/>WPARAM<sp/>wParam,<sp/>LPARAM<sp/>lParam)</highlight></codeline>
<codeline lineno="16"><highlight class="normal"><sp/><sp/><sp/><sp/>{</highlight></codeline>
<codeline lineno="17"><highlight class="normal"><sp/><sp/><sp/><sp/><sp/><sp/><sp/><sp/><ref refid="classtl_1_1_window_1af7f03b9993b5f71524d989d41c3b429a" kindref="member">Window</ref>*<sp/>window<sp/>=<sp/></highlight><highlight class="keyword">reinterpret_cast&lt;</highlight><highlight class="normal"><ref refid="classtl_1_1_window_1af7f03b9993b5f71524d989d41c3b429a" kindref="member">Window</ref>*</highlight><highlight class="keyword">&gt;</highlight><highlight class="normal">(GetWindowLongPtr(hwnd,<sp/>GWLP_USERDATA));</highlight></codeline>
<codeline lineno="18"><highlight class="normal"><sp/><sp/><sp/><sp/><sp/><sp/><sp/><sp/></highlight><highlight class="keywordflow">if</highlight><highlight class="normal"><sp/>(window<sp/>==<sp/></highlight><highlight class="keyword">nullptr</highlight><highlight class="normal">)</highlight></codeline>
<codeline lineno="19"><highlight class="normal"><sp/><sp/><sp/><sp/><sp/><sp/><sp/><sp/><sp/><sp/><sp/><sp/></highlight><highlight class="keywordflow">return</highlight><highlight class="normal"><sp/>DefWindowProc(hwnd,<sp/>msg,<sp/>wParam,<sp/>lParam);</highlight></codeline>
<codeline lineno="20"><highlight class="normal"></highlight></codeline>
<codeline lineno="21"><highlight class="normal"><sp/><sp/><sp/><sp/><sp/><sp/><sp/><sp/></highlight><highlight class="keywordflow">switch</highlight><highlight class="normal"><sp/>(msg)</highlight></codeline>
<codeline lineno="22"><highlight class="normal"><sp/><sp/><sp/><sp/><sp/><sp/><sp/><sp/>{</highlight></codeline>
<codeline lineno="23"><highlight class="normal"><sp/><sp/><sp/><sp/><sp/><sp/><sp/><sp/></highlight><highlight class="keywordflow">case</highlight><highlight class="normal"><sp/>WM_CLOSE:</highlight></codeline>
<codeline lineno="24"><highlight class="normal"><sp/><sp/><sp/><sp/><sp/><sp/><sp/><sp/><sp/><sp/><sp/><sp/>window-&gt;currentEvents<sp/>|=<sp/><ref refid="namespacetl_1a7e2989f2c8039c3f533555e5255c654da5be4e5d266410d4098330ef298d0a590" kindref="member">Event::Closed</ref>;</highlight></codeline>
<codeline lineno="25"><highlight class="normal"><sp/><sp/><sp/><sp/><sp/><sp/><sp/><sp/><sp/><sp/><sp/><sp/></highlight><highlight class="keywordflow">return</highlight><highlight class="normal"><sp/>0;</highlight></codeline>
<codeline lineno="26"><highlight class="normal"><sp/><sp/><sp/><sp/><sp/><sp/><sp/><sp/><sp/><sp/><sp/><sp/></highlight><highlight class="keywordflow">break</highlight><highlight class="normal">;</highlight></codeline>
<codeline lineno="27"><highlight class="normal"><sp/><sp/><sp/><sp/><sp/><sp/><sp/><sp/></highlight><highlight class="keywordflow">case</highlight><highlight class="normal"><sp/>WM_DESTROY:</highlight></codeline>
<codeline lineno="28"><highlight class="normal"><sp/><sp/><sp/><sp/><sp/><sp/><sp/><sp/><sp/><sp/><sp/><sp/>PostQuitMessage(0);</highlight></codeline>
<codeline lineno="29"><highlight class="normal"><sp/><sp/><sp/><sp/><sp/><sp/><sp/><sp/><sp/><sp/><sp/><sp/></highlight><highlight class="keywordflow">return</highlight><highlight class="normal"><sp/>0;</highlight></codeline>
<codeline lineno="30"><highlight class="normal"><sp/><sp/><sp/><sp/><sp/><sp/><sp/><sp/><sp/><sp/><sp/><sp/></highlight><highlight class="keywordflow">break</highlight><highlight class="normal">;</highlight></codeline>
<codeline lineno="31"><highlight class="normal"><sp/><sp/><sp/><sp/><sp/><sp/><sp/><sp/></highlight><highlight class="keywordflow">case</highlight><highlight class="normal"><sp/>WM_MOVE:</highlight></codeline>
<codeline lineno="32"><highlight class="normal"><sp/><sp/><sp/><sp/><sp/><sp/><sp/><sp/><sp/><sp/><sp/><sp/>window-&gt;currentEvents<sp/>|=<sp/><ref refid="namespacetl_1a7e2989f2c8039c3f533555e5255c654daed0acb15944cd2abce85da77065f7ba0" kindref="member">Event::Moved</ref>;</highlight></codeline>
<codeline lineno="33"><highlight class="normal"><sp/><sp/><sp/><sp/><sp/><sp/><sp/><sp/><sp/><sp/><sp/><sp/></highlight><highlight class="keywordflow">return</highlight><highlight class="normal"><sp/>0;</highlight></codeline>
<codeline lineno="34"><highlight class="normal"><sp/><sp/><sp/><sp/><sp/><sp/><sp/><sp/><sp/><sp/><sp/><sp/></highlight><highlight class="keywordflow">break</highlight><highlight class="normal">;</highlight></codeline>
<codeline lineno="35"><highlight class="normal"><sp/><sp/><sp/><sp/><sp/><sp/><sp/><sp/></highlight><highlight class="keywordflow">case</highlight><highlight class="normal"><sp/>WM_SIZE:</highlight></codeline>
<codeline lineno="36"><highlight class="normal"><sp/><sp/><sp/><sp/><sp/><sp/><sp/><sp/><sp/><sp/><sp/><sp/>window-&gt;currentEvents<sp/>|=<sp/><ref refid="namespacetl_1a7e2989f2c8039c3f533555e5255c654da60573197598e5aa232348f6efb3f7066" kindref="member">Event::Resized</ref>;</highlight></codeline>
<codeline lineno="37"><highlight class="normal"><sp/><sp/><sp/><sp/><sp/><sp/><sp/><sp/><sp/><sp/><sp/><sp/></highlight><highlight class="keywordflow">return</highlight><highlight class="normal"><sp/>0;</highlight></codeline>
<codeline lineno="38"><highlight class="normal"><sp/><sp/><sp/><sp/><sp/><sp/><sp/><sp/><sp/><sp/><sp/><sp/></highlight><highlight class="keywordflow">break</highlight><highlight class="normal">;</highlight></codeline>
<codeline lineno="39"><highlight class="normal"><sp/><sp/><sp/><sp/><sp/><sp/><sp/><sp/></highlight><highlight class="keywordflow">default</highlight><highlight class="normal">:</highlight></codeline>
<codeline lineno="40"><highlight class="normal"><sp/><sp/><sp/><sp/><sp/><sp/><sp/><sp/><sp/><sp/><sp/><sp/></highlight><highlight class="keywordflow">return</highlight><highlight class="normal"><sp/>DefWindowProc(hwnd,<sp/>msg,<sp/>wParam,<sp/>lParam);</highlight></codeline>
<codeline lineno="41"><highlight class="normal"><sp/><sp/><sp/><sp/><sp/><sp/><sp/><sp/>}</highlight></codeline>
<codeline lineno="42"><highlight class="normal"><sp/><sp/><sp/><sp/>}</highlight></codeline>
<codeline lineno="43"><highlight class="normal"></highlight></codeline>
<codeline lineno="44"><highlight class="normal"></highlight></codeline>
<codeline lineno="53" refid="classtl_1_1_window_1af7f03b9993b5f71524d989d41c3b429a" refkind="member"><highlight class="normal"><sp/><sp/><sp/><sp/><ref refid="classtl_1_1_window_1af7f03b9993b5f71524d989d41c3b429a" kindref="member">Window::Window</ref>(<ref refid="structtl_1_1_vec2i" kindref="compound">Vec2i</ref><sp/>size,<sp/></highlight><highlight class="keyword">const</highlight><highlight class="normal"><sp/></highlight><highlight class="keywordtype">char</highlight><highlight class="normal">*<sp/>title,<sp/>LONG<sp/>style)</highlight></codeline>
<codeline lineno="54"><highlight class="normal"><sp/><sp/><sp/><sp/>{</highlight></codeline>
<codeline lineno="55"><highlight class="normal"><sp/><sp/><sp/><sp/><sp/><sp/><sp/><sp/><ref refid="classtl_1_1_window_1a23b3c5ad850d5bfb99c2bc720a38646d" kindref="member">create</ref>({size.<ref refid="structtl_1_1_vec2i_1a41e041952704574074609118c0427518" kindref="member">x</ref>,<sp/>size.<ref refid="structtl_1_1_vec2i_1a19708a6226be471f6c28cc04ebd16287" kindref="member">y</ref>},<sp/>title,<sp/>style);</highlight></codeline>
<codeline lineno="56"><highlight class="normal"><sp/><sp/><sp/><sp/>}</highlight></codeline>
<codeline lineno="57"><highlight class="normal"></highlight></codeline>
<codeline lineno="58"><highlight class="normal"></highlight></codeline>
<codeline lineno="60" refid="classtl_1_1_window_1a3b64b0fe1dea00402c96b692d0014064" refkind="member"><highlight class="normal"><sp/><sp/><sp/><sp/><ref refid="classtl_1_1_window_1a3b64b0fe1dea00402c96b692d0014064" kindref="member">Window::~Window</ref>()</highlight></codeline>
<codeline lineno="61"><highlight class="normal"><sp/><sp/><sp/><sp/>{</highlight></codeline>
<codeline lineno="62"><highlight class="normal"><sp/><sp/><sp/><sp/><sp/><sp/><sp/><sp/></highlight><highlight class="keyword">delete</highlight><highlight class="normal"><sp/>graphics;</highlight></codeline>
<codeline lineno="63"><highlight class="normal"><sp/><sp/><sp/><sp/><sp/><sp/><sp/><sp/>DestroyWindow(hwnd);</highlight></codeline>
<codeline lineno="64"><highlight class="normal"><sp/><sp/><sp/><sp/>}</highlight></codeline>
<codeline lineno="65"><highlight class="normal"></highlight></codeline>
<codeline lineno="66"><highlight class="normal"></highlight></codeline>
<codeline lineno="73" refid="classtl_1_1_window_1a23b3c5ad850d5bfb99c2bc720a38646d" refkind="member"><highlight class="normal"><sp/><sp/><sp/><sp/></highlight><highlight class="keywordtype">void</highlight><highlight class="normal"><sp/><ref refid="classtl_1_1_window_1a23b3c5ad850d5bfb99c2bc720a38646d" kindref="member">Window::create</ref>(<ref refid="structtl_1_1_vec2i" kindref="compound">Vec2i</ref><sp/>size,<sp/></highlight><highlight class="keyword">const</highlight><highlight class="normal"><sp/></highlight><highlight class="keywordtype">char</highlight><highlight class="normal">*<sp/>title,<sp/>LONG<sp/>style)</highlight></codeline>
<codeline lineno="74"><highlight class="normal"><sp/><sp/><sp/><sp/>{</highlight></codeline>
<codeline lineno="75"><highlight class="normal"><sp/><sp/><sp/><sp/><sp/><sp/><sp/><sp/></highlight><highlight class="comment">//<sp/>Create<sp/>the<sp/>window<sp/>first</highlight><highlight class="normal"></highlight></codeline>
<codeline lineno="76"><highlight class="normal"><sp/><sp/><sp/><sp/><sp/><sp/><sp/><sp/>WNDCLASSA<sp/>wc<sp/>=<sp/>{};</highlight></codeline>
<codeline lineno="77"><highlight class="normal"><sp/><sp/><sp/><sp/><sp/><sp/><sp/><sp/>wc.style<sp/>=<sp/>CS_HREDRAW<sp/>|<sp/>CS_VREDRAW;</highlight></codeline>
<codeline lineno="78"><highlight class="normal"><sp/><sp/><sp/><sp/><sp/><sp/><sp/><sp/>wc.lpfnWndProc<sp/>=<sp/>WndProc;</highlight></codeline>
<codeline lineno="79"><highlight class="normal"><sp/><sp/><sp/><sp/><sp/><sp/><sp/><sp/>wc.hInstance<sp/>=<sp/>GetModuleHandle(NULL);</highlight></codeline>
<codeline lineno="80"><highlight class="normal"><sp/><sp/><sp/><sp/><sp/><sp/><sp/><sp/>wc.hCursor<sp/>=<sp/>LoadCursor(NULL,<sp/>IDC_ARROW);</highlight></codeline>
<codeline lineno="81"><highlight class="normal"><sp/><sp/><sp/><sp/><sp/><sp/><sp/><sp/></highlight><highlight class="keywordtype">char</highlight><highlight class="normal"><sp/>className[13];</highlight></codeline>
<codeline lineno="82"><highlight class="normal"><sp/><sp/><sp/><sp/><sp/><sp/><sp/><sp/>wsprintfA(className,<sp/></highlight><highlight class="stringliteral">&quot;TL%u&quot;</highlight><highlight class="normal">,<sp/>GetCurrentProcessId());</highlight></codeline>
<codeline lineno="83"><highlight class="normal"><sp/><sp/><sp/><sp/><sp/><sp/><sp/><sp/>wc.lpszClassName<sp/>=<sp/>className;</highlight></codeline>
<codeline lineno="84"><highlight class="normal"></highlight></codeline>
<codeline lineno="85"><highlight class="normal"><sp/><sp/><sp/><sp/><sp/><sp/><sp/><sp/>RegisterClassA(&amp;wc);</highlight></codeline>
<codeline lineno="86"><highlight class="normal"></highlight></codeline>
<codeline lineno="87"><highlight class="normal"><sp/><sp/><sp/><sp/><sp/><sp/><sp/><sp/>RECT<sp/>rect<sp/>=<sp/>{<sp/>0,<sp/>0,<sp/>size.<ref refid="structtl_1_1_vec2i_1a41e041952704574074609118c0427518" kindref="member">x</ref>,<sp/>size.<ref refid="structtl_1_1_vec2i_1a19708a6226be471f6c28cc04ebd16287" kindref="member">y</ref><sp/>};</highlight></codeline>
<codeline lineno="88"><highlight class="normal"><sp/><sp/><sp/><sp/><sp/><sp/><sp/><sp/>AdjustWindowRect(&amp;rect,<sp/>style<sp/>|<sp/>WS_VISIBLE,<sp/>FALSE);</highlight></codeline>
<codeline lineno="89"><highlight class="normal"></highlight></codeline>
<codeline lineno="90"><highlight class="normal"><sp/><sp/><sp/><sp/><sp/><sp/><sp/><sp/>hwnd<sp/>=<sp/>CreateWindowA(</highlight></codeline>
<codeline lineno="91"><highlight class="normal"><sp/><sp/><sp/><sp/><sp/><sp/><sp/><sp/><sp/><sp/><sp/><sp/>wc.lpszClassName,<sp/>title,</highlight></codeline>
<codeline lineno="92"><highlight class="normal"><sp/><sp/><sp/><sp/><sp/><sp/><sp/><sp/><sp/><sp/><sp/><sp/>style<sp/>|<sp/>WS_VISIBLE,</highlight></codeline>
<codeline lineno="93"><highlight class="normal"><sp/><sp/><sp/><sp/><sp/><sp/><sp/><sp/><sp/><sp/><sp/><sp/>CW_USEDEFAULT,<sp/>CW_USEDEFAULT,<sp/>rect.right<sp/>-<sp/>rect.left,<sp/>rect.bottom<sp/>-<sp/>rect.top,</highlight></codeline>
<codeline lineno="94"><highlight class="normal"><sp/><sp/><sp/><sp/><sp/><sp/><sp/><sp/><sp/><sp/><sp/><sp/>NULL,<sp/>NULL,<sp/>wc.hInstance,<sp/>NULL</highlight></codeline>
<codeline lineno="95"><highlight class="normal"><sp/><sp/><sp/><sp/><sp/><sp/><sp/><sp/>);</highlight></codeline>
<codeline lineno="96"><highlight class="normal"><sp/><sp/><sp/><sp/><sp/><sp/><sp/><sp/></highlight></codeline>
<codeline lineno="97"><highlight class="normal"></highlight><highlight class="preprocessor">#ifdef<sp/>GDI_GRAPHICS</highlight><highlight class="normal"></highlight></codeline>
<codeline lineno="98"><highlight class="normal"><sp/><sp/><sp/><sp/><sp/><sp/><sp/><sp/>graphics<sp/>=<sp/></highlight><highlight class="keyword">new</highlight><highlight class="normal"><sp/>_GraphicsGDI(hwnd,<sp/>size.<ref refid="structtl_1_1_vec2i_1a41e041952704574074609118c0427518" kindref="member">x</ref>,<sp/>size.<ref refid="structtl_1_1_vec2i_1a19708a6226be471f6c28cc04ebd16287" kindref="member">y</ref>);</highlight></codeline>
<codeline lineno="99"><highlight class="normal"></highlight><highlight class="preprocessor">#else</highlight><highlight class="normal"></highlight></codeline>
<codeline lineno="100"><highlight class="normal"><sp/><sp/><sp/><sp/><sp/><sp/><sp/><sp/>graphics<sp/>=<sp/></highlight><highlight class="keyword">new</highlight><highlight class="normal"><sp/>_Graphics(hwnd,<sp/>size.<ref refid="structtl_1_1_vec2i_1a41e041952704574074609118c0427518" kindref="member">x</ref>,<sp/>size.<ref refid="structtl_1_1_vec2i_1a19708a6226be471f6c28cc04ebd16287" kindref="member">y</ref>);</highlight></codeline>
<codeline lineno="101"><highlight class="normal"></highlight><highlight class="preprocessor">#endif</highlight><highlight class="normal"></highlight></codeline>
<codeline lineno="102"><highlight class="normal"></highlight></codeline>
<codeline lineno="103"><highlight class="normal"><sp/><sp/><sp/><sp/><sp/><sp/><sp/><sp/>windowOpen<sp/>=<sp/></highlight><highlight class="keyword">true</highlight><highlight class="normal">;</highlight></codeline>
<codeline lineno="104"><highlight class="normal"><sp/><sp/><sp/><sp/><sp/><sp/><sp/><sp/>ShowWindow(hwnd,<sp/>SW_SHOW);</highlight></codeline>
<codeline lineno="105"><highlight class="normal"></highlight></codeline>
<codeline lineno="106"><highlight class="normal"><sp/><sp/><sp/><sp/><sp/><sp/><sp/><sp/>SetWindowLongPtr(hwnd,<sp/>GWLP_USERDATA,<sp/></highlight><highlight class="keyword">reinterpret_cast&lt;</highlight><highlight class="normal">LONG_PTR</highlight><highlight class="keyword">&gt;</highlight><highlight class="normal">(</highlight><highlight class="keyword">this</highlight><highlight class="normal">));</highlight></codeline>
<codeline lineno="107"><highlight class="normal"><sp/><sp/><sp/><sp/>}</highlight></codeline>
<codeline lineno="108"><highlight class="normal"></highlight></codeline>
<codeline lineno="109"><highlight class="normal"></highlight></codeline>
<codeline lineno="115" refid="classtl_1_1_window_1acc9900250b03144262deb12fbdb61378" refkind="member"><highlight class="normal"><sp/><sp/><sp/><sp/></highlight><highlight class="keywordtype">bool</highlight><highlight class="normal"><sp/><ref refid="classtl_1_1_window_1acc9900250b03144262deb12fbdb61378" kindref="member">Window::isOpen</ref>()</highlight></codeline>
<codeline lineno="116"><highlight class="normal"><sp/><sp/><sp/><sp/>{</highlight></codeline>
<codeline lineno="117"><highlight class="normal"><sp/><sp/><sp/><sp/><sp/><sp/><sp/><sp/></highlight><highlight class="keywordflow">if</highlight><highlight class="normal"><sp/>(maxFps<sp/>&gt;<sp/>0)</highlight></codeline>
<codeline lineno="118"><highlight class="normal"><sp/><sp/><sp/><sp/><sp/><sp/><sp/><sp/>{</highlight></codeline>
<codeline lineno="119"><highlight class="normal"><sp/><sp/><sp/><sp/><sp/><sp/><sp/><sp/><sp/><sp/><sp/><sp/><ref refid="namespacetl_1a904241d60278f00c7d91b31161237d62" kindref="member">u64</ref><sp/>currentTime<sp/>=<sp/><ref refid="classtl_1_1_time_1a4cc3ff829d334cf59c3aacb0ab181c0e" kindref="member">Time::currentTime</ref>();</highlight></codeline>
<codeline lineno="120"><highlight class="normal"><sp/><sp/><sp/><sp/><sp/><sp/><sp/><sp/><sp/><sp/><sp/><sp/><ref refid="namespacetl_1a904241d60278f00c7d91b31161237d62" kindref="member">u64</ref><sp/>frameDuration<sp/>=<sp/>1000<sp/>/<sp/>maxFps;</highlight></codeline>
<codeline lineno="121"><highlight class="normal"><sp/><sp/><sp/><sp/><sp/><sp/><sp/><sp/><sp/><sp/><sp/><sp/></highlight><highlight class="keywordflow">if</highlight><highlight class="normal"><sp/>(currentTime<sp/>-<sp/>lastFrameTime<sp/>&lt;<sp/>frameDuration)</highlight></codeline>
<codeline lineno="122"><highlight class="normal"><sp/><sp/><sp/><sp/><sp/><sp/><sp/><sp/><sp/><sp/><sp/><sp/><sp/><sp/><sp/><sp/>Sleep(frameDuration<sp/>-<sp/>(currentTime<sp/>-<sp/>lastFrameTime));</highlight></codeline>
<codeline lineno="123"><highlight class="normal"><sp/><sp/><sp/><sp/><sp/><sp/><sp/><sp/><sp/><sp/><sp/><sp/>lastFrameTime<sp/>=<sp/><ref refid="classtl_1_1_time_1a4cc3ff829d334cf59c3aacb0ab181c0e" kindref="member">Time::currentTime</ref>();</highlight></codeline>
<codeline lineno="124"><highlight class="normal"><sp/><sp/><sp/><sp/><sp/><sp/><sp/><sp/>}</highlight></codeline>
<codeline lineno="125"><highlight class="normal"></highlight></codeline>
<codeline lineno="126"><highlight class="normal"><sp/><sp/><sp/><sp/><sp/><sp/><sp/><sp/>currentEvents<sp/>=<sp/>0;</highlight></codeline>
<codeline lineno="127"><highlight class="normal"></highlight></codeline>
<codeline lineno="128"><highlight class="normal"><sp/><sp/><sp/><sp/><sp/><sp/><sp/><sp/>MSG<sp/>msg;</highlight></codeline>
<codeline lineno="129"><highlight class="normal"><sp/><sp/><sp/><sp/><sp/><sp/><sp/><sp/></highlight><highlight class="keywordflow">while</highlight><highlight class="normal"><sp/>(PeekMessage(&amp;msg,<sp/>NULL,<sp/>0,<sp/>0,<sp/>PM_REMOVE))</highlight></codeline>
<codeline lineno="130"><highlight class="normal"><sp/><sp/><sp/><sp/><sp/><sp/><sp/><sp/>{</highlight></codeline>
<codeline lineno="131"><highlight class="normal"><sp/><sp/><sp/><sp/><sp/><sp/><sp/><sp/><sp/><sp/><sp/><sp/>{</highlight></codeline>
<codeline lineno="132"><highlight class="normal"><sp/><sp/><sp/><sp/><sp/><sp/><sp/><sp/><sp/><sp/><sp/><sp/><sp/><sp/><sp/><sp/>TranslateMessage(&amp;msg);</highlight></codeline>
<codeline lineno="133"><highlight class="normal"><sp/><sp/><sp/><sp/><sp/><sp/><sp/><sp/><sp/><sp/><sp/><sp/><sp/><sp/><sp/><sp/>DispatchMessage(&amp;msg);</highlight></codeline>
<codeline lineno="134"><highlight class="normal"><sp/><sp/><sp/><sp/><sp/><sp/><sp/><sp/><sp/><sp/><sp/><sp/>}</highlight></codeline>
<codeline lineno="135"><highlight class="normal"><sp/><sp/><sp/><sp/><sp/><sp/><sp/><sp/>}</highlight></codeline>
<codeline lineno="136"><highlight class="normal"></highlight></codeline>
<codeline lineno="137"><highlight class="normal"><sp/><sp/><sp/><sp/><sp/><sp/><sp/><sp/></highlight><highlight class="keywordflow">return</highlight><highlight class="normal"><sp/>windowOpen;</highlight></codeline>
<codeline lineno="138"><highlight class="normal"><sp/><sp/><sp/><sp/>}</highlight></codeline>
<codeline lineno="139"><highlight class="normal"></highlight></codeline>
<codeline lineno="140"><highlight class="normal"></highlight></codeline>
<codeline lineno="143" refid="classtl_1_1_window_1a6eea31ce5f9396a8761bac6ab2024532" refkind="member"><highlight class="normal"><sp/><sp/><sp/><sp/></highlight><highlight class="keywordtype">void</highlight><highlight class="normal"><sp/><ref refid="classtl_1_1_window_1a6eea31ce5f9396a8761bac6ab2024532" kindref="member">Window::draw</ref>(<ref refid="classtl_1_1_rectangle" kindref="compound">Rectangle</ref>&amp;<sp/>rectangle)</highlight></codeline>
<codeline lineno="144"><highlight class="normal"><sp/><sp/><sp/><sp/>{</highlight></codeline>
<codeline lineno="145"><highlight class="normal"><sp/><sp/><sp/><sp/><sp/><sp/><sp/><sp/>graphics-&gt;draw(rectangle);</highlight></codeline>
<codeline lineno="146"><highlight class="normal"><sp/><sp/><sp/><sp/>}</highlight></codeline>
<codeline lineno="147"><highlight class="normal"></highlight></codeline>
<codeline lineno="148"><highlight class="normal"></highlight></codeline>
<codeline lineno="151" refid="classtl_1_1_window_1a9840a8d047b1f9e4b8803e0fef20006a" refkind="member"><highlight class="normal"><sp/><sp/><sp/><sp/></highlight><highlight class="keywordtype">void</highlight><highlight class="normal"><sp/><ref refid="classtl_1_1_window_1a6eea31ce5f9396a8761bac6ab2024532" kindref="member">Window::draw</ref>(<ref refid="classtl_1_1_text" kindref="compound">Text</ref>&amp;<sp/>text)</highlight></codeline>
<codeline lineno="152"><highlight class="normal"><sp/><sp/><sp/><sp/>{</highlight></codeline>
<codeline lineno="153"><highlight class="normal"><sp/><sp/><sp/><sp/><sp/><sp/><sp/><sp/>graphics-&gt;draw(text);</highlight></codeline>
<codeline lineno="154"><highlight class="normal"><sp/><sp/><sp/><sp/>}</highlight></codeline>
<codeline lineno="155"><highlight class="normal"></highlight></codeline>
<codeline lineno="156"><highlight class="normal"></highlight></codeline>
<codeline lineno="158" refid="classtl_1_1_window_1a26241beb4219594aabbe85cc23db868e" refkind="member"><highlight class="normal"><sp/><sp/><sp/><sp/></highlight><highlight class="keywordtype">void</highlight><highlight class="normal"><sp/><ref refid="classtl_1_1_window_1a26241beb4219594aabbe85cc23db868e" kindref="member">Window::close</ref>()</highlight></codeline>
<codeline lineno="159"><highlight class="normal"><sp/><sp/><sp/><sp/>{</highlight></codeline>
<codeline lineno="160"><highlight class="normal"><sp/><sp/><sp/><sp/><sp/><sp/><sp/><sp/>windowOpen<sp/>=<sp/></highlight><highlight class="keyword">false</highlight><highlight class="normal">;</highlight></codeline>
<codeline lineno="161"><highlight class="normal"><sp/><sp/><sp/><sp/><sp/><sp/><sp/><sp/>DestroyWindow(hwnd);</highlight></codeline>
<codeline lineno="162"><highlight class="normal"><sp/><sp/><sp/><sp/>}</highlight></codeline>
<codeline lineno="163"><highlight class="normal"></highlight></codeline>
<codeline lineno="164"><highlight class="normal"></highlight></codeline>
<codeline lineno="167" refid="classtl_1_1_window_1a0898a946e4f5e6b7351ee99bb5aff7a1" refkind="member"><highlight class="normal"><sp/><sp/><sp/><sp/></highlight><highlight class="keywordtype">void</highlight><highlight class="normal"><sp/><ref refid="classtl_1_1_window_1a0898a946e4f5e6b7351ee99bb5aff7a1" kindref="member">Window::clear</ref>(<ref refid="structtl_1_1_color" kindref="compound">Color</ref><sp/>color)</highlight></codeline>
<codeline lineno="168"><highlight class="normal"><sp/><sp/><sp/><sp/>{</highlight></codeline>
<codeline lineno="169"><highlight class="normal"><sp/><sp/><sp/><sp/><sp/><sp/><sp/><sp/>graphics-&gt;clear(color);</highlight></codeline>
<codeline lineno="170"><highlight class="normal"><sp/><sp/><sp/><sp/>}</highlight></codeline>
<codeline lineno="171"><highlight class="normal"></highlight></codeline>
<codeline lineno="172"><highlight class="normal"></highlight></codeline>
<codeline lineno="174" refid="classtl_1_1_window_1a8c1af3d08005bd7bffdf6ddde719303b" refkind="member"><highlight class="normal"><sp/><sp/><sp/><sp/></highlight><highlight class="keywordtype">void</highlight><highlight class="normal"><sp/><ref refid="classtl_1_1_window_1a8c1af3d08005bd7bffdf6ddde719303b" kindref="member">Window::display</ref>()</highlight></codeline>
<codeline lineno="175"><highlight class="normal"><sp/><sp/><sp/><sp/>{</highlight></codeline>
<codeline lineno="176"><highlight class="normal"><sp/><sp/><sp/><sp/><sp/><sp/><sp/><sp/>graphics-&gt;display();</highlight></codeline>
<codeline lineno="177"><highlight class="normal"><sp/><sp/><sp/><sp/>}</highlight></codeline>
<codeline lineno="178"><highlight class="normal"></highlight></codeline>
<codeline lineno="179"><highlight class="normal"></highlight></codeline>
<codeline lineno="182" refid="classtl_1_1_window_1a2bcf4a5045beca6be155f7fe5063e12e" refkind="member"><highlight class="normal"><sp/><sp/><sp/><sp/><ref refid="structtl_1_1_vec2i" kindref="compound">Vec2i</ref><sp/><ref refid="classtl_1_1_window_1a2bcf4a5045beca6be155f7fe5063e12e" kindref="member">Window::getSize</ref>()</highlight><highlight class="keyword"><sp/>const</highlight></codeline>
<codeline lineno="183"><highlight class="keyword"><sp/><sp/><sp/><sp/></highlight><highlight class="normal">{</highlight></codeline>
<codeline lineno="184"><highlight class="normal"><sp/><sp/><sp/><sp/><sp/><sp/><sp/><sp/>RECT<sp/>rect;</highlight></codeline>
<codeline lineno="185"><highlight class="normal"><sp/><sp/><sp/><sp/><sp/><sp/><sp/><sp/>GetClientRect(hwnd,<sp/>&amp;rect);</highlight></codeline>
<codeline lineno="186"><highlight class="normal"><sp/><sp/><sp/><sp/><sp/><sp/><sp/><sp/></highlight><highlight class="keywordflow">return</highlight><highlight class="normal"><sp/><ref refid="structtl_1_1_vec2i" kindref="compound">Vec2i</ref>(<ref refid="namespacetl_1a265a9f7c42ef723ea69373d72f9cf195" kindref="member">s32</ref>(rect.right),<sp/><ref refid="namespacetl_1a265a9f7c42ef723ea69373d72f9cf195" kindref="member">s32</ref>(rect.bottom));</highlight></codeline>
<codeline lineno="187"><highlight class="normal"><sp/><sp/><sp/><sp/>}</highlight></codeline>
<codeline lineno="188"><highlight class="normal"></highlight></codeline>
<codeline lineno="189"><highlight class="normal"></highlight></codeline>
<codeline lineno="192" refid="classtl_1_1_window_1aeda865c38f3820ce125fe9a7219cc15b" refkind="member"><highlight class="normal"><sp/><sp/><sp/><sp/></highlight><highlight class="keywordtype">void</highlight><highlight class="normal"><sp/><ref refid="classtl_1_1_window_1aeda865c38f3820ce125fe9a7219cc15b" kindref="member">Window::setSize</ref>(<ref refid="structtl_1_1_vec2i" kindref="compound">Vec2i</ref><sp/>size)</highlight></codeline>
<codeline lineno="193"><highlight class="normal"><sp/><sp/><sp/><sp/>{</highlight></codeline>
<codeline lineno="194"><highlight class="normal"><sp/><sp/><sp/><sp/><sp/><sp/><sp/><sp/>SetWindowPos(hwnd,<sp/>NULL,<sp/>0,<sp/>0,<sp/>size.<ref refid="structtl_1_1_vec2i_1a41e041952704574074609118c0427518" kindref="member">x</ref>,<sp/>size.<ref refid="structtl_1_1_vec2i_1a19708a6226be471f6c28cc04ebd16287" kindref="member">y</ref>,<sp/>SWP_NOMOVE<sp/>|<sp/>SWP_NOZORDER);</highlight></codeline>
<codeline lineno="195"><highlight class="normal"><sp/><sp/><sp/><sp/>}</highlight></codeline>
<codeline lineno="196"><highlight class="normal"></highlight></codeline>
<codeline lineno="197"><highlight class="normal"></highlight></codeline>
<codeline lineno="200" refid="classtl_1_1_window_1a11bed767345d14978dd12cc82e8c8d84" refkind="member"><highlight class="normal"><sp/><sp/><sp/><sp/></highlight><highlight class="keywordtype">void</highlight><highlight class="normal"><sp/><ref refid="classtl_1_1_window_1a11bed767345d14978dd12cc82e8c8d84" kindref="member">Window::setTitle</ref>(</highlight><highlight class="keyword">const</highlight><highlight class="normal"><sp/></highlight><highlight class="keywordtype">char</highlight><highlight class="normal">*<sp/>title)</highlight></codeline>
<codeline lineno="201"><highlight class="normal"><sp/><sp/><sp/><sp/>{</highlight></codeline>
<codeline lineno="202"><highlight class="normal"><sp/><sp/><sp/><sp/><sp/><sp/><sp/><sp/>SetWindowTextA(hwnd,<sp/>title);</highlight></codeline>
<codeline lineno="203"><highlight class="normal"><sp/><sp/><sp/><sp/>}</highlight></codeline>
<codeline lineno="204"><highlight class="normal"></highlight></codeline>
<codeline lineno="205"><highlight class="normal"></highlight></codeline>
<codeline lineno="208" refid="classtl_1_1_window_1a9efb2affce62623dec72f2267704412b" refkind="member"><highlight class="normal"><sp/><sp/><sp/><sp/></highlight><highlight class="keywordtype">void</highlight><highlight class="normal"><sp/><ref refid="classtl_1_1_window_1a9efb2affce62623dec72f2267704412b" kindref="member">Window::setPosition</ref>(<ref refid="structtl_1_1_vec2i" kindref="compound">Vec2i</ref><sp/>pos)</highlight></codeline>
<codeline lineno="209"><highlight class="normal"><sp/><sp/><sp/><sp/>{</highlight></codeline>
<codeline lineno="210"><highlight class="normal"><sp/><sp/><sp/><sp/><sp/><sp/><sp/><sp/>SetWindowPos(hwnd,<sp/>NULL,<sp/>pos.<ref refid="structtl_1_1_vec2i_1a41e041952704574074609118c0427518" kindref="member">x</ref>,<sp/>pos.<ref refid="structtl_1_1_vec2i_1a19708a6226be471f6c28cc04ebd16287" kindref="member">y</ref>,<sp/>0,<sp/>0,<sp/>SWP_NOSIZE<sp/>|<sp/>SWP_NOZORDER);</highlight></codeline>
<codeline lineno="211"><highlight class="normal"><sp/><sp/><sp/><sp/>}</highlight></codeline>
<codeline lineno="212"><highlight class="normal"></highlight></codeline>
<codeline lineno="213"><highlight class="normal"></highlight></codeline>
<codeline lineno="216" refid="classtl_1_1_window_1a0d292d8450a90683c9fd1414cccae12c" refkind="member"><highlight class="normal"><sp/><sp/><sp/><sp/></highlight><highlight class="keywordtype">void</highlight><highlight class="normal"><sp/><ref refid="classtl_1_1_window_1a0d292d8450a90683c9fd1414cccae12c" kindref="member">Window::move</ref>(<ref refid="structtl_1_1_vec2i" kindref="compound">Vec2i</ref><sp/>pos)</highlight></codeline>
<codeline lineno="217"><highlight class="normal"><sp/><sp/><sp/><sp/>{</highlight></codeline>
<codeline lineno="218"><highlight class="normal"><sp/><sp/><sp/><sp/><sp/><sp/><sp/><sp/><ref refid="classtl_1_1_window_1a9efb2affce62623dec72f2267704412b" kindref="member">setPosition</ref>({<sp/><ref refid="classtl_1_1_window_1a622a8eaf9557f44baa439e47133e0b8c" kindref="member">getPosition</ref>().<ref refid="structtl_1_1_vec2i_1a41e041952704574074609118c0427518" kindref="member">x</ref><sp/>+<sp/>pos.<ref refid="structtl_1_1_vec2i_1a41e041952704574074609118c0427518" kindref="member">x</ref>,<sp/><ref refid="classtl_1_1_window_1a622a8eaf9557f44baa439e47133e0b8c" kindref="member">getPosition</ref>().<ref refid="structtl_1_1_vec2i_1a19708a6226be471f6c28cc04ebd16287" kindref="member">y</ref><sp/>+<sp/>pos.<ref refid="structtl_1_1_vec2i_1a19708a6226be471f6c28cc04ebd16287" kindref="member">y</ref><sp/>});</highlight></codeline>
<codeline lineno="219"><highlight class="normal"><sp/><sp/><sp/><sp/>}</highlight></codeline>
<codeline lineno="220"><highlight class="normal"></highlight></codeline>
<codeline lineno="221"><highlight class="normal"></highlight></codeline>
<codeline lineno="224" refid="classtl_1_1_window_1a622a8eaf9557f44baa439e47133e0b8c" refkind="member"><highlight class="normal"><sp/><sp/><sp/><sp/><ref refid="structtl_1_1_vec2i" kindref="compound">Vec2i</ref><sp/><ref refid="classtl_1_1_window_1a622a8eaf9557f44baa439e47133e0b8c" kindref="member">Window::getPosition</ref>()</highlight><highlight class="keyword"><sp/>const</highlight></codeline>
<codeline lineno="225"><highlight class="keyword"><sp/><sp/><sp/><sp/></highlight><highlight class="normal">{</highlight></codeline>
<codeline lineno="226"><highlight class="normal"><sp/><sp/><sp/><sp/><sp/><sp/><sp/><sp/>RECT<sp/>rect;</highlight></codeline>
<codeline lineno="227"><highlight class="normal"><sp/><sp/><sp/><sp/><sp/><sp/><sp/><sp/>GetWindowRect(hwnd,<sp/>&amp;rect);</highlight></codeline>
<codeline lineno="228"><highlight class="normal"><sp/><sp/><sp/><sp/><sp/><sp/><sp/><sp/></highlight><highlight class="keywordflow">return</highlight><highlight class="normal"><sp/><ref refid="structtl_1_1_vec2i" kindref="compound">Vec2i</ref>(<ref refid="namespacetl_1a265a9f7c42ef723ea69373d72f9cf195" kindref="member">s32</ref>(rect.left),<sp/><ref refid="namespacetl_1a265a9f7c42ef723ea69373d72f9cf195" kindref="member">s32</ref>(rect.top));</highlight></codeline>
<codeline lineno="229"><highlight class="normal"><sp/><sp/><sp/><sp/>}</highlight></codeline>
<codeline lineno="230"><highlight class="normal"></highlight></codeline>
<codeline lineno="231"><highlight class="normal"></highlight></codeline>
<codeline lineno="236" refid="classtl_1_1_window_1a375d826c0ad895b2430a99f6e8f5b11d" refkind="member"><highlight class="normal"><sp/><sp/><sp/><sp/></highlight><highlight class="keywordtype">void</highlight><highlight class="normal"><sp/><ref refid="classtl_1_1_window_1a375d826c0ad895b2430a99f6e8f5b11d" kindref="member">Window::limitFPS</ref>(<ref refid="namespacetl_1a027b49b4b1bb51bafeac7cac614cbf51" kindref="member">u32</ref><sp/>fps)</highlight></codeline>
<codeline lineno="237"><highlight class="normal"><sp/><sp/><sp/><sp/>{</highlight></codeline>
<codeline lineno="238"><highlight class="normal"><sp/><sp/><sp/><sp/><sp/><sp/><sp/><sp/></highlight><highlight class="comment">//<sp/>TODO:<sp/>FPS<sp/>limiter<sp/>seems<sp/>to<sp/>be<sp/>off,<sp/>I&apos;ll<sp/>fix<sp/>when<sp/>I<sp/>do<sp/>unix<sp/>time.</highlight><highlight class="normal"></highlight></codeline>
<codeline lineno="239"><highlight class="normal"><sp/><sp/><sp/><sp/><sp/><sp/><sp/><sp/>maxFps<sp/>=<sp/>fps;</highlight></codeline>
<codeline lineno="240"><highlight class="normal"><sp/><sp/><sp/><sp/><sp/><sp/><sp/><sp/></highlight><highlight class="keywordflow">if</highlight><highlight class="normal"><sp/>(maxFps<sp/>&gt;<sp/>0)</highlight></codeline>
<codeline lineno="241"><highlight class="normal"><sp/><sp/><sp/><sp/><sp/><sp/><sp/><sp/><sp/><sp/><sp/><sp/>lastFrameTime<sp/>=<sp/><ref refid="classtl_1_1_time_1a4cc3ff829d334cf59c3aacb0ab181c0e" kindref="member">Time::currentTime</ref>();</highlight></codeline>
<codeline lineno="242"><highlight class="normal"><sp/><sp/><sp/><sp/>}</highlight></codeline>
<codeline lineno="243"><highlight class="normal"></highlight></codeline>
<codeline lineno="244"><highlight class="normal"></highlight></codeline>
<codeline lineno="250" refid="classtl_1_1_window_1a7f8a9802a81f62d796bae1d0b91ab885" refkind="member"><highlight class="normal"><sp/><sp/><sp/><sp/><ref refid="namespacetl_1a4c8bdcbc2193d28b2c445bc8e895d6cd" kindref="member">bit</ref><sp/><ref refid="classtl_1_1_window_1a7f8a9802a81f62d796bae1d0b91ab885" kindref="member">Window::checkEvent</ref>(<ref refid="namespacetl_1a7d0bc20d8f81c8896790b9438e88bfb9" kindref="member">u8</ref><sp/>event)</highlight></codeline>
<codeline lineno="251"><highlight class="normal"><sp/><sp/><sp/><sp/>{</highlight></codeline>
<codeline lineno="252"><highlight class="normal"><sp/><sp/><sp/><sp/><sp/><sp/><sp/><sp/></highlight><highlight class="keywordflow">return</highlight><highlight class="normal"><sp/>(currentEvents<sp/>&amp;<sp/>event)<sp/>&gt;<sp/>0;</highlight></codeline>
<codeline lineno="253"><highlight class="normal"><sp/><sp/><sp/><sp/>}</highlight></codeline>
<codeline lineno="254"><highlight class="normal"></highlight></codeline>
<codeline lineno="255"><highlight class="normal"><sp/><sp/><sp/><sp/></highlight><highlight class="comment">/*</highlight></codeline>
<codeline lineno="256"><highlight class="comment"><sp/><sp/><sp/><sp/>void<sp/>Window::setScroll(Vec2i<sp/>size)</highlight></codeline>
<codeline lineno="257"><highlight class="comment"><sp/><sp/><sp/><sp/>{</highlight></codeline>
<codeline lineno="258"><highlight class="comment"><sp/><sp/><sp/><sp/><sp/><sp/><sp/><sp/>SetScrollRange(hwnd,<sp/>SB_HORZ,<sp/>0,<sp/>size.x,<sp/>TRUE);</highlight></codeline>
<codeline lineno="259"><highlight class="comment"><sp/><sp/><sp/><sp/><sp/><sp/><sp/><sp/>SetScrollRange(hwnd,<sp/>SB_VERT,<sp/>0,<sp/>size.y,<sp/>TRUE);</highlight></codeline>
<codeline lineno="260"><highlight class="comment"><sp/><sp/><sp/><sp/>}</highlight></codeline>
<codeline lineno="261"><highlight class="comment"></highlight></codeline>
<codeline lineno="262"><highlight class="comment"></highlight></codeline>
<codeline lineno="263"><highlight class="comment"><sp/><sp/><sp/><sp/>Vec2i<sp/>Window::getScroll()</highlight></codeline>
<codeline lineno="264"><highlight class="comment"><sp/><sp/><sp/><sp/>{</highlight></codeline>
<codeline lineno="265"><highlight class="comment"><sp/><sp/><sp/><sp/><sp/><sp/><sp/><sp/>Vec2i<sp/>size;</highlight></codeline>
<codeline lineno="266"><highlight class="comment"><sp/><sp/><sp/><sp/><sp/><sp/><sp/><sp/>GetScrollRange(hwnd,<sp/>SB_HORZ,<sp/>nullptr,<sp/>&amp;size.x);</highlight></codeline>
<codeline lineno="267"><highlight class="comment"><sp/><sp/><sp/><sp/><sp/><sp/><sp/><sp/>GetScrollRange(hwnd,<sp/>SB_VERT,<sp/>nullptr,<sp/>&amp;size.y);</highlight></codeline>
<codeline lineno="268"><highlight class="comment"></highlight></codeline>
<codeline lineno="269"><highlight class="comment"><sp/><sp/><sp/><sp/><sp/><sp/><sp/><sp/>return<sp/>size;</highlight></codeline>
<codeline lineno="270"><highlight class="comment"><sp/><sp/><sp/><sp/>}</highlight></codeline>
<codeline lineno="271"><highlight class="comment"><sp/><sp/><sp/><sp/>*/</highlight><highlight class="normal"></highlight></codeline>
<codeline lineno="272"><highlight class="normal">}</highlight></codeline>
    </programlisting>
    <location file="TinyLib/Graphics/Window.cpp"/>
  </compounddef>
</doxygen>
