<?xml version='1.0' encoding='UTF-8' standalone='no'?>
<doxygen xmlns:xsi="http://www.w3.org/2001/XMLSchema-instance" xsi:noNamespaceSchemaLocation="compound.xsd" version="1.12.0" xml:lang="en-US">
  <compounddef id="classtl_1_1_time" kind="class" language="C++" prot="public">
    <compoundname>tl::Time</compoundname>
    <includes refid="_time_8h" local="no">Time.h</includes>
    <sectiondef kind="private-attrib">
      <memberdef kind="variable" id="classtl_1_1_time_1a13d6eb9bd78591edcc074b02a2c079fc" prot="private" static="no" mutable="no">
        <type><ref refid="namespacetl_1a904241d60278f00c7d91b31161237d62" kindref="member">u64</ref></type>
        <definition>u64 tl::Time::time</definition>
        <argsstring></argsstring>
        <name>time</name>
        <qualifiedname>tl::Time::time</qualifiedname>
        <briefdescription>
        </briefdescription>
        <detaileddescription>
        </detaileddescription>
        <inbodydescription>
        </inbodydescription>
        <location file="TinyLib/Base/Time.h" line="21" column="13" bodyfile="TinyLib/Base/Time.h" bodystart="21" bodyend="-1"/>
      </memberdef>
    </sectiondef>
    <sectiondef kind="public-func">
      <memberdef kind="function" id="classtl_1_1_time_1a34f8675ccfa9e803c9ce72a837ecfe51" prot="public" static="no" const="no" explicit="no" inline="no" virt="non-virtual">
        <type></type>
        <definition>tl::Time::Time</definition>
        <argsstring>()</argsstring>
        <name>Time</name>
        <qualifiedname>tl::Time::Time</qualifiedname>
        <briefdescription>
<para><ref refid="classtl_1_1_time" kindref="compound">Time</ref> value gets set right away upon creation. </para>
        </briefdescription>
        <detaileddescription>
        </detaileddescription>
        <inbodydescription>
        </inbodydescription>
        <location file="TinyLib/Base/Time.h" line="11" column="9" bodyfile="TinyLib/Base/Time.cpp" bodystart="7" bodyend="10"/>
      </memberdef>
      <memberdef kind="function" id="classtl_1_1_time_1a3e69fca7e1810f6c904dd66a8045d743" prot="public" static="no" const="no" explicit="no" inline="no" virt="non-virtual">
        <type></type>
        <definition>tl::Time::Time</definition>
        <argsstring>(u64 timeValue)</argsstring>
        <name>Time</name>
        <qualifiedname>tl::Time::Time</qualifiedname>
        <param>
          <type><ref refid="namespacetl_1a904241d60278f00c7d91b31161237d62" kindref="member">u64</ref></type>
          <declname>timeValue</declname>
        </param>
        <briefdescription>
<para>Probably avoid this for now lol. - I plan to change it later. </para>
        </briefdescription>
        <detaileddescription>
<para><parameterlist kind="param"><parameteritem>
<parameternamelist>
<parametername>timeValue</parametername>
</parameternamelist>
<parameterdescription>
<para>What number you want the internal time data as. </para>
</parameterdescription>
</parameteritem>
</parameterlist>
</para>
        </detaileddescription>
        <inbodydescription>
        </inbodydescription>
        <location file="TinyLib/Base/Time.h" line="12" column="9" bodyfile="TinyLib/Base/Time.cpp" bodystart="15" bodyend="18"/>
      </memberdef>
      <memberdef kind="function" id="classtl_1_1_time_1afaed444aa23b96b0c0070e55e9821d9a" prot="public" static="no" const="no" explicit="no" inline="no" virt="non-virtual">
        <type></type>
        <definition>tl::Time::~Time</definition>
        <argsstring>()</argsstring>
        <name>~Time</name>
        <qualifiedname>tl::Time::~Time</qualifiedname>
        <briefdescription>
<para>Nothing to clean up here for now. </para>
        </briefdescription>
        <detaileddescription>
        </detaileddescription>
        <inbodydescription>
        </inbodydescription>
        <location file="TinyLib/Base/Time.h" line="13" column="9" bodyfile="TinyLib/Base/Time.cpp" bodystart="22" bodyend="25"/>
      </memberdef>
      <memberdef kind="function" id="classtl_1_1_time_1a69a320e7414645c62a9f63d52d907a02" prot="public" static="no" const="no" explicit="no" inline="no" virt="non-virtual">
        <type><ref refid="namespacetl_1a904241d60278f00c7d91b31161237d62" kindref="member">u64</ref></type>
        <definition>u64 tl::Time::getTime</definition>
        <argsstring>()</argsstring>
        <name>getTime</name>
        <qualifiedname>tl::Time::getTime</qualifiedname>
        <briefdescription>
<para>Get the current time data from this object. </para>
        </briefdescription>
        <detaileddescription>
<para><simplesect kind="return"><para><ref refid="classtl_1_1_time" kindref="compound">Time</ref> data. </para>
</simplesect>
</para>
        </detaileddescription>
        <inbodydescription>
        </inbodydescription>
        <location file="TinyLib/Base/Time.h" line="15" column="13" bodyfile="TinyLib/Base/Time.cpp" bodystart="30" bodyend="33"/>
      </memberdef>
      <memberdef kind="function" id="classtl_1_1_time_1ac23bdcb12fe6d39a370f2d35c588ef30" prot="public" static="no" const="no" explicit="no" inline="no" virt="non-virtual">
        <type>void</type>
        <definition>void tl::Time::update</definition>
        <argsstring>()</argsstring>
        <name>update</name>
        <qualifiedname>tl::Time::update</qualifiedname>
        <briefdescription>
<para>Update the time data to what it should be right now. </para>
        </briefdescription>
        <detaileddescription>
        </detaileddescription>
        <inbodydescription>
        </inbodydescription>
        <location file="TinyLib/Base/Time.h" line="16" column="14" bodyfile="TinyLib/Base/Time.cpp" bodystart="37" bodyend="40"/>
      </memberdef>
    </sectiondef>
    <sectiondef kind="public-static-func">
      <memberdef kind="function" id="classtl_1_1_time_1a4cc3ff829d334cf59c3aacb0ab181c0e" prot="public" static="yes" const="no" explicit="no" inline="no" virt="non-virtual">
        <type><ref refid="namespacetl_1a904241d60278f00c7d91b31161237d62" kindref="member">u64</ref></type>
        <definition>u64 tl::Time::currentTime</definition>
        <argsstring>()</argsstring>
        <name>currentTime</name>
        <qualifiedname>tl::Time::currentTime</qualifiedname>
        <briefdescription>
<para>Static way to get a current time value. </para>
        </briefdescription>
        <detaileddescription>
<para><simplesect kind="return"><para>Current time value. </para>
</simplesect>
</para>
        </detaileddescription>
        <inbodydescription>
        </inbodydescription>
        <location file="TinyLib/Base/Time.h" line="18" column="20" bodyfile="TinyLib/Base/Time.cpp" bodystart="45" bodyend="48"/>
      </memberdef>
    </sectiondef>
    <briefdescription>
    </briefdescription>
    <detaileddescription>
    </detaileddescription>
    <location file="TinyLib/Base/Time.h" line="8" column="5" bodyfile="TinyLib/Base/Time.h" bodystart="9" bodyend="22"/>
    <listofallmembers>
      <member refid="classtl_1_1_time_1a4cc3ff829d334cf59c3aacb0ab181c0e" prot="public" virt="non-virtual"><scope>tl::Time</scope><name>currentTime</name></member>
      <member refid="classtl_1_1_time_1a69a320e7414645c62a9f63d52d907a02" prot="public" virt="non-virtual"><scope>tl::Time</scope><name>getTime</name></member>
      <member refid="classtl_1_1_time_1a34f8675ccfa9e803c9ce72a837ecfe51" prot="public" virt="non-virtual"><scope>tl::Time</scope><name>Time</name></member>
      <member refid="classtl_1_1_time_1a3e69fca7e1810f6c904dd66a8045d743" prot="public" virt="non-virtual"><scope>tl::Time</scope><name>Time</name></member>
      <member refid="classtl_1_1_time_1a13d6eb9bd78591edcc074b02a2c079fc" prot="private" virt="non-virtual"><scope>tl::Time</scope><name>time</name></member>
      <member refid="classtl_1_1_time_1ac23bdcb12fe6d39a370f2d35c588ef30" prot="public" virt="non-virtual"><scope>tl::Time</scope><name>update</name></member>
      <member refid="classtl_1_1_time_1afaed444aa23b96b0c0070e55e9821d9a" prot="public" virt="non-virtual"><scope>tl::Time</scope><name>~Time</name></member>
    </listofallmembers>
  </compounddef>
</doxygen>
