<?xml version='1.0' encoding='UTF-8' standalone='no'?>
<doxygen xmlns:xsi="http://www.w3.org/2001/XMLSchema-instance" xsi:noNamespaceSchemaLocation="compound.xsd" version="1.12.0" xml:lang="en-US">
  <compounddef id="classtl_1_1_file" kind="class" language="C++" prot="public">
    <compoundname>tl::File</compoundname>
    <includes refid="_file_8h" local="no">File.h</includes>
    <sectiondef kind="private-attrib">
      <memberdef kind="variable" id="classtl_1_1_file_1a0a1678a96ef0893c053fc624aede216f" prot="private" static="no" mutable="no">
        <type>const char *</type>
        <definition>const char* tl::File::path</definition>
        <argsstring></argsstring>
        <name>path</name>
        <qualifiedname>tl::File::path</qualifiedname>
        <briefdescription>
        </briefdescription>
        <detaileddescription>
        </detaileddescription>
        <inbodydescription>
        </inbodydescription>
        <location file="TinyLib/System/File.h" line="22" column="20" bodyfile="TinyLib/System/File.h" bodystart="22" bodyend="-1"/>
      </memberdef>
    </sectiondef>
    <sectiondef kind="public-func">
      <memberdef kind="function" id="classtl_1_1_file_1aefe659f313e7467f1a4649f37b8a26b5" prot="public" static="no" const="no" explicit="no" inline="no" virt="non-virtual">
        <type></type>
        <definition>tl::File::File</definition>
        <argsstring>()</argsstring>
        <name>File</name>
        <qualifiedname>tl::File::File</qualifiedname>
        <briefdescription>
<para>New file reader, path must be set with <ref refid="classtl_1_1_file_1aac2f62b549de4a940b9d0c6aa82840b2" kindref="member">tl::File::open()</ref>. </para>
        </briefdescription>
        <detaileddescription>
        </detaileddescription>
        <inbodydescription>
        </inbodydescription>
        <location file="TinyLib/System/File.h" line="11" column="9" bodyfile="TinyLib/System/File.cpp" bodystart="7" bodyend="10"/>
      </memberdef>
      <memberdef kind="function" id="classtl_1_1_file_1a1e6a2206626b3050f4cc15cca8a29825" prot="public" static="no" const="no" explicit="no" inline="no" virt="non-virtual">
        <type></type>
        <definition>tl::File::File</definition>
        <argsstring>(const char *path)</argsstring>
        <name>File</name>
        <qualifiedname>tl::File::File</qualifiedname>
        <param>
          <type>const char *</type>
          <declname>path</declname>
        </param>
        <briefdescription>
<para>New file reader, preset with a path. </para>
        </briefdescription>
        <detaileddescription>
<para><parameterlist kind="param"><parameteritem>
<parameternamelist>
<parametername>path</parametername>
</parameternamelist>
<parameterdescription>
<para><ref refid="classtl_1_1_file" kindref="compound">File</ref> path to read from. </para>
</parameterdescription>
</parameteritem>
</parameterlist>
</para>
        </detaileddescription>
        <inbodydescription>
        </inbodydescription>
        <location file="TinyLib/System/File.h" line="12" column="9" bodyfile="TinyLib/System/File.cpp" bodystart="15" bodyend="18"/>
      </memberdef>
      <memberdef kind="function" id="classtl_1_1_file_1a381c9a211bdca24b9ea4f9afec368de0" prot="public" static="no" const="no" explicit="no" inline="no" virt="non-virtual">
        <type></type>
        <definition>tl::File::~File</definition>
        <argsstring>()</argsstring>
        <name>~File</name>
        <qualifiedname>tl::File::~File</qualifiedname>
        <briefdescription>
<para>Nothing to clean up for now. </para>
        </briefdescription>
        <detaileddescription>
        </detaileddescription>
        <inbodydescription>
        </inbodydescription>
        <location file="TinyLib/System/File.h" line="13" column="9" bodyfile="TinyLib/System/File.cpp" bodystart="22" bodyend="25"/>
      </memberdef>
      <memberdef kind="function" id="classtl_1_1_file_1aac2f62b549de4a940b9d0c6aa82840b2" prot="public" static="no" const="no" explicit="no" inline="no" virt="non-virtual">
        <type>void</type>
        <definition>void tl::File::open</definition>
        <argsstring>(const char *path)</argsstring>
        <name>open</name>
        <qualifiedname>tl::File::open</qualifiedname>
        <param>
          <type>const char *</type>
          <declname>path</declname>
        </param>
        <briefdescription>
<para>Open a new file path on this file. </para>
        </briefdescription>
        <detaileddescription>
<para><parameterlist kind="param"><parameteritem>
<parameternamelist>
<parametername>path</parametername>
</parameternamelist>
<parameterdescription>
<para><ref refid="classtl_1_1_file" kindref="compound">File</ref> path to read from. </para>
</parameterdescription>
</parameteritem>
</parameterlist>
</para>
        </detaileddescription>
        <inbodydescription>
        </inbodydescription>
        <location file="TinyLib/System/File.h" line="15" column="14" bodyfile="TinyLib/System/File.cpp" bodystart="30" bodyend="33"/>
      </memberdef>
      <memberdef kind="function" id="classtl_1_1_file_1ad9a51d2780a1327c675a143b14bb4dd6" prot="public" static="no" const="no" explicit="no" inline="no" virt="non-virtual">
        <type>void</type>
        <definition>void tl::File::close</definition>
        <argsstring>()</argsstring>
        <name>close</name>
        <qualifiedname>tl::File::close</qualifiedname>
        <briefdescription>
<para>Close the file path. </para>
        </briefdescription>
        <detaileddescription>
        </detaileddescription>
        <inbodydescription>
        </inbodydescription>
        <location file="TinyLib/System/File.h" line="16" column="14" bodyfile="TinyLib/System/File.cpp" bodystart="37" bodyend="40"/>
      </memberdef>
      <memberdef kind="function" id="classtl_1_1_file_1a78598d15c5088e079e024e13514774c7" prot="public" static="no" const="no" explicit="no" inline="no" virt="non-virtual">
        <type>void</type>
        <definition>void tl::File::read</definition>
        <argsstring>(char **data)</argsstring>
        <name>read</name>
        <qualifiedname>tl::File::read</qualifiedname>
        <param>
          <type>char **</type>
          <declname>data</declname>
        </param>
        <briefdescription>
<para>Read char data from this file objects file path. </para>
        </briefdescription>
        <detaileddescription>
<para><parameterlist kind="param"><parameteritem>
<parameternamelist>
<parametername>data</parametername>
</parameternamelist>
<parameterdescription>
<para>Data from file will go in here. nullptr if invalid path. </para>
</parameterdescription>
</parameteritem>
</parameterlist>
</para>
        </detaileddescription>
        <inbodydescription>
        </inbodydescription>
        <location file="TinyLib/System/File.h" line="17" column="14" bodyfile="TinyLib/System/File.cpp" bodystart="45" bodyend="83"/>
      </memberdef>
      <memberdef kind="function" id="classtl_1_1_file_1a6b98c6fe3b1cb984ab6a74971ac265c9" prot="public" static="no" const="no" explicit="no" inline="no" virt="non-virtual">
        <type>size_t</type>
        <definition>size_t tl::File::length</definition>
        <argsstring>()</argsstring>
        <name>length</name>
        <qualifiedname>tl::File::length</qualifiedname>
        <briefdescription>
<para>Get length of file data. </para>
        </briefdescription>
        <detaileddescription>
<para><simplesect kind="return"><para><ref refid="classtl_1_1_file" kindref="compound">File</ref> length. </para>
</simplesect>
</para>
        </detaileddescription>
        <inbodydescription>
        </inbodydescription>
        <location file="TinyLib/System/File.h" line="19" column="16" bodyfile="TinyLib/System/File.cpp" bodystart="96" bodyend="106"/>
      </memberdef>
    </sectiondef>
    <briefdescription>
    </briefdescription>
    <detaileddescription>
    </detaileddescription>
    <location file="TinyLib/System/File.h" line="8" column="5" bodyfile="TinyLib/System/File.h" bodystart="9" bodyend="23"/>
    <listofallmembers>
      <member refid="classtl_1_1_file_1ad9a51d2780a1327c675a143b14bb4dd6" prot="public" virt="non-virtual"><scope>tl::File</scope><name>close</name></member>
      <member refid="classtl_1_1_file_1aefe659f313e7467f1a4649f37b8a26b5" prot="public" virt="non-virtual"><scope>tl::File</scope><name>File</name></member>
      <member refid="classtl_1_1_file_1a1e6a2206626b3050f4cc15cca8a29825" prot="public" virt="non-virtual"><scope>tl::File</scope><name>File</name></member>
      <member refid="classtl_1_1_file_1a6b98c6fe3b1cb984ab6a74971ac265c9" prot="public" virt="non-virtual"><scope>tl::File</scope><name>length</name></member>
      <member refid="classtl_1_1_file_1aac2f62b549de4a940b9d0c6aa82840b2" prot="public" virt="non-virtual"><scope>tl::File</scope><name>open</name></member>
      <member refid="classtl_1_1_file_1a0a1678a96ef0893c053fc624aede216f" prot="private" virt="non-virtual"><scope>tl::File</scope><name>path</name></member>
      <member refid="classtl_1_1_file_1a78598d15c5088e079e024e13514774c7" prot="public" virt="non-virtual"><scope>tl::File</scope><name>read</name></member>
      <member refid="classtl_1_1_file_1a381c9a211bdca24b9ea4f9afec368de0" prot="public" virt="non-virtual"><scope>tl::File</scope><name>~File</name></member>
    </listofallmembers>
  </compounddef>
</doxygen>
