<?xml version='1.0' encoding='UTF-8' standalone='no'?>
<doxygen xmlns:xsi="http://www.w3.org/2001/XMLSchema-instance" xsi:noNamespaceSchemaLocation="compound.xsd" version="1.12.0" xml:lang="en-US">
  <compounddef id="classtl_1_1_text" kind="class" language="C++" prot="public">
    <compoundname>tl::Text</compoundname>
    <basecompoundref refid="classtl_1_1_drawable" prot="public" virt="non-virtual">tl::Drawable</basecompoundref>
    <includes refid="_text_8h" local="no">Text.h</includes>
    <sectiondef kind="private-attrib">
      <memberdef kind="variable" id="classtl_1_1_text_1ac0cae09caa60937570e05de07196c23c" prot="private" static="no" mutable="no">
        <type><ref refid="namespacetl_1a7e58a76ef30d76bdb4c2a4678b875597" kindref="member">ascii</ref> *</type>
        <definition>ascii* tl::Text::string</definition>
        <argsstring></argsstring>
        <name>string</name>
        <qualifiedname>tl::Text::string</qualifiedname>
        <briefdescription>
        </briefdescription>
        <detaileddescription>
        </detaileddescription>
        <inbodydescription>
        </inbodydescription>
        <location file="TinyLib/Graphics/Text.h" line="19" column="15" bodyfile="TinyLib/Graphics/Text.h" bodystart="19" bodyend="-1"/>
      </memberdef>
    </sectiondef>
    <sectiondef kind="public-func">
      <memberdef kind="function" id="classtl_1_1_text_1aead89526f1134efdbb683662d503ecce" prot="public" static="no" const="no" explicit="no" inline="no" virt="non-virtual">
        <type></type>
        <definition>tl::Text::Text</definition>
        <argsstring>(const ascii *=nullptr, u32=12, Vec2i={ 0, 0 })</argsstring>
        <name>Text</name>
        <qualifiedname>tl::Text::Text</qualifiedname>
        <param>
          <type>const <ref refid="namespacetl_1a7e58a76ef30d76bdb4c2a4678b875597" kindref="member">ascii</ref> *</type>
          <defname>str</defname>
          <defval>nullptr</defval>
        </param>
        <param>
          <type><ref refid="namespacetl_1a027b49b4b1bb51bafeac7cac614cbf51" kindref="member">u32</ref></type>
          <defname>fontSize</defname>
          <defval>12</defval>
        </param>
        <param>
          <type><ref refid="structtl_1_1_vec2i" kindref="compound">Vec2i</ref></type>
          <defname>pos</defname>
          <defval>{ 0, 0 }</defval>
        </param>
        <briefdescription>
<para>Create a new text that can be drawn to screen. </para>
        </briefdescription>
        <detaileddescription>
<para><parameterlist kind="param"><parameteritem>
<parameternamelist>
<parametername>str</parametername>
</parameternamelist>
<parameterdescription>
<para>What the text displays. </para>
</parameterdescription>
</parameteritem>
<parameteritem>
<parameternamelist>
<parametername>fontSize</parametername>
</parameternamelist>
<parameterdescription>
<para>How big text is. </para>
</parameterdescription>
</parameteritem>
<parameteritem>
<parameternamelist>
<parametername>pos</parametername>
</parameternamelist>
<parameterdescription>
<para>Where text is.</para>
</parameterdescription>
</parameteritem>
</parameterlist>
The defaults for each parameter, no string data, fonst size 12, position (0, 0). </para>
        </detaileddescription>
        <inbodydescription>
        </inbodydescription>
        <location file="TinyLib/Graphics/Text.h" line="11" column="9" bodyfile="TinyLib/Graphics/Text.cpp" bodystart="13" bodyend="18"/>
      </memberdef>
      <memberdef kind="function" id="classtl_1_1_text_1a12cfa88d0cea89d2e553d8cbde046f41" prot="public" static="no" const="no" explicit="no" inline="no" virt="non-virtual">
        <type></type>
        <definition>tl::Text::~Text</definition>
        <argsstring>()</argsstring>
        <name>~Text</name>
        <qualifiedname>tl::Text::~Text</qualifiedname>
        <briefdescription>
<para>Clean up string data. </para>
        </briefdescription>
        <detaileddescription>
        </detaileddescription>
        <inbodydescription>
        </inbodydescription>
        <location file="TinyLib/Graphics/Text.h" line="12" column="9" bodyfile="TinyLib/Graphics/Text.cpp" bodystart="22" bodyend="25"/>
      </memberdef>
      <memberdef kind="function" id="classtl_1_1_text_1a32191037254d9cf575cb9677be4536ae" prot="public" static="no" const="no" explicit="no" inline="no" virt="non-virtual">
        <type>void</type>
        <definition>void tl::Text::setString</definition>
        <argsstring>(const ascii *)</argsstring>
        <name>setString</name>
        <qualifiedname>tl::Text::setString</qualifiedname>
        <param>
          <type>const <ref refid="namespacetl_1a7e58a76ef30d76bdb4c2a4678b875597" kindref="member">ascii</ref> *</type>
          <defname>str</defname>
        </param>
        <briefdescription>
<para>Set the string data. </para>
        </briefdescription>
        <detaileddescription>
<para><parameterlist kind="param"><parameteritem>
<parameternamelist>
<parametername>str</parametername>
</parameternamelist>
<parameterdescription>
<para>New string for text. </para>
</parameterdescription>
</parameteritem>
</parameterlist>
</para>
        </detaileddescription>
        <inbodydescription>
        </inbodydescription>
        <location file="TinyLib/Graphics/Text.h" line="14" column="14" bodyfile="TinyLib/Graphics/Text.cpp" bodystart="30" bodyend="46"/>
      </memberdef>
      <memberdef kind="function" id="classtl_1_1_text_1a342716a8b9b9f950fed58d3e73eb1035" prot="public" static="no" const="yes" explicit="no" inline="no" virt="non-virtual">
        <type><ref refid="namespacetl_1a7e58a76ef30d76bdb4c2a4678b875597" kindref="member">ascii</ref> *</type>
        <definition>ascii * tl::Text::getString</definition>
        <argsstring>() const</argsstring>
        <name>getString</name>
        <qualifiedname>tl::Text::getString</qualifiedname>
        <briefdescription>
<para>Get the string data from this text. </para>
        </briefdescription>
        <detaileddescription>
<para><simplesect kind="return"><para>Internal string. </para>
</simplesect>
</para>
        </detaileddescription>
        <inbodydescription>
        </inbodydescription>
        <location file="TinyLib/Graphics/Text.h" line="15" column="15" bodyfile="TinyLib/Graphics/Text.cpp" bodystart="51" bodyend="54"/>
      </memberdef>
      <memberdef kind="function" id="classtl_1_1_text_1af448df96815b0aa650eec8a2cf5bcc0d" prot="public" static="no" const="no" explicit="no" inline="no" virt="non-virtual">
        <type>void</type>
        <definition>void tl::Text::setFontSize</definition>
        <argsstring>(s32)</argsstring>
        <name>setFontSize</name>
        <qualifiedname>tl::Text::setFontSize</qualifiedname>
        <param>
          <type><ref refid="namespacetl_1a265a9f7c42ef723ea69373d72f9cf195" kindref="member">s32</ref></type>
          <defname>size</defname>
        </param>
        <briefdescription>
<para>Set the font size for this text. </para>
        </briefdescription>
        <detaileddescription>
<para><parameterlist kind="param"><parameteritem>
<parameternamelist>
<parametername>size</parametername>
</parameternamelist>
<parameterdescription>
<para>New font size.</para>
</parameterdescription>
</parameteritem>
</parameterlist>
I might change how font size scales later on, it doesn&apos;t seem to be accurate based on pixels when using GDI/DirectX. </para>
        </detaileddescription>
        <inbodydescription>
        </inbodydescription>
        <location file="TinyLib/Graphics/Text.h" line="16" column="14" bodyfile="TinyLib/Graphics/Text.cpp" bodystart="62" bodyend="65"/>
      </memberdef>
    </sectiondef>
    <briefdescription>
    </briefdescription>
    <detaileddescription>
    </detaileddescription>
    <inheritancegraph>
      <node id="2">
        <label>tl::Drawable</label>
        <link refid="classtl_1_1_drawable"/>
      </node>
      <node id="1">
        <label>tl::Text</label>
        <link refid="classtl_1_1_text"/>
        <childnode refid="2" relation="public-inheritance">
        </childnode>
      </node>
    </inheritancegraph>
    <collaborationgraph>
      <node id="2">
        <label>tl::Drawable</label>
        <link refid="classtl_1_1_drawable"/>
      </node>
      <node id="1">
        <label>tl::Text</label>
        <link refid="classtl_1_1_text"/>
        <childnode refid="2" relation="public-inheritance">
        </childnode>
      </node>
    </collaborationgraph>
    <location file="TinyLib/Graphics/Text.h" line="8" column="5" bodyfile="TinyLib/Graphics/Text.h" bodystart="9" bodyend="20"/>
    <listofallmembers>
      <member refid="classtl_1_1_drawable_1a2c5bec3ff2fde9d0316571f2ae374515" prot="protected" virt="non-virtual"><scope>tl::Text</scope><name>a</name></member>
      <member refid="classtl_1_1_drawable_1aec88d5f58549c9dedf31f09e684f4ff1" prot="protected" virt="non-virtual"><scope>tl::Text</scope><name>b</name></member>
      <member refid="classtl_1_1_drawable_1a30ea7ef3cbe247eab261d2cda94dd09f" prot="public" virt="non-virtual"><scope>tl::Text</scope><name>Drawable</name></member>
      <member refid="classtl_1_1_drawable_1a4d46800e890cd5d5a62b500fe9c982f1" prot="protected" virt="non-virtual"><scope>tl::Text</scope><name>g</name></member>
      <member refid="classtl_1_1_drawable_1acf6f9bbe46b4badaa8d4949a93c818ba" prot="public" virt="non-virtual"><scope>tl::Text</scope><name>getColor</name></member>
      <member refid="classtl_1_1_drawable_1ae72500b4134b8187966650dcfc07b27f" prot="public" virt="non-virtual"><scope>tl::Text</scope><name>getPosition</name></member>
      <member refid="classtl_1_1_drawable_1a09bca9a11e2fc75ad5298f5bf0c6399f" prot="public" virt="non-virtual"><scope>tl::Text</scope><name>getSize</name></member>
      <member refid="classtl_1_1_text_1a342716a8b9b9f950fed58d3e73eb1035" prot="public" virt="non-virtual"><scope>tl::Text</scope><name>getString</name></member>
      <member refid="classtl_1_1_drawable_1ae17a89d83f64f26e01cb5b1371a110c5" prot="public" virt="non-virtual"><scope>tl::Text</scope><name>intersects</name></member>
      <member refid="classtl_1_1_drawable_1afd87e8323f304ae6dacb8f06057a3963" prot="public" virt="non-virtual"><scope>tl::Text</scope><name>intersects</name></member>
      <member refid="classtl_1_1_drawable_1ad680b7ea9995f1c20873d964e8748293" prot="public" virt="non-virtual"><scope>tl::Text</scope><name>move</name></member>
      <member refid="classtl_1_1_drawable_1a005875cab6106fa1c8983884ee3a7072" prot="protected" virt="non-virtual"><scope>tl::Text</scope><name>posX</name></member>
      <member refid="classtl_1_1_drawable_1adc938c28638d39be3c53207ee625611d" prot="protected" virt="non-virtual"><scope>tl::Text</scope><name>posY</name></member>
      <member refid="classtl_1_1_drawable_1a848cc01cc9b0ff02528e3c287bcda9ad" prot="protected" virt="non-virtual"><scope>tl::Text</scope><name>r</name></member>
      <member refid="classtl_1_1_drawable_1ae4bea63524c914d624fe1c9f0ef4edd2" prot="public" virt="non-virtual"><scope>tl::Text</scope><name>setColor</name></member>
      <member refid="classtl_1_1_text_1af448df96815b0aa650eec8a2cf5bcc0d" prot="public" virt="non-virtual"><scope>tl::Text</scope><name>setFontSize</name></member>
      <member refid="classtl_1_1_drawable_1aaca2b652b94ac8c14c5e173d15595958" prot="public" virt="non-virtual"><scope>tl::Text</scope><name>setPosition</name></member>
      <member refid="classtl_1_1_drawable_1a0bc453f3511224e52e15576ea835873b" prot="public" virt="non-virtual"><scope>tl::Text</scope><name>setSize</name></member>
      <member refid="classtl_1_1_text_1a32191037254d9cf575cb9677be4536ae" prot="public" virt="non-virtual"><scope>tl::Text</scope><name>setString</name></member>
      <member refid="classtl_1_1_drawable_1a06d58589b24ff1ba0d8a0c776a3a0eeb" prot="protected" virt="non-virtual"><scope>tl::Text</scope><name>sizeX</name></member>
      <member refid="classtl_1_1_drawable_1ad9f165dbfcfff7a16d8e9e3862838675" prot="protected" virt="non-virtual"><scope>tl::Text</scope><name>sizeY</name></member>
      <member refid="classtl_1_1_text_1ac0cae09caa60937570e05de07196c23c" prot="private" virt="non-virtual"><scope>tl::Text</scope><name>string</name></member>
      <member refid="classtl_1_1_text_1aead89526f1134efdbb683662d503ecce" prot="public" virt="non-virtual"><scope>tl::Text</scope><name>Text</name></member>
      <member refid="classtl_1_1_drawable_1a2f8eb9b1fdb74f27a08659d19c58dffa" prot="public" virt="non-virtual"><scope>tl::Text</scope><name>~Drawable</name></member>
      <member refid="classtl_1_1_text_1a12cfa88d0cea89d2e553d8cbde046f41" prot="public" virt="non-virtual"><scope>tl::Text</scope><name>~Text</name></member>
    </listofallmembers>
  </compounddef>
</doxygen>
