<?xml version='1.0' encoding='UTF-8' standalone='no'?>
<doxygen xmlns:xsi="http://www.w3.org/2001/XMLSchema-instance" xsi:noNamespaceSchemaLocation="compound.xsd" version="1.12.0" xml:lang="en-US">
  <compounddef id="classtl_1_1_mouse" kind="class" language="C++" prot="public">
    <compoundname>tl::Mouse</compoundname>
    <includes refid="_mouse_8h" local="no">Mouse.h</includes>
    <sectiondef kind="public-type">
      <memberdef kind="enum" id="classtl_1_1_mouse_1a877221c88693de70b3642f63d341596d" prot="public" static="no" strong="no">
        <type></type>
        <name></name>
        <qualifiedname>tl::Mouse</qualifiedname>
        <enumvalue id="classtl_1_1_mouse_1a877221c88693de70b3642f63d341596da23824b19a887d01b845bf8a8c5dd560d" prot="public">
          <name>Left</name>
          <initializer>= VK_LBUTTON</initializer>
          <briefdescription>
          </briefdescription>
          <detaileddescription>
          </detaileddescription>
        </enumvalue>
        <enumvalue id="classtl_1_1_mouse_1a877221c88693de70b3642f63d341596da5a066c49508975d1b13fb28dbbecf7ca" prot="public">
          <name>Right</name>
          <initializer>= VK_RBUTTON</initializer>
          <briefdescription>
          </briefdescription>
          <detaileddescription>
          </detaileddescription>
        </enumvalue>
        <enumvalue id="classtl_1_1_mouse_1a877221c88693de70b3642f63d341596dab194fa310a596d66c184b5c24b108e68" prot="public">
          <name>Middle</name>
          <initializer>= VK_MBUTTON</initializer>
          <briefdescription>
          </briefdescription>
          <detaileddescription>
          </detaileddescription>
        </enumvalue>
        <briefdescription>
        </briefdescription>
        <detaileddescription>
        </detaileddescription>
        <inbodydescription>
        </inbodydescription>
        <location file="TinyLib/System/Mouse.h" line="13" column="9" bodyfile="TinyLib/System/Mouse.h" bodystart="14" bodyend="18"/>
      </memberdef>
    </sectiondef>
    <sectiondef kind="public-static-func">
      <memberdef kind="function" id="classtl_1_1_mouse_1a66ae27d1871cf18a5b4d527fa9e09121" prot="public" static="yes" const="no" explicit="no" inline="no" virt="non-virtual">
        <type><ref refid="namespacetl_1a4c8bdcbc2193d28b2c445bc8e895d6cd" kindref="member">bit</ref></type>
        <definition>bit tl::Mouse::isHeld</definition>
        <argsstring>(u8)</argsstring>
        <name>isHeld</name>
        <qualifiedname>tl::Mouse::isHeld</qualifiedname>
        <param>
          <type><ref refid="namespacetl_1a7d0bc20d8f81c8896790b9438e88bfb9" kindref="member">u8</ref></type>
          <defname>button</defname>
        </param>
        <briefdescription>
<para>Check if a mouse button is currently down. </para>
        </briefdescription>
        <detaileddescription>
<para><parameterlist kind="param"><parameteritem>
<parameternamelist>
<parametername>button</parametername>
</parameternamelist>
<parameterdescription>
<para>Which mouse button to check. </para>
</parameterdescription>
</parameteritem>
</parameterlist>
<simplesect kind="return"><para>True if that mouse button is down.</para>
</simplesect>
<ref refid="classtl_1_1_mouse" kindref="compound">tl::Mouse</ref> has an enum for different mouse buttons. </para>
        </detaileddescription>
        <inbodydescription>
        </inbodydescription>
        <location file="TinyLib/System/Mouse.h" line="20" column="20" bodyfile="TinyLib/System/Mouse.cpp" bodystart="11" bodyend="14"/>
      </memberdef>
      <memberdef kind="function" id="classtl_1_1_mouse_1a0414734ff08c547927abbcfd7f0a55e5" prot="public" static="yes" const="no" explicit="no" inline="no" virt="non-virtual">
        <type><ref refid="structtl_1_1_vec2i" kindref="compound">Vec2i</ref></type>
        <definition>Vec2i tl::Mouse::getPosition</definition>
        <argsstring>()</argsstring>
        <name>getPosition</name>
        <qualifiedname>tl::Mouse::getPosition</qualifiedname>
        <briefdescription>
<para>Get current position of the mouse cursor. </para>
        </briefdescription>
        <detaileddescription>
<para><simplesect kind="return"><para>X-position, Y-position. </para>
</simplesect>
</para>
        </detaileddescription>
        <inbodydescription>
        </inbodydescription>
        <location file="TinyLib/System/Mouse.h" line="21" column="22" bodyfile="TinyLib/System/Mouse.cpp" bodystart="19" bodyend="28"/>
      </memberdef>
      <memberdef kind="function" id="classtl_1_1_mouse_1a53c02c329b76bbba0e8977b5ff58a397" prot="public" static="yes" const="no" explicit="no" inline="no" virt="non-virtual">
        <type><ref refid="namespacetl_1a4c8bdcbc2193d28b2c445bc8e895d6cd" kindref="member">bit</ref></type>
        <definition>bit tl::Mouse::intersects</definition>
        <argsstring>(Drawable &amp;)</argsstring>
        <name>intersects</name>
        <qualifiedname>tl::Mouse::intersects</qualifiedname>
        <param>
          <type><ref refid="classtl_1_1_drawable" kindref="compound">Drawable</ref> &amp;</type>
          <defname>other</defname>
        </param>
        <briefdescription>
<para>Check if the mouse cursor is inside a drawable object. </para>
        </briefdescription>
        <detaileddescription>
<para><parameterlist kind="param"><parameteritem>
<parameternamelist>
<parametername>other</parametername>
</parameternamelist>
<parameterdescription>
<para><ref refid="classtl_1_1_drawable" kindref="compound">Drawable</ref> to check. </para>
</parameterdescription>
</parameteritem>
</parameterlist>
<simplesect kind="return"><para>True if the mouse cursor is pointed at the parameter. </para>
</simplesect>
</para>
        </detaileddescription>
        <inbodydescription>
        </inbodydescription>
        <location file="TinyLib/System/Mouse.h" line="22" column="20" bodyfile="TinyLib/System/Mouse.cpp" bodystart="34" bodyend="44"/>
      </memberdef>
    </sectiondef>
    <briefdescription>
    </briefdescription>
    <detaileddescription>
    </detaileddescription>
    <location file="TinyLib/System/Mouse.h" line="9" column="5" bodyfile="TinyLib/System/Mouse.h" bodystart="10" bodyend="23"/>
    <listofallmembers>
      <member refid="classtl_1_1_mouse_1a0414734ff08c547927abbcfd7f0a55e5" prot="public" virt="non-virtual"><scope>tl::Mouse</scope><name>getPosition</name></member>
      <member refid="classtl_1_1_mouse_1a53c02c329b76bbba0e8977b5ff58a397" prot="public" virt="non-virtual"><scope>tl::Mouse</scope><name>intersects</name></member>
      <member refid="classtl_1_1_mouse_1a66ae27d1871cf18a5b4d527fa9e09121" prot="public" virt="non-virtual"><scope>tl::Mouse</scope><name>isHeld</name></member>
      <member refid="classtl_1_1_mouse_1a877221c88693de70b3642f63d341596da23824b19a887d01b845bf8a8c5dd560d" prot="public" virt="non-virtual"><scope>tl::Mouse</scope><name>Left</name></member>
      <member refid="classtl_1_1_mouse_1a877221c88693de70b3642f63d341596dab194fa310a596d66c184b5c24b108e68" prot="public" virt="non-virtual"><scope>tl::Mouse</scope><name>Middle</name></member>
      <member refid="classtl_1_1_mouse_1a877221c88693de70b3642f63d341596da5a066c49508975d1b13fb28dbbecf7ca" prot="public" virt="non-virtual"><scope>tl::Mouse</scope><name>Right</name></member>
    </listofallmembers>
  </compounddef>
</doxygen>
