<?xml version='1.0' encoding='UTF-8' standalone='no'?>
<doxygen xmlns:xsi="http://www.w3.org/2001/XMLSchema-instance" xsi:noNamespaceSchemaLocation="compound.xsd" version="1.12.0" xml:lang="en-US">
  <compounddef id="classtl_1_1_rectangle" kind="class" language="C++" prot="public">
    <compoundname>tl::Rectangle</compoundname>
    <basecompoundref refid="classtl_1_1_drawable" prot="public" virt="non-virtual">tl::Drawable</basecompoundref>
    <includes refid="_rectangle_8h" local="no">Rectangle.h</includes>
    <sectiondef kind="public-func">
      <memberdef kind="function" id="classtl_1_1_rectangle_1a6d3da05eade9abd326dd2834da1e2c47" prot="public" static="no" const="no" explicit="no" inline="no" virt="non-virtual">
        <type></type>
        <definition>tl::Rectangle::Rectangle</definition>
        <argsstring>(Vec4i bounds={0, 0, 0, 0})</argsstring>
        <name>Rectangle</name>
        <qualifiedname>tl::Rectangle::Rectangle</qualifiedname>
        <param>
          <type><ref refid="structtl_1_1_vec4i" kindref="compound">Vec4i</ref></type>
          <declname>bounds</declname>
          <defval>{0, 0, 0, 0}</defval>
        </param>
        <briefdescription>
<para>Creates a new rectangle with drawable constructor. </para>
        </briefdescription>
        <detaileddescription>
<para><parameterlist kind="param"><parameteritem>
<parameternamelist>
<parametername>bounds</parametername>
</parameternamelist>
<parameterdescription>
<para>Boundaries of this rectangle, (width, height, left, top). </para>
</parameterdescription>
</parameteritem>
</parameterlist>
</para>
        </detaileddescription>
        <inbodydescription>
        </inbodydescription>
        <location file="TinyLib/Graphics/Rectangle.h" line="13" column="7" bodyfile="TinyLib/Graphics/Rectangle.cpp" bodystart="8" bodyend="12"/>
      </memberdef>
      <memberdef kind="function" id="classtl_1_1_rectangle_1a08933cdce31f6b38b206007564474354" prot="public" static="no" const="no" explicit="no" inline="no" virt="non-virtual">
        <type></type>
        <definition>tl::Rectangle::~Rectangle</definition>
        <argsstring>()</argsstring>
        <name>~Rectangle</name>
        <qualifiedname>tl::Rectangle::~Rectangle</qualifiedname>
        <briefdescription>
<para>Nothing to clean up for now. </para>
        </briefdescription>
        <detaileddescription>
        </detaileddescription>
        <inbodydescription>
        </inbodydescription>
        <location file="TinyLib/Graphics/Rectangle.h" line="14" column="7" bodyfile="TinyLib/Graphics/Rectangle.cpp" bodystart="16" bodyend="19"/>
      </memberdef>
    </sectiondef>
    <briefdescription>
    </briefdescription>
    <detaileddescription>
    </detaileddescription>
    <inheritancegraph>
      <node id="2">
        <label>tl::Drawable</label>
        <link refid="classtl_1_1_drawable"/>
      </node>
      <node id="1">
        <label>tl::Rectangle</label>
        <link refid="classtl_1_1_rectangle"/>
        <childnode refid="2" relation="public-inheritance">
        </childnode>
      </node>
    </inheritancegraph>
    <collaborationgraph>
      <node id="2">
        <label>tl::Drawable</label>
        <link refid="classtl_1_1_drawable"/>
      </node>
      <node id="1">
        <label>tl::Rectangle</label>
        <link refid="classtl_1_1_rectangle"/>
        <childnode refid="2" relation="public-inheritance">
        </childnode>
      </node>
    </collaborationgraph>
    <location file="TinyLib/Graphics/Rectangle.h" line="10" column="3" bodyfile="TinyLib/Graphics/Rectangle.h" bodystart="11" bodyend="15"/>
    <listofallmembers>
      <member refid="classtl_1_1_drawable_1a2c5bec3ff2fde9d0316571f2ae374515" prot="protected" virt="non-virtual"><scope>tl::Rectangle</scope><name>a</name></member>
      <member refid="classtl_1_1_drawable_1aec88d5f58549c9dedf31f09e684f4ff1" prot="protected" virt="non-virtual"><scope>tl::Rectangle</scope><name>b</name></member>
      <member refid="classtl_1_1_drawable_1a30ea7ef3cbe247eab261d2cda94dd09f" prot="public" virt="non-virtual"><scope>tl::Rectangle</scope><name>Drawable</name></member>
      <member refid="classtl_1_1_drawable_1a4d46800e890cd5d5a62b500fe9c982f1" prot="protected" virt="non-virtual"><scope>tl::Rectangle</scope><name>g</name></member>
      <member refid="classtl_1_1_drawable_1acf6f9bbe46b4badaa8d4949a93c818ba" prot="public" virt="non-virtual"><scope>tl::Rectangle</scope><name>getColor</name></member>
      <member refid="classtl_1_1_drawable_1ae72500b4134b8187966650dcfc07b27f" prot="public" virt="non-virtual"><scope>tl::Rectangle</scope><name>getPosition</name></member>
      <member refid="classtl_1_1_drawable_1a09bca9a11e2fc75ad5298f5bf0c6399f" prot="public" virt="non-virtual"><scope>tl::Rectangle</scope><name>getSize</name></member>
      <member refid="classtl_1_1_drawable_1ae17a89d83f64f26e01cb5b1371a110c5" prot="public" virt="non-virtual"><scope>tl::Rectangle</scope><name>intersects</name></member>
      <member refid="classtl_1_1_drawable_1afd87e8323f304ae6dacb8f06057a3963" prot="public" virt="non-virtual"><scope>tl::Rectangle</scope><name>intersects</name></member>
      <member refid="classtl_1_1_drawable_1ad680b7ea9995f1c20873d964e8748293" prot="public" virt="non-virtual"><scope>tl::Rectangle</scope><name>move</name></member>
      <member refid="classtl_1_1_drawable_1a005875cab6106fa1c8983884ee3a7072" prot="protected" virt="non-virtual"><scope>tl::Rectangle</scope><name>posX</name></member>
      <member refid="classtl_1_1_drawable_1adc938c28638d39be3c53207ee625611d" prot="protected" virt="non-virtual"><scope>tl::Rectangle</scope><name>posY</name></member>
      <member refid="classtl_1_1_drawable_1a848cc01cc9b0ff02528e3c287bcda9ad" prot="protected" virt="non-virtual"><scope>tl::Rectangle</scope><name>r</name></member>
      <member refid="classtl_1_1_rectangle_1a6d3da05eade9abd326dd2834da1e2c47" prot="public" virt="non-virtual"><scope>tl::Rectangle</scope><name>Rectangle</name></member>
      <member refid="classtl_1_1_drawable_1ae4bea63524c914d624fe1c9f0ef4edd2" prot="public" virt="non-virtual"><scope>tl::Rectangle</scope><name>setColor</name></member>
      <member refid="classtl_1_1_drawable_1aaca2b652b94ac8c14c5e173d15595958" prot="public" virt="non-virtual"><scope>tl::Rectangle</scope><name>setPosition</name></member>
      <member refid="classtl_1_1_drawable_1a0bc453f3511224e52e15576ea835873b" prot="public" virt="non-virtual"><scope>tl::Rectangle</scope><name>setSize</name></member>
      <member refid="classtl_1_1_drawable_1a06d58589b24ff1ba0d8a0c776a3a0eeb" prot="protected" virt="non-virtual"><scope>tl::Rectangle</scope><name>sizeX</name></member>
      <member refid="classtl_1_1_drawable_1ad9f165dbfcfff7a16d8e9e3862838675" prot="protected" virt="non-virtual"><scope>tl::Rectangle</scope><name>sizeY</name></member>
      <member refid="classtl_1_1_drawable_1a2f8eb9b1fdb74f27a08659d19c58dffa" prot="public" virt="non-virtual"><scope>tl::Rectangle</scope><name>~Drawable</name></member>
      <member refid="classtl_1_1_rectangle_1a08933cdce31f6b38b206007564474354" prot="public" virt="non-virtual"><scope>tl::Rectangle</scope><name>~Rectangle</name></member>
    </listofallmembers>
  </compounddef>
</doxygen>
