<?xml version='1.0' encoding='UTF-8' standalone='no'?>
<doxygen xmlns:xsi="http://www.w3.org/2001/XMLSchema-instance" xsi:noNamespaceSchemaLocation="compound.xsd" version="1.12.0" xml:lang="en-US">
  <compounddef id="dir_a5c62c1f23eb087e4b88afb25fe12615" kind="dir">
    <compoundname>TinyLib/Graphics</compoundname>
    <innerfile refid="_drawable_8cpp">Drawable.cpp</innerfile>
    <innerfile refid="_drawable_8h">Drawable.h</innerfile>
    <innerfile refid="_graphics_category_8h">GraphicsCategory.h</innerfile>
    <innerfile refid="_rectangle_8cpp">Rectangle.cpp</innerfile>
    <innerfile refid="_rectangle_8h">Rectangle.h</innerfile>
    <innerfile refid="_text_8cpp">Text.cpp</innerfile>
    <innerfile refid="_text_8h">Text.h</innerfile>
    <innerfile refid="_window_8cpp">Window.cpp</innerfile>
    <innerfile refid="_window_8h">Window.h</innerfile>
    <briefdescription>
    </briefdescription>
    <detaileddescription>
    </detaileddescription>
    <location file="TinyLib/Graphics/"/>
  </compounddef>
</doxygen>
