<?xml version='1.0' encoding='UTF-8' standalone='no'?>
<doxygen xmlns:xsi="http://www.w3.org/2001/XMLSchema-instance" xsi:noNamespaceSchemaLocation="compound.xsd" version="1.12.0" xml:lang="en-US">
  <compounddef id="dir_501dc578ed3dcf4e7b46c08c3f8bf7ed" kind="dir">
    <compoundname>TinyLib/Base/Win</compoundname>
    <innerfile refid="_win_a_p_i_8h">WinAPI.h</innerfile>
    <briefdescription>
    </briefdescription>
    <detaileddescription>
    </detaileddescription>
    <location file="TinyLib/Base/Win/"/>
  </compounddef>
</doxygen>
