<?xml version='1.0' encoding='UTF-8' standalone='no'?>
<doxygen xmlns:xsi="http://www.w3.org/2001/XMLSchema-instance" xsi:noNamespaceSchemaLocation="compound.xsd" version="1.12.0" xml:lang="en-US">
  <compounddef id="dir_216e93b49eb56a33e05d07a6099ccd0f" kind="dir">
    <compoundname>TinyLib/System</compoundname>
    <innerfile refid="_file_8cpp">File.cpp</innerfile>
    <innerfile refid="_file_8h">File.h</innerfile>
    <innerfile refid="_key_8cpp">Key.cpp</innerfile>
    <innerfile refid="_key_8h">Key.h</innerfile>
    <innerfile refid="_mouse_8cpp">Mouse.cpp</innerfile>
    <innerfile refid="_mouse_8h">Mouse.h</innerfile>
    <innerfile refid="_system_category_8h">SystemCategory.h</innerfile>
    <briefdescription>
    </briefdescription>
    <detaileddescription>
    </detaileddescription>
    <location file="TinyLib/System/"/>
  </compounddef>
</doxygen>
