<?xml version='1.0' encoding='UTF-8' standalone='no'?>
<doxygen xmlns:xsi="http://www.w3.org/2001/XMLSchema-instance" xsi:noNamespaceSchemaLocation="compound.xsd" version="1.12.0" xml:lang="en-US">
  <compounddef id="dir_28b92148d644b50efd4463f16a6f2645" kind="dir">
    <compoundname>TinyLib</compoundname>
    <innerdir refid="dir_5591fab9144961baab07d2b3df2fbfba">TinyLib/Base</innerdir>
    <innerdir refid="dir_aff9cf94a93c36559545baa5bef5ce6f">TinyLib/Console</innerdir>
    <innerdir refid="dir_a5c62c1f23eb087e4b88afb25fe12615">TinyLib/Graphics</innerdir>
    <innerdir refid="dir_216e93b49eb56a33e05d07a6099ccd0f">TinyLib/System</innerdir>
    <innerfile refid="_tiny_lib_8h">TinyLib.h</innerfile>
    <briefdescription>
    </briefdescription>
    <detaileddescription>
    </detaileddescription>
    <location file="TinyLib/"/>
  </compounddef>
</doxygen>
