<?xml version='1.0' encoding='UTF-8' standalone='no'?>
<doxygen xmlns:xsi="http://www.w3.org/2001/XMLSchema-instance" xsi:noNamespaceSchemaLocation="compound.xsd" version="1.12.0" xml:lang="en-US">
  <compounddef id="dir_aff9cf94a93c36559545baa5bef5ce6f" kind="dir">
    <compoundname>TinyLib/Console</compoundname>
    <innerfile refid="_console_8cpp">Console.cpp</innerfile>
    <innerfile refid="_console_8h">Console.h</innerfile>
    <innerfile refid="_console_category_8h">ConsoleCategory.h</innerfile>
    <briefdescription>
    </briefdescription>
    <detaileddescription>
    </detaileddescription>
    <location file="TinyLib/Console/"/>
  </compounddef>
</doxygen>
