<?xml version='1.0' encoding='UTF-8' standalone='no'?>
<doxygen xmlns:xsi="http://www.w3.org/2001/XMLSchema-instance" xsi:noNamespaceSchemaLocation="compound.xsd" version="1.12.0" xml:lang="en-US">
  <compounddef id="dir_5591fab9144961baab07d2b3df2fbfba" kind="dir">
    <compoundname>TinyLib/Base</compoundname>
    <innerdir refid="dir_501dc578ed3dcf4e7b46c08c3f8bf7ed">TinyLib/Base/Win</innerdir>
    <innerfile refid="_base_category_8h">BaseCategory.h</innerfile>
    <innerfile refid="_memory_8cpp">Memory.cpp</innerfile>
    <innerfile refid="_memory_8h">Memory.h</innerfile>
    <innerfile refid="_time_8cpp">Time.cpp</innerfile>
    <innerfile refid="_time_8h">Time.h</innerfile>
    <innerfile refid="_types_8h">Types.h</innerfile>
    <innerfile refid="_util_8h">Util.h</innerfile>
    <innerfile refid="_vector_8h">Vector.h</innerfile>
    <briefdescription>
    </briefdescription>
    <detaileddescription>
    </detaileddescription>
    <location file="TinyLib/Base/"/>
  </compounddef>
</doxygen>
